ISO-10303-21;
HEADER;
FILE_DESCRIPTION (( 'STEP AP214' ),
    '1' );
FILE_NAME ('LEVEL_4_V3_FRONT.STEP',
    '2025-08-28T02:26:00',
    ( '' ),
    ( '' ),
    'SwSTEP 2.0',
    'SolidWorks 2021',
    '' );
FILE_SCHEMA (( 'AUTOMOTIVE_DESIGN' ));
ENDSEC;

DATA;
#1 = CARTESIAN_POINT ( 'NONE',  ( 86.00000000000001421, -36.99999999999998579, 109.9999999999999858 ) ) ;
#2 = CARTESIAN_POINT ( 'NONE',  ( -33.99999999999997158, -5.999999999999998224, 105.9999999999999858 ) ) ;
#3 = ORIENTED_EDGE ( 'NONE', *, *, #2098, .F. ) ;
#4 = DIRECTION ( 'NONE',  ( 0.000000000000000000, 0.000000000000000000, -1.000000000000000000 ) ) ;
#5 = VERTEX_POINT ( 'NONE', #3746 ) ;
#6 = CARTESIAN_POINT ( 'NONE',  ( 110.0000000000000142, -5.000000000000000000, 105.0000000000000000 ) ) ;
#7 = CARTESIAN_POINT ( 'NONE',  ( 106.9973413975168341, -54.47574282784361088, 104.1375458702922430 ) ) ;
#8 = DIRECTION ( 'NONE',  ( 0.000000000000000000, 0.000000000000000000, -1.000000000000000000 ) ) ;
#9 = ORIENTED_EDGE ( 'NONE', *, *, #3898, .F. ) ;
#10 = ORIENTED_EDGE ( 'NONE', *, *, #2506, .F. ) ;
#11 = LINE ( 'NONE', #4328, #184 ) ;
#12 = CARTESIAN_POINT ( 'NONE',  ( -29.99999999999998934, -30.00000000000000000, 106.0000000000003126 ) ) ;
#13 = ADVANCED_FACE ( 'NONE', ( #4578 ), #126, .F. ) ;
#14 = FACE_BOUND ( 'NONE', #1097, .T. ) ;
#15 = ORIENTED_EDGE ( 'NONE', *, *, #3403, .F. ) ;
#16 = CIRCLE ( 'NONE', #4414, 2.500000000000002220 ) ;
#17 = VERTEX_POINT ( 'NONE', #723 ) ;
#18 = EDGE_CURVE ( 'NONE', #4505, #17, #1720, .T. ) ;
#19 = DIRECTION ( 'NONE',  ( 0.000000000000000000, 0.000000000000000000, -1.000000000000000000 ) ) ;
#20 = CARTESIAN_POINT ( 'NONE',  ( -34.99999999999998579, -68.99999999999998579, 99.99999999999998579 ) ) ;
#21 = EDGE_CURVE ( 'NONE', #2333, #130, #785, .T. ) ;
#22 = DIRECTION ( 'NONE',  ( -0.000000000000000000, -0.000000000000000000, 1.000000000000000000 ) ) ;
#23 = AXIS2_PLACEMENT_3D ( 'NONE', #4234, #1457, #1108 ) ;
#24 = ADVANCED_FACE ( 'NONE', ( #4305 ), #3185, .F. ) ;
#25 = CARTESIAN_POINT ( 'NONE',  ( 17.50000000000003553, -11.99999999999999645, 109.9999999999999858 ) ) ;
#26 = DIRECTION ( 'NONE',  ( -1.000000000000000000, 0.000000000000000000, 0.000000000000000000 ) ) ;
#27 = ORIENTED_EDGE ( 'NONE', *, *, #3240, .T. ) ;
#28 = CARTESIAN_POINT ( 'NONE',  ( 80.50000000000004263, -62.00000000000000000, 99.99999999999998579 ) ) ;
#29 = CARTESIAN_POINT ( 'NONE',  ( -32.49999999999997158, -11.99999999999999645, 109.9999999999999858 ) ) ;
#30 = CARTESIAN_POINT ( 'NONE',  ( 106.4048958740677762, -65.61691430280136217, 105.7965305847017845 ) ) ;
#31 = VECTOR ( 'NONE', #4042, 1000.000000000000000 ) ;
#32 = CYLINDRICAL_SURFACE ( 'NONE', #2361, 2.499999999999998668 ) ;
#33 = ORIENTED_EDGE ( 'NONE', *, *, #2326, .T. ) ;
#34 = ORIENTED_EDGE ( 'NONE', *, *, #251, .T. ) ;
#35 = AXIS2_PLACEMENT_3D ( 'NONE', #282, #1681, #1653 ) ;
#36 = AXIS2_PLACEMENT_3D ( 'NONE', #1519, #1176, #1223 ) ;
#37 = CARTESIAN_POINT ( 'NONE',  ( 30.50000000000004263, -62.00000000000000000, 109.9999999999999858 ) ) ;
#38 = CIRCLE ( 'NONE', #715, 3.000000000000002665 ) ;
#39 = DIRECTION ( 'NONE',  ( -1.000000000000000000, 1.807003620809174262E-17, -0.000000000000000000 ) ) ;
#40 = CARTESIAN_POINT ( 'NONE',  ( -36.99999999999998579, -55.00000000000000000, 105.0000000000003268 ) ) ;
#41 = EDGE_LOOP ( 'NONE', ( #375, #2611, #4481, #4003, #3075, #4420, #3782, #3362 ) ) ;
#42 = ORIENTED_EDGE ( 'NONE', *, *, #2813, .F. ) ;
#43 = DIRECTION ( 'NONE',  ( 0.000000000000000000, -0.000000000000000000, 1.000000000000000000 ) ) ;
#44 = CARTESIAN_POINT ( 'NONE',  ( 100.1359528387173015, -3.763932022500230623, 106.0000000000000142 ) ) ;
#45 = EDGE_CURVE ( 'NONE', #1144, #416, #2321, .T. ) ;
#46 = ADVANCED_FACE ( 'NONE', ( #1413 ), #2883, .F. ) ;
#47 = CARTESIAN_POINT ( 'NONE',  ( 65.00000000000001421, -68.99999999999998579, 105.0000000000000000 ) ) ;
#48 = AXIS2_PLACEMENT_3D ( 'NONE', #2872, #312, #1424 ) ;
#49 = CARTESIAN_POINT ( 'NONE',  ( -36.99999999999997868, -5.999999999999998224, 106.9999999999999858 ) ) ;
#50 = VERTEX_POINT ( 'NONE', #37 ) ;
#51 = EDGE_CURVE ( 'NONE', #484, #400, #1070, .T. ) ;
#52 = CARTESIAN_POINT ( 'NONE',  ( -34.99999999999998579, -68.99999999999998579, 105.9999999999999858 ) ) ;
#53 = DIRECTION ( 'NONE',  ( 1.000000000000000000, 0.000000000000000000, 0.000000000000000000 ) ) ;
#54 = CARTESIAN_POINT ( 'NONE',  ( -39.99999999999999289, -40.00000000000000000, 105.0000000000003411 ) ) ;
#55 = ORIENTED_EDGE ( 'NONE', *, *, #3324, .F. ) ;
#56 = EDGE_LOOP ( 'NONE', ( #4177, #1068, #4598, #1112 ) ) ;
#57 = VERTEX_POINT ( 'NONE', #1462 ) ;
#58 = CARTESIAN_POINT ( 'NONE',  ( 5.000000000000018652, -72.00000000000000000, 105.0000000000000000 ) ) ;
#59 = CARTESIAN_POINT ( 'NONE',  ( 85.50000000000004263, -62.00000000000000000, 109.9999999999999858 ) ) ;
#60 = VERTEX_POINT ( 'NONE', #3957 ) ;
#61 = ORIENTED_EDGE ( 'NONE', *, *, #3952, .F. ) ;
#62 = LINE ( 'NONE', #2582, #621 ) ;
#63 = CARTESIAN_POINT ( 'NONE',  ( 107.0000000000000142, -66.99999999999998579, 99.99999999999998579 ) ) ;
#64 = DIRECTION ( 'NONE',  ( 1.000000000000000000, 0.000000000000000000, -0.000000000000000000 ) ) ;
#65 = DIRECTION ( 'NONE',  ( 0.000000000000000000, 0.000000000000000000, 1.000000000000000000 ) ) ;
#66 = ORIENTED_EDGE ( 'NONE', *, *, #743, .F. ) ;
#67 = EDGE_CURVE ( 'NONE', #1236, #1286, #2564, .T. ) ;
#68 = EDGE_CURVE ( 'NONE', #3250, #2626, #3975, .T. ) ;
#69 = EDGE_CURVE ( 'NONE', #1350, #2333, #3602, .T. ) ;
#70 = DIRECTION ( 'NONE',  ( -1.000000000000000000, 0.000000000000000000, -0.000000000000000000 ) ) ;
#71 = CARTESIAN_POINT ( 'NONE',  ( 33.00000000000004263, -62.00000000000000000, 109.9999999999999858 ) ) ;
#72 = LINE ( 'NONE', #1829, #3016 ) ;
#73 = EDGE_CURVE ( 'NONE', #96, #2899, #2488, .T. ) ;
#74 = ORIENTED_EDGE ( 'NONE', *, *, #4189, .F. ) ;
#75 = EDGE_LOOP ( 'NONE', ( #4297, #3368, #2004, #2679 ) ) ;
#76 = AXIS2_PLACEMENT_3D ( 'NONE', #516, #2911, #1935 ) ;
#77 = DIRECTION ( 'NONE',  ( 0.000000000000000000, 0.000000000000000000, -1.000000000000000000 ) ) ;
#78 = CARTESIAN_POINT ( 'NONE',  ( 25.50000000000002132, -1.927470528863119049E-16, 99.99999999999998579 ) ) ;
#79 = LINE ( 'NONE', #1437, #2497 ) ;
#80 = ORIENTED_EDGE ( 'NONE', *, *, #3690, .T. ) ;
#81 = VERTEX_POINT ( 'NONE', #1768 ) ;
#82 = CARTESIAN_POINT ( 'NONE',  ( 30.50000000000002487, -4.000000000000001776, 105.9999999999999858 ) ) ;
#83 = DIRECTION ( 'NONE',  ( -1.000000000000000000, 0.000000000000000000, 0.000000000000000000 ) ) ;
#84 = VERTEX_POINT ( 'NONE', #1832 ) ;
#85 = DIRECTION ( 'NONE',  ( 0.000000000000000000, 0.000000000000000000, -1.000000000000000000 ) ) ;
#86 = LINE ( 'NONE', #1245, #3170 ) ;
#87 = ORIENTED_EDGE ( 'NONE', *, *, #4160, .F. ) ;
#88 = EDGE_CURVE ( 'NONE', #140, #3067, #11, .T. ) ;
#89 = FACE_OUTER_BOUND ( 'NONE', #1606, .T. ) ;
#90 = DIRECTION ( 'NONE',  ( 0.000000000000000000, 0.000000000000000000, -1.000000000000000000 ) ) ;
#91 = CARTESIAN_POINT ( 'NONE',  ( 106.2360679774997720, -15.13595283871732278, 106.0000000000000142 ) ) ;
#92 = CARTESIAN_POINT ( 'NONE',  ( 65.00000000000001421, -10.00000000000000000, 104.0000000000000000 ) ) ;
#93 = CIRCLE ( 'NONE', #3601, 3.000000000000002665 ) ;
#94 = EDGE_CURVE ( 'NONE', #1784, #1036, #942, .T. ) ;
#95 = VERTEX_POINT ( 'NONE', #745 ) ;
#96 = VERTEX_POINT ( 'NONE', #2857 ) ;
#97 = CIRCLE ( 'NONE', #2118, 1.000000000000000000 ) ;
#98 = EDGE_CURVE ( 'NONE', #2653, #3611, #3629, .T. ) ;
#99 = CARTESIAN_POINT ( 'NONE',  ( 106.9936923020594008, -29.36151076500982171, 104.2185113105283136 ) ) ;
#100 = CARTESIAN_POINT ( 'NONE',  ( -34.99999999999998579, -68.99999999999998579, 99.99999999999998579 ) ) ;
#101 = PRODUCT ( 'LEVEL_4_V3_FRONT', 'LEVEL_4_V3_FRONT', '', ( #3434 ) ) ;
#102 = CARTESIAN_POINT ( 'NONE',  ( 104.0000000000000142, -6.000000000000007994, 106.9999999999999858 ) ) ;
#103 = ADVANCED_FACE ( 'NONE', ( #1740 ), #3159, .F. ) ;
#104 = ORIENTED_EDGE ( 'NONE', *, *, #2548, .T. ) ;
#105 = VERTEX_POINT ( 'NONE', #3888 ) ;
#106 = AXIS2_PLACEMENT_3D ( 'NONE', #2522, #4252, #489 ) ;
#107 = AXIS2_PLACEMENT_3D ( 'NONE', #2057, #1957, #2658 ) ;
#108 = LINE ( 'NONE', #3000, #2229 ) ;
#109 = DIRECTION ( 'NONE',  ( 1.927470528863119049E-16, -1.000000000000000000, 0.000000000000000000 ) ) ;
#110 = CIRCLE ( 'NONE', #185, 1.000000000000000888 ) ;
#111 = CARTESIAN_POINT ( 'NONE',  ( 107.0000000000000142, -66.99999999999998579, 99.99999999999998579 ) ) ;
#112 = AXIS2_PLACEMENT_3D ( 'NONE', #4562, #2089, #3349 ) ;
#113 = ORIENTED_EDGE ( 'NONE', *, *, #1168, .T. ) ;
#114 = DIRECTION ( 'NONE',  ( -0.000000000000000000, -1.000000000000000000, 0.000000000000000000 ) ) ;
#115 = CARTESIAN_POINT ( 'NONE',  ( 105.9049126006693058, -4.010218908687892103, 105.1968985848901781 ) ) ;
#116 = ORIENTED_EDGE ( 'NONE', *, *, #2446, .F. ) ;
#117 = CIRCLE ( 'NONE', #4148, 2.499999999999998668 ) ;
#118 = FACE_BOUND ( 'NONE', #1647, .T. ) ;
#119 = ORIENTED_EDGE ( 'NONE', *, *, #2217, .T. ) ;
#120 = CARTESIAN_POINT ( 'NONE',  ( 100.8235701338990680, -68.97257813117565206, 104.4167973683872361 ) ) ;
#121 = CARTESIAN_POINT ( 'NONE',  ( 65.00000000000001421, -3.000000000000001776, 105.9999999999999858 ) ) ;
#122 = DIRECTION ( 'NONE',  ( -1.000000000000000000, -0.000000000000000000, 2.312964634635740294E-15 ) ) ;
#123 = ORIENTED_EDGE ( 'NONE', *, *, #1075, .T. ) ;
#124 = EDGE_LOOP ( 'NONE', ( #2618, #4317, #3570, #1398 ) ) ;
#125 = CARTESIAN_POINT ( 'NONE',  ( 106.9725781311756663, -29.17642986610096401, 104.4167973683872361 ) ) ;
#126 = CYLINDRICAL_SURFACE ( 'NONE', #1126, 1.000000000000000888 ) ;
#127 = CARTESIAN_POINT ( 'NONE',  ( -35.99999999999998579, -72.00000000000000000, 106.9999999999999858 ) ) ;
#128 = LINE ( 'NONE', #860, #2040 ) ;
#129 = EDGE_CURVE ( 'NONE', #2874, #3151, #3204, .T. ) ;
#130 = VERTEX_POINT ( 'NONE', #2511 ) ;
#131 = ORIENTED_EDGE ( 'NONE', *, *, #1359, .T. ) ;
#132 = FACE_OUTER_BOUND ( 'NONE', #75, .T. ) ;
#133 = EDGE_CURVE ( 'NONE', #4610, #3140, #1600, .T. ) ;
#134 = CARTESIAN_POINT ( 'NONE',  ( 27.50000000000002487, -6.000000000000001776, 105.9999999999999858 ) ) ;
#135 = CARTESIAN_POINT ( 'NONE',  ( -29.99999999999996092, -62.00000000000000000, 109.9999999999999858 ) ) ;
#136 = ORIENTED_EDGE ( 'NONE', *, *, #2576, .F. ) ;
#137 = AXIS2_PLACEMENT_3D ( 'NONE', #883, #4452, #505 ) ;
#138 = CARTESIAN_POINT ( 'NONE',  ( 22.50000000000003908, -65.99999999999998579, 106.9999999999999858 ) ) ;
#139 = CARTESIAN_POINT ( 'NONE',  ( 105.8792247284157781, -4.740235791662772868, 105.9752877414260155 ) ) ;
#140 = VERTEX_POINT ( 'NONE', #3715 ) ;
#141 = DIRECTION ( 'NONE',  ( 0.000000000000000000, 0.000000000000000000, -1.000000000000000000 ) ) ;
#142 = CARTESIAN_POINT ( 'NONE',  ( 100.5242571721563962, -68.99734139751680573, 104.1375458702922288 ) ) ;
#143 = CARTESIAN_POINT ( 'NONE',  ( 107.0000000000000284, -64.86199979492137402, 104.0000000000000000 ) ) ;
#144 = CARTESIAN_POINT ( 'NONE',  ( 91.00000000000002842, 0.000000000000000000, 99.99999999999998579 ) ) ;
#145 = EDGE_LOOP ( 'NONE', ( #2757, #2905, #3334, #3510, #749, #3397, #1554, #1308 ) ) ;
#146 = VERTEX_POINT ( 'NONE', #4450 ) ;
#147 = VECTOR ( 'NONE', #3266, 1000.000000000000000 ) ;
#148 = DIRECTION ( 'NONE',  ( 0.000000000000000000, -1.000000000000000000, -0.000000000000000000 ) ) ;
#149 = CARTESIAN_POINT ( 'NONE',  ( 106.2360679774997720, -15.00000000000000000, 106.0000000000000142 ) ) ;
#150 = CARTESIAN_POINT ( 'NONE',  ( 107.0000000000000142, -66.99999999999998579, 103.9999999999999858 ) ) ;
#151 = EDGE_LOOP ( 'NONE', ( #4323, #514, #2233, #3621 ) ) ;
#152 = AXIS2_PLACEMENT_3D ( 'NONE', #2362, #3780, #4107 ) ;
#153 = ORIENTED_EDGE ( 'NONE', *, *, #73, .T. ) ;
#154 = DIRECTION ( 'NONE',  ( -0.000000000000000000, 1.000000000000000000, -0.000000000000000000 ) ) ;
#155 = ADVANCED_FACE ( 'NONE', ( #1877 ), #1157, .F. ) ;
#156 = FACE_OUTER_BOUND ( 'NONE', #4247, .T. ) ;
#157 = CARTESIAN_POINT ( 'NONE',  ( -36.99443498067829950, -5.794219232347367132, 104.3781838684586916 ) ) ;
#158 = ORIENTED_EDGE ( 'NONE', *, *, #3201, .F. ) ;
#159 = EDGE_CURVE ( 'NONE', #4497, #3067, #1750, .T. ) ;
#160 = EDGE_CURVE ( 'NONE', #3250, #628, #1923, .T. ) ;
#161 = CARTESIAN_POINT ( 'NONE',  ( 17.50000000000003553, -11.99999999999999645, 99.99999999999998579 ) ) ;
#162 = CARTESIAN_POINT ( 'NONE',  ( 99.38447024690326259, -3.595922179148582032, 105.7976249577340724 ) ) ;
#163 = ORIENTED_EDGE ( 'NONE', *, *, #3902, .F. ) ;
#164 = EDGE_CURVE ( 'NONE', #2305, #4448, #4094, .T. ) ;
#165 = VECTOR ( 'NONE', #2766, 1000.000000000000000 ) ;
#166 = FACE_BOUND ( 'NONE', #3376, .T. ) ;
#167 = DIRECTION ( 'NONE',  ( -1.000000000000000000, 0.000000000000000000, 0.000000000000000000 ) ) ;
#168 = CARTESIAN_POINT ( 'NONE',  ( 106.8589582783841223, -63.99497215984447962, 104.9193501258490357 ) ) ;
#169 = FACE_BOUND ( 'NONE', #2625, .T. ) ;
#170 = ORIENTED_EDGE ( 'NONE', *, *, #2244, .F. ) ;
#171 = ORIENTED_EDGE ( 'NONE', *, *, #940, .F. ) ;
#172 = CARTESIAN_POINT ( 'NONE',  ( 100.0000000000000142, -65.00000000000000000, 105.0000000000000142 ) ) ;
#173 = DIRECTION ( 'NONE',  ( 1.000000000000000000, -1.807003620809174262E-17, 0.000000000000000000 ) ) ;
#174 = DIRECTION ( 'NONE',  ( -1.000000000000000000, 1.807003620809174262E-17, -0.000000000000000000 ) ) ;
#175 = EDGE_LOOP ( 'NONE', ( #783, #1792, #3387, #3437 ) ) ;
#176 = ORIENTED_EDGE ( 'NONE', *, *, #2152, .T. ) ;
#177 = CIRCLE ( 'NONE', #1009, 5.000000000000004441 ) ;
#178 = CARTESIAN_POINT ( 'NONE',  ( 105.8299693595767934, -66.60998978652546043, 106.3853228874941976 ) ) ;
#179 = CARTESIAN_POINT ( 'NONE',  ( 104.0000000000000142, -72.00000000000000000, 106.9999999999999858 ) ) ;
#180 = CIRCLE ( 'NONE', #1896, 3.000000000000002665 ) ;
#181 = ORIENTED_EDGE ( 'NONE', *, *, #3637, .T. ) ;
#182 = EDGE_CURVE ( 'NONE', #3189, #2210, #2948, .T. ) ;
#183 = AXIS2_PLACEMENT_3D ( 'NONE', #1910, #3301, #83 ) ;
#184 = VECTOR ( 'NONE', #1135, 1000.000000000000000 ) ;
#185 = AXIS2_PLACEMENT_3D ( 'NONE', #2767, #681, #2818 ) ;
#186 = DIRECTION ( 'NONE',  ( 0.000000000000000000, 0.000000000000000000, 1.000000000000000000 ) ) ;
#187 = VECTOR ( 'NONE', #3792, 1000.000000000000000 ) ;
#188 = CYLINDRICAL_SURFACE ( 'NONE', #1077, 1.000000000000000888 ) ;
#189 = ORIENTED_EDGE ( 'NONE', *, *, #4351, .T. ) ;
#190 = VECTOR ( 'NONE', #767, 1000.000000000000000 ) ;
#191 = CARTESIAN_POINT ( 'NONE',  ( 106.0665032926512055, -5.133006585302410052, 105.9999999999999858 ) ) ;
#192 = DIRECTION ( 'NONE',  ( 1.000000000000000000, -0.000000000000000000, -0.000000000000000000 ) ) ;
#193 = ADVANCED_FACE ( 'NONE', ( #3671 ), #3317, .F. ) ;
#194 = CARTESIAN_POINT ( 'NONE',  ( -27.49999999999996092, -62.00000000000000000, 106.9999999999999858 ) ) ;
#195 = DIRECTION ( 'NONE',  ( -1.000000000000000000, 1.084202172485504681E-16, 0.000000000000000000 ) ) ;
#196 = ORIENTED_EDGE ( 'NONE', *, *, #3035, .T. ) ;
#197 = ORIENTED_EDGE ( 'NONE', *, *, #3353, .T. ) ;
#198 = CARTESIAN_POINT ( 'NONE',  ( 91.00000000000000000, -44.99999999999999289, 103.9999999999999858 ) ) ;
#199 = VECTOR ( 'NONE', #3521, 1000.000000000000000 ) ;
#200 = CARTESIAN_POINT ( 'NONE',  ( -35.00000000000024158, -72.00000000000000000, 8.095376221225146054E-14 ) ) ;
#201 = VECTOR ( 'NONE', #689, 1000.000000000000000 ) ;
#202 = CARTESIAN_POINT ( 'NONE',  ( 85.50000000000002842, -11.99999999999999645, 109.9999999999999858 ) ) ;
#203 = ORIENTED_EDGE ( 'NONE', *, *, #707, .T. ) ;
#204 = ORIENTED_EDGE ( 'NONE', *, *, #1754, .F. ) ;
#205 = CARTESIAN_POINT ( 'NONE',  ( 106.2564012429116502, -68.25640124291057020, 106.1080494262836851 ) ) ;
#206 = DIRECTION ( 'NONE',  ( -1.000000000000000000, 0.000000000000000000, 0.000000000000000000 ) ) ;
#207 = ORIENTED_EDGE ( 'NONE', *, *, #4159, .T. ) ;
#208 = ORIENTED_EDGE ( 'NONE', *, *, #218, .F. ) ;
#209 = PLANE ( 'NONE',  #152 ) ;
#210 = DIRECTION ( 'NONE',  ( 2.312964634635740294E-15, 0.000000000000000000, 1.000000000000000000 ) ) ;
#211 = ORIENTED_EDGE ( 'NONE', *, *, #3009, .F. ) ;
#212 = CARTESIAN_POINT ( 'NONE',  ( 106.1400299128789300, -5.260907025059212927, 105.9739208402597228 ) ) ;
#213 = FACE_OUTER_BOUND ( 'NONE', #3112, .T. ) ;
#214 = EDGE_CURVE ( 'NONE', #2863, #3550, #2099, .T. ) ;
#215 = CARTESIAN_POINT ( 'NONE',  ( 107.0003710670042665, -30.27338759606230667, 104.0282973974177736 ) ) ;
#216 = CARTESIAN_POINT ( 'NONE',  ( 65.00000000000001421, 0.000000000000000000, 105.0000000000000000 ) ) ;
#217 = VERTEX_POINT ( 'NONE', #4000 ) ;
#218 = EDGE_CURVE ( 'NONE', #3141, #445, #2280, .T. ) ;
#219 = DIRECTION ( 'NONE',  ( -1.000000000000000000, 0.000000000000000000, 0.000000000000000000 ) ) ;
#220 = CARTESIAN_POINT ( 'NONE',  ( 58.00000000000002132, -36.99999999999998579, 109.9999999999999858 ) ) ;
#221 = EDGE_CURVE ( 'NONE', #3731, #653, #3985, .T. ) ;
#222 = LINE ( 'NONE', #2972, #3826 ) ;
#223 = EDGE_LOOP ( 'NONE', ( #813, #1142, #2485, #634 ) ) ;
#224 = ORIENTED_EDGE ( 'NONE', *, *, #2476, .F. ) ;
#225 = CARTESIAN_POINT ( 'NONE',  ( 99.72704336655637292, -68.26282295424383051, 105.9708025413717962 ) ) ;
#226 = DIRECTION ( 'NONE',  ( -1.000000000000000000, -0.000000000000000000, -0.000000000000000000 ) ) ;
#227 = DIRECTION ( 'NONE',  ( 0.000000000000000000, 1.000000000000000000, 0.000000000000000000 ) ) ;
#228 = ORIENTED_EDGE ( 'NONE', *, *, #4315, .T. ) ;
#229 = ORIENTED_EDGE ( 'NONE', *, *, #3201, .T. ) ;
#230 = ORIENTED_EDGE ( 'NONE', *, *, #814, .F. ) ;
#231 = AXIS2_PLACEMENT_3D ( 'NONE', #1266, #2748, #2027 ) ;
#232 = DIRECTION ( 'NONE',  ( -0.000000000000000000, -0.000000000000000000, 1.000000000000000000 ) ) ;
#233 = CARTESIAN_POINT ( 'NONE',  ( 107.0000000000000142, -66.99999999999998579, 99.99999999999998579 ) ) ;
#234 = DIRECTION ( 'NONE',  ( -1.000000000000000000, 1.084202172485504681E-16, 0.000000000000000000 ) ) ;
#235 = B_SPLINE_CURVE_WITH_KNOTS ( 'NONE', 3,
 ( #2610, #4411, #4083, #895, #843, #492, #1217, #4061, #871, #2291, #3706, #162, #2314, #3728, #540, #3375 ),
 .UNSPECIFIED., .F., .F.,
 ( 4, 2, 2, 2, 2, 2, 2, 4 ),
 ( 0.000000000000000000, 0.0004081357208135971324, 0.0008162714416271942648, 0.001224407162440791343, 0.001632542883254388530, 0.002448814324881580951, 0.002856950045695190715, 0.003265085766508800044 ),
 .UNSPECIFIED. ) ;
#236 = DIRECTION ( 'NONE',  ( 0.000000000000000000, -1.000000000000000000, 0.000000000000000000 ) ) ;
#237 = CARTESIAN_POINT ( 'NONE',  ( -29.99999999999998579, -72.00000000000000000, 105.0000000000000000 ) ) ;
#238 = CARTESIAN_POINT ( 'NONE',  ( 104.0000000000000142, -3.000000000000002665, 106.9999999999999858 ) ) ;
#239 = EDGE_LOOP ( 'NONE', ( #4081, #3729, #1174, #273 ) ) ;
#240 = CIRCLE ( 'NONE', #3662, 1.000000000000000888 ) ;
#241 = ADVANCED_FACE ( 'NONE', ( #503 ), #1594, .F. ) ;
#242 = CARTESIAN_POINT ( 'NONE',  ( 100.0000000000000142, -30.00000000000000000, 106.0000000000000000 ) ) ;
#243 = CARTESIAN_POINT ( 'NONE',  ( 100.0000000000000142, -30.00000000000000000, 104.0000000000000000 ) ) ;
#244 = EDGE_CURVE ( 'NONE', #4035, #2682, #2669, .T. ) ;
#245 = ORIENTED_EDGE ( 'NONE', *, *, #793, .T. ) ;
#246 = AXIS2_PLACEMENT_3D ( 'NONE', #1387, #3552, #3198 ) ;
#247 = ORIENTED_EDGE ( 'NONE', *, *, #1188, .T. ) ;
#248 = EDGE_CURVE ( 'NONE', #2514, #1467, #1503, .T. ) ;
#249 = CARTESIAN_POINT ( 'NONE',  ( 99.20887182118167402, -68.52472402034707954, 105.6238272469569068 ) ) ;
#250 = LINE ( 'NONE', #4567, #4469 ) ;
#251 = EDGE_CURVE ( 'NONE', #4559, #925, #4398, .T. ) ;
#252 = CARTESIAN_POINT ( 'NONE',  ( 65.00000000000001421, -72.00000000000000000, 105.0000000000000000 ) ) ;
#253 = VECTOR ( 'NONE', #2681, 1000.000000000000000 ) ;
#254 = ORIENTED_EDGE ( 'NONE', *, *, #2446, .T. ) ;
#255 = PRODUCT_DEFINITION_FORMATION_WITH_SPECIFIED_SOURCE ( 'ANY', '', #101, .NOT_KNOWN. ) ;
#256 = ORIENTED_EDGE ( 'NONE', *, *, #1442, .T. ) ;
#257 = VECTOR ( 'NONE', #3689, 1000.000000000000000 ) ;
#258 = CARTESIAN_POINT ( 'NONE',  ( 89.00000000000002842, -6.000000000000002665, 105.9999999999999858 ) ) ;
#259 = DIRECTION ( 'NONE',  ( -0.000000000000000000, 1.000000000000000000, -0.000000000000000000 ) ) ;
#260 = AXIS2_PLACEMENT_3D ( 'NONE', #1057, #2474, #2799 ) ;
#261 = CIRCLE ( 'NONE', #3457, 1.000000000000000888 ) ;
#262 = CIRCLE ( 'NONE', #557, 28.00000000000000000 ) ;
#263 = CARTESIAN_POINT ( 'NONE',  ( -36.99999999999997868, -15.00000000000000000, 104.0000000000003411 ) ) ;
#264 = DIRECTION ( 'NONE',  ( -1.000000000000000000, -1.927470528863119049E-16, 0.000000000000000000 ) ) ;
#265 = CARTESIAN_POINT ( 'NONE',  ( 107.0000000000000142, -30.00000000000000000, 103.9999999999999858 ) ) ;
#266 = CARTESIAN_POINT ( 'NONE',  ( 104.0000000000000142, -65.99999999999998579, 106.9999999999999858 ) ) ;
#267 = ORIENTED_EDGE ( 'NONE', *, *, #535, .T. ) ;
#268 = DIRECTION ( 'NONE',  ( 0.000000000000000000, 0.000000000000000000, -1.000000000000000000 ) ) ;
#269 = DIRECTION ( 'NONE',  ( 2.312964634635740689E-15, -0.000000000000000000, 1.000000000000000000 ) ) ;
#270 = CYLINDRICAL_SURFACE ( 'NONE', #2797, 1.000000000000000888 ) ;
#271 =( NAMED_UNIT ( * ) PLANE_ANGLE_UNIT ( ) SI_UNIT ( $, .RADIAN. ) );
#272 = ORIENTED_EDGE ( 'NONE', *, *, #2299, .T. ) ;
#273 = ORIENTED_EDGE ( 'NONE', *, *, #2216, .F. ) ;
#274 = AXIS2_PLACEMENT_3D ( 'NONE', #3620, #65, #4231 ) ;
#275 = CARTESIAN_POINT ( 'NONE',  ( 100.0000000000000142, 0.000000000000000000, 105.0000000000000000 ) ) ;
#276 = DIRECTION ( 'NONE',  ( -1.000000000000000000, 0.000000000000000000, 0.000000000000000000 ) ) ;
#277 = EDGE_CURVE ( 'NONE', #84, #2848, #4085, .T. ) ;
#278 = CARTESIAN_POINT ( 'NONE',  ( 33.00000000000002842, -11.99999999999999645, 99.99999999999998579 ) ) ;
#279 = VERTEX_POINT ( 'NONE', #3766 ) ;
#280 = EDGE_LOOP ( 'NONE', ( #2161, #541 ) ) ;
#281 = EDGE_CURVE ( 'NONE', #3669, #518, #3486, .T. ) ;
#282 = CARTESIAN_POINT ( 'NONE',  ( -39.99999999999998579, -4.000000000000003553, 105.9999999999999858 ) ) ;
#283 = CARTESIAN_POINT ( 'NONE',  ( 104.0000000000000142, -72.00000000000000000, 106.9999999999999858 ) ) ;
#284 = ORIENTED_EDGE ( 'NONE', *, *, #335, .T. ) ;
#285 = DIRECTION ( 'NONE',  ( 3.469446951953611033E-15, 0.000000000000000000, 1.000000000000000000 ) ) ;
#286 = CYLINDRICAL_SURFACE ( 'NONE', #2807, 1.000000000000000888 ) ;
#287 = CYLINDRICAL_SURFACE ( 'NONE', #1836, 3.000000000000002665 ) ;
#288 = DIRECTION ( 'NONE',  ( 0.000000000000000000, 0.000000000000000000, 1.000000000000000000 ) ) ;
#289 = AXIS2_PLACEMENT_3D ( 'NONE', #1275, #4115, #2738 ) ;
#290 = VERTEX_POINT ( 'NONE', #1970 ) ;
#291 = B_SPLINE_CURVE_WITH_KNOTS ( 'NONE', 3,
 ( #2583, #44, #4382, #1190, #4029, #837, #2260, #3679, #1469, #2374, #2068, #3838, #2041, #4430, #4144, #2740, #649, #1578 ),
 .UNSPECIFIED., .F., .F.,
 ( 4, 2, 2, 2, 2, 2, 2, 2, 4 ),
 ( 0.003265085766508800044, 0.003672690097425288045, 0.004080294428341776046, 0.004487898759258264481, 0.004895503090174752048, 0.005303107421091239615, 0.005710711752007728050, 0.006118316082924216484, 0.006525920413840704051 ),
 .UNSPECIFIED. ) ;
#292 = LINE ( 'NONE', #4472, #2223 ) ;
#293 = AXIS2_PLACEMENT_3D ( 'NONE', #3154, #602, #1276 ) ;
#294 = CARTESIAN_POINT ( 'NONE',  ( 104.0000000000000142, -6.000000000000002665, 99.99999999999998579 ) ) ;
#295 = CARTESIAN_POINT ( 'NONE',  ( 33.00000000000004263, -62.00000000000000000, 99.99999999999998579 ) ) ;
#296 = VERTEX_POINT ( 'NONE', #2037 ) ;
#297 = EDGE_LOOP ( 'NONE', ( #2572, #1205, #1880, #3917, #532, #4385 ) ) ;
#298 = CARTESIAN_POINT ( 'NONE',  ( 107.0000000000000284, -37.86199979492135270, 103.9999999999999858 ) ) ;
#299 = LINE ( 'NONE', #1324, #3871 ) ;
#300 = CARTESIAN_POINT ( 'NONE',  ( 24.50000000000003553, -65.99999999999998579, 106.9999999999999858 ) ) ;
#301 = ORIENTED_EDGE ( 'NONE', *, *, #2584, .T. ) ;
#302 = VERTEX_POINT ( 'NONE', #2780 ) ;
#303 = EDGE_CURVE ( 'NONE', #763, #653, #997, .T. ) ;
#304 = CARTESIAN_POINT ( 'NONE',  ( -29.99999999999999289, -55.00000000000000000, 105.0000000000003126 ) ) ;
#305 = CARTESIAN_POINT ( 'NONE',  ( 106.9973156942203616, -55.52575064371126246, 104.1382964627071743 ) ) ;
#306 = DIRECTION ( 'NONE',  ( 3.469446951953611033E-15, 0.000000000000000000, 1.000000000000000000 ) ) ;
#307 = EDGE_CURVE ( 'NONE', #2077, #2778, #578, .T. ) ;
#308 = AXIS2_PLACEMENT_3D ( 'NONE', #491, #3619, #3330 ) ;
#309 = ADVANCED_FACE ( 'NONE', ( #3388 ), #3062, .F. ) ;
#310 = VECTOR ( 'NONE', #1114, 1000.000000000000000 ) ;
#311 = CARTESIAN_POINT ( 'NONE',  ( 106.9544117904002150, -68.95441179040017232, 104.6498486322512917 ) ) ;
#312 = DIRECTION ( 'NONE',  ( 0.000000000000000000, 0.000000000000000000, -1.000000000000000000 ) ) ;
#313 = CARTESIAN_POINT ( 'NONE',  ( -29.99999999999998579, -61.99999999999999289, 106.0000000000000000 ) ) ;
#314 = CARTESIAN_POINT ( 'NONE',  ( 100.0000000000000142, -72.00000000000000000, 106.0000000000000000 ) ) ;
#315 = EDGE_CURVE ( 'NONE', #4559, #400, #2143, .T. ) ;
#316 = ORIENTED_EDGE ( 'NONE', *, *, #4556, .T. ) ;
#317 = CARTESIAN_POINT ( 'NONE',  ( 106.9713211562201138, -5.613368407116926306, 104.1989937018964554 ) ) ;
#318 = DIRECTION ( 'NONE',  ( -1.000000000000000000, 0.000000000000000000, 0.000000000000000000 ) ) ;
#319 = FILL_AREA_STYLE_COLOUR ( '', #2940 ) ;
#320 = ORIENTED_EDGE ( 'NONE', *, *, #1556, .T. ) ;
#321 = EDGE_LOOP ( 'NONE', ( #2768, #2666, #4132, #123 ) ) ;
#322 = CARTESIAN_POINT ( 'NONE',  ( 100.0000000000000142, -61.99999999999999289, 105.0000000000000000 ) ) ;
#323 = CARTESIAN_POINT ( 'NONE',  ( 28.50000000000003197, -71.99999999999998579, 105.9999999999999858 ) ) ;
#324 = DIRECTION ( 'NONE',  ( 0.000000000000000000, 0.000000000000000000, -1.000000000000000000 ) ) ;
#325 = VERTEX_POINT ( 'NONE', #4142 ) ;
#326 = ORIENTED_EDGE ( 'NONE', *, *, #390, .T. ) ;
#327 = DIRECTION ( 'NONE',  ( 1.000000000000000000, 0.000000000000000000, 0.000000000000000000 ) ) ;
#328 = AXIS2_PLACEMENT_3D ( 'NONE', #2398, #608, #4121 ) ;
#329 = CARTESIAN_POINT ( 'NONE',  ( 104.0000000000000142, -6.000000000000002665, 103.9999999999999858 ) ) ;
#330 = EDGE_CURVE ( 'NONE', #2959, #1962, #4517, .T. ) ;
#331 = VECTOR ( 'NONE', #546, 1000.000000000000000 ) ;
#332 = CYLINDRICAL_SURFACE ( 'NONE', #1839, 2.500000000000002220 ) ;
#333 = DIRECTION ( 'NONE',  ( -1.000000000000000000, 0.000000000000000000, 0.000000000000000000 ) ) ;
#334 = DIRECTION ( 'NONE',  ( 0.000000000000000000, -1.000000000000000000, 0.000000000000000000 ) ) ;
#335 = EDGE_CURVE ( 'NONE', #683, #537, #292, .T. ) ;
#336 = EDGE_LOOP ( 'NONE', ( #2056, #1193, #646, #2510 ) ) ;
#337 = VECTOR ( 'NONE', #4431, 1000.000000000000000 ) ;
#338 = EDGE_CURVE ( 'NONE', #1055, #4363, #1318, .T. ) ;
#339 = FACE_OUTER_BOUND ( 'NONE', #2402, .T. ) ;
#340 = VECTOR ( 'NONE', #1051, 1000.000000000000000 ) ;
#341 = FACE_OUTER_BOUND ( 'NONE', #1624, .T. ) ;
#342 = AXIS2_PLACEMENT_3D ( 'NONE', #4330, #2553, #3295 ) ;
#343 = CARTESIAN_POINT ( 'NONE',  ( 107.0000000000000142, -66.99999999999998579, 103.9999999999999858 ) ) ;
#344 = CIRCLE ( 'NONE', #4140, 1.000000000000000888 ) ;
#345 = PRESENTATION_STYLE_ASSIGNMENT (( #696 ) ) ;
#346 = ORIENTED_EDGE ( 'NONE', *, *, #4441, .F. ) ;
#347 = EDGE_LOOP ( 'NONE', ( #4455, #1805 ) ) ;
#348 = VECTOR ( 'NONE', #527, 1000.000000000000000 ) ;
#349 = CARTESIAN_POINT ( 'NONE',  ( -39.99999999999998579, -67.99999999999998579, 106.9999999999999858 ) ) ;
#350 = CARTESIAN_POINT ( 'NONE',  ( 110.0000000000000142, -72.00000000000000000, 109.9999999999999858 ) ) ;
#351 = CARTESIAN_POINT ( 'NONE',  ( -4.999999999999976907, -36.99999999999999289, 99.99999999999998579 ) ) ;
#352 = ORIENTED_EDGE ( 'NONE', *, *, #2011, .F. ) ;
#353 = AXIS2_PLACEMENT_3D ( 'NONE', #973, #2369, #4576 ) ;
#354 = EDGE_LOOP ( 'NONE', ( #4253, #254, #3770, #577 ) ) ;
#355 = LINE ( 'NONE', #1773, #3536 ) ;
#356 = DIRECTION ( 'NONE',  ( -0.000000000000000000, -0.000000000000000000, 1.000000000000000000 ) ) ;
#357 = CARTESIAN_POINT ( 'NONE',  ( 107.0000000000000142, -6.000000000000002665, 99.99999999999998579 ) ) ;
#358 = CARTESIAN_POINT ( 'NONE',  ( -29.99999999999998579, -68.99999999999998579, 104.0000000000000000 ) ) ;
#359 = LINE ( 'NONE', #1041, #865 ) ;
#360 = ORIENTED_EDGE ( 'NONE', *, *, #3551, .F. ) ;
#361 = EDGE_CURVE ( 'NONE', #3953, #4091, #4309, .T. ) ;
#362 = DIRECTION ( 'NONE',  ( 1.807003620809174262E-17, 1.000000000000000000, -0.000000000000000000 ) ) ;
#363 = EDGE_CURVE ( 'NONE', #1962, #1268, #669, .T. ) ;
#364 = DIRECTION ( 'NONE',  ( -0.000000000000000000, -0.000000000000000000, 1.000000000000000000 ) ) ;
#365 = DIRECTION ( 'NONE',  ( -0.000000000000000000, -0.000000000000000000, 1.000000000000000000 ) ) ;
#366 = EDGE_CURVE ( 'NONE', #279, #1491, #2889, .T. ) ;
#367 = ORIENTED_EDGE ( 'NONE', *, *, #1726, .T. ) ;
#368 = ORIENTED_EDGE ( 'NONE', *, *, #3690, .F. ) ;
#369 = EDGE_CURVE ( 'NONE', #3749, #3074, #2670, .T. ) ;
#370 = DIRECTION ( 'NONE',  ( 0.000000000000000000, 0.000000000000000000, 1.000000000000000000 ) ) ;
#371 = FACE_OUTER_BOUND ( 'NONE', #2298, .T. ) ;
#372 = FACE_BOUND ( 'NONE', #961, .T. ) ;
#373 = EDGE_CURVE ( 'NONE', #2162, #1184, #1340, .T. ) ;
#374 = ORIENTED_EDGE ( 'NONE', *, *, #1282, .F. ) ;
#375 = ORIENTED_EDGE ( 'NONE', *, *, #1361, .T. ) ;
#376 = DIRECTION ( 'NONE',  ( 1.000000000000000000, -0.000000000000000000, -0.000000000000000000 ) ) ;
#377 = CARTESIAN_POINT ( 'NONE',  ( 86.00000000000001421, -6.000000000000002665, 99.99999999999998579 ) ) ;
#378 = CARTESIAN_POINT ( 'NONE',  ( 100.0000000000000142, -10.00000000000000000, 105.0000000000000000 ) ) ;
#379 = DIRECTION ( 'NONE',  ( 0.000000000000000000, 0.000000000000000000, -1.000000000000000000 ) ) ;
#380 = ORIENTED_EDGE ( 'NONE', *, *, #1282, .T. ) ;
#381 = CARTESIAN_POINT ( 'NONE',  ( 105.0000000000000142, -66.99999999999998579, 99.99999999999998579 ) ) ;
#382 = DIRECTION ( 'NONE',  ( 0.000000000000000000, 0.000000000000000000, -1.000000000000000000 ) ) ;
#383 = CARTESIAN_POINT ( 'NONE',  ( 106.2628229542438447, -65.27295663344369814, 105.9708025413718104 ) ) ;
#384 = DIRECTION ( 'NONE',  ( -0.000000000000000000, -1.000000000000000000, -0.000000000000000000 ) ) ;
#385 = VERTEX_POINT ( 'NONE', #3411 ) ;
#386 = ORIENTED_EDGE ( 'NONE', *, *, #2952, .F. ) ;
#387 = CARTESIAN_POINT ( 'NONE',  ( 100.0000000000000142, -65.00000000000000000, 104.0000000000000142 ) ) ;
#388 = CARTESIAN_POINT ( 'NONE',  ( -33.99999999999997158, -5.999999999999998224, 99.99999999999998579 ) ) ;
#389 = CARTESIAN_POINT ( 'NONE',  ( -29.99999999999998579, 0.000000000000000000, 106.0000000000000000 ) ) ;
#390 = EDGE_CURVE ( 'NONE', #1204, #4031, #1641, .T. ) ;
#391 = EDGE_LOOP ( 'NONE', ( #3980, #3779, #2226, #1392, #2667 ) ) ;
#392 = AXIS2_PLACEMENT_3D ( 'NONE', #3095, #4175, #584 ) ;
#393 = ORIENTED_EDGE ( 'NONE', *, *, #2103, .T. ) ;
#394 = CARTESIAN_POINT ( 'NONE',  ( 106.9806617302116507, -66.99355391007046023, 104.3926942574879462 ) ) ;
#395 = ADVANCED_FACE ( 'NONE', ( #976 ), #1362, .F. ) ;
#396 = FACE_OUTER_BOUND ( 'NONE', #3870, .T. ) ;
#397 = CIRCLE ( 'NONE', #1438, 1.000000000000000888 ) ;
#398 = CARTESIAN_POINT ( 'NONE',  ( -36.99999999999998579, -66.99999999999998579, 105.9999999999999858 ) ) ;
#399 = CARTESIAN_POINT ( 'NONE',  ( -39.99999999999998579, -67.99999999999998579, 105.9999999999999858 ) ) ;
#400 = VERTEX_POINT ( 'NONE', #2394 ) ;
#401 = AXIS2_PLACEMENT_3D ( 'NONE', #322, #3816, #1030 ) ;
#402 = STYLED_ITEM ( 'NONE', ( #345 ), #1448 ) ;
#403 = DIRECTION ( 'NONE',  ( -1.000000000000000000, 0.000000000000000000, 0.000000000000000000 ) ) ;
#404 = DIRECTION ( 'NONE',  ( 1.000000000000000000, -0.000000000000000000, -0.000000000000000000 ) ) ;
#405 = DIRECTION ( 'NONE',  ( -0.000000000000000000, 1.000000000000000000, -0.000000000000000000 ) ) ;
#406 = ORIENTED_EDGE ( 'NONE', *, *, #2213, .T. ) ;
#407 = ORIENTED_EDGE ( 'NONE', *, *, #1386, .T. ) ;
#408 = CIRCLE ( 'NONE', #183, 1.999999999999998224 ) ;
#409 = DIRECTION ( 'NONE',  ( -1.000000000000000000, -0.000000000000000000, 2.312964634635740294E-15 ) ) ;
#410 = CIRCLE ( 'NONE', #1013, 3.000000000000002665 ) ;
#411 = CARTESIAN_POINT ( 'NONE',  ( 5.000000000000018652, -72.00000000000000000, 104.0000000000000000 ) ) ;
#412 = VECTOR ( 'NONE', #1091, 1000.000000000000000 ) ;
#413 = DIRECTION ( 'NONE',  ( 0.000000000000000000, 0.000000000000000000, -1.000000000000000000 ) ) ;
#414 = ORIENTED_EDGE ( 'NONE', *, *, #1789, .T. ) ;
#415 = AXIS2_PLACEMENT_3D ( 'NONE', #3889, #1769, #2281 ) ;
#416 = VERTEX_POINT ( 'NONE', #601 ) ;
#417 = CARTESIAN_POINT ( 'NONE',  ( 106.6964988922219959, -66.89883296407377600, 105.3294535927319089 ) ) ;
#418 = EDGE_CURVE ( 'NONE', #3550, #2694, #623, .T. ) ;
#419 = CYLINDRICAL_SURFACE ( 'NONE', #2937, 1.000000000000000888 ) ;
#420 = EDGE_CURVE ( 'NONE', #4407, #1144, #3458, .T. ) ;
#421 = VECTOR ( 'NONE', #2484, 1000.000000000000000 ) ;
#422 = CARTESIAN_POINT ( 'NONE',  ( 65.00000000000001421, -3.000000000000001776, 105.0000000000000000 ) ) ;
#423 = AXIS2_PLACEMENT_3D ( 'NONE', #2104, #2125, #754 ) ;
#424 = FACE_OUTER_BOUND ( 'NONE', #2338, .T. ) ;
#425 = ORIENTED_EDGE ( 'NONE', *, *, #1447, .T. ) ;
#426 = DIRECTION ( 'NONE',  ( 0.000000000000000000, 0.000000000000000000, -1.000000000000000000 ) ) ;
#427 = FACE_BOUND ( 'NONE', #3585, .T. ) ;
#428 = CARTESIAN_POINT ( 'NONE',  ( -33.99999999999997158, -3.000000000000000000, 99.99999999999998579 ) ) ;
#429 = ORIENTED_EDGE ( 'NONE', *, *, #3435, .F. ) ;
#430 = EDGE_LOOP ( 'NONE', ( #1412, #3066, #3296, #586, #1254, #582 ) ) ;
#431 = DIRECTION ( 'NONE',  ( 1.000000000000000000, 0.000000000000000000, 0.000000000000000000 ) ) ;
#432 = FACE_OUTER_BOUND ( 'NONE', #2357, .T. ) ;
#433 = CYLINDRICAL_SURFACE ( 'NONE', #342, 2.500000000000002220 ) ;
#434 = ORIENTED_EDGE ( 'NONE', *, *, #2695, .T. ) ;
#435 = VECTOR ( 'NONE', #1158, 1000.000000000000000 ) ;
#436 = EDGE_LOOP ( 'NONE', ( #2723, #756, #3799, #3524, #2555, #33, #4547, #4026, #4591, #2969, #948, #3530, #4447, #771, #2045, #3346, #1974, #892 ) ) ;
#437 = CARTESIAN_POINT ( 'NONE',  ( -36.99999999999998579, -40.00000000000000000, 104.0000000000003268 ) ) ;
#438 = CARTESIAN_POINT ( 'NONE',  ( 65.00000000000001421, -10.00000000000000000, 105.0000000000000000 ) ) ;
#439 = VECTOR ( 'NONE', #2677, 1000.000000000000000 ) ;
#440 = ORIENTED_EDGE ( 'NONE', *, *, #4500, .F. ) ;
#441 = EDGE_CURVE ( 'NONE', #3611, #4616, #397, .T. ) ;
#442 = LINE ( 'NONE', #4388, #2538 ) ;
#443 = EDGE_CURVE ( 'NONE', #3973, #4324, #2033, .T. ) ;
#444 = CARTESIAN_POINT ( 'NONE',  ( 105.7994881768026971, -4.488159123085573299, 105.8698750135670963 ) ) ;
#445 = VERTEX_POINT ( 'NONE', #3244 ) ;
#446 = ADVANCED_FACE ( 'NONE', ( #339 ), #3153, .F. ) ;
#447 = DIRECTION ( 'NONE',  ( -1.000000000000000000, 0.000000000000000000, 0.000000000000000000 ) ) ;
#448 = CARTESIAN_POINT ( 'NONE',  ( 106.9542093303369938, -65.89658726422842960, 104.5376554611970334 ) ) ;
#449 = EDGE_CURVE ( 'NONE', #1263, #1481, #1586, .T. ) ;
#450 = CARTESIAN_POINT ( 'NONE',  ( 106.5884197527417285, -15.86174059526419455, 105.5218433066369670 ) ) ;
#451 = CARTESIAN_POINT ( 'NONE',  ( 30.50000000000002487, -3.000000000000001332, 99.99999999999998579 ) ) ;
#452 = ORIENTED_EDGE ( 'NONE', *, *, #2476, .T. ) ;
#453 = ORIENTED_EDGE ( 'NONE', *, *, #502, .T. ) ;
#454 = DIRECTION ( 'NONE',  ( 0.000000000000000000, 0.000000000000000000, 1.000000000000000000 ) ) ;
#455 = CARTESIAN_POINT ( 'NONE',  ( 94.00000000000000000, -65.99999999999998579, 106.9999999999999858 ) ) ;
#456 = DIRECTION ( 'NONE',  ( 0.000000000000000000, 0.000000000000000000, -1.000000000000000000 ) ) ;
#457 = ORIENTED_EDGE ( 'NONE', *, *, #3927, .F. ) ;
#458 = VERTEX_POINT ( 'NONE', #1800 ) ;
#459 = CARTESIAN_POINT ( 'NONE',  ( 107.0000000000000284, -38.13782052976224435, 104.0000000000000142 ) ) ;
#460 = CYLINDRICAL_SURFACE ( 'NONE', #3758, 1.000000000000000888 ) ;
#461 = CARTESIAN_POINT ( 'NONE',  ( 35.50000000000002132, -11.99999999999999645, 109.9999999999999858 ) ) ;
#462 = VERTEX_POINT ( 'NONE', #29 ) ;
#463 = VECTOR ( 'NONE', #1468, 1000.000000000000000 ) ;
#464 = DIRECTION ( 'NONE',  ( 0.000000000000000000, 0.000000000000000000, -1.000000000000000000 ) ) ;
#465 = DIRECTION ( 'NONE',  ( 3.469446951953611033E-15, 0.000000000000000000, 1.000000000000000000 ) ) ;
#466 = ORIENTED_EDGE ( 'NONE', *, *, #1986, .F. ) ;
#467 = CARTESIAN_POINT ( 'NONE',  ( 23.00000000000002487, -36.99999999999999289, 109.9999999999999858 ) ) ;
#468 = DIRECTION ( 'NONE',  ( 0.000000000000000000, 0.000000000000000000, 1.000000000000000000 ) ) ;
#469 = EDGE_CURVE ( 'NONE', #1491, #279, #1219, .T. ) ;
#470 = CARTESIAN_POINT ( 'NONE',  ( 107.0000000000000142, -15.00000000000000000, 103.9999999999999858 ) ) ;
#471 = DIRECTION ( 'NONE',  ( -0.000000000000000000, -1.000000000000000000, 0.000000000000000000 ) ) ;
#472 = AXIS2_PLACEMENT_3D ( 'NONE', #4108, #4131, #4530 ) ;
#473 =( GEOMETRIC_REPRESENTATION_CONTEXT ( 3 ) GLOBAL_UNCERTAINTY_ASSIGNED_CONTEXT ( ( #3378 ) ) GLOBAL_UNIT_ASSIGNED_CONTEXT ( ( #1691, #1712, #675 ) ) REPRESENTATION_CONTEXT ( 'NONE', 'WORKASPACE' ) );
#474 = ORIENTED_EDGE ( 'NONE', *, *, #218, .T. ) ;
#475 = ORIENTED_EDGE ( 'NONE', *, *, #1532, .T. ) ;
#476 = EDGE_CURVE ( 'NONE', #3032, #782, #4318, .T. ) ;
#477 = AXIS2_PLACEMENT_3D ( 'NONE', #1383, #2777, #3127 ) ;
#478 = CARTESIAN_POINT ( 'NONE',  ( 30.50000000000003908, -65.99999999999998579, 105.9999999999999858 ) ) ;
#479 = CARTESIAN_POINT ( 'NONE',  ( 100.0000000000000142, -65.00000000000000000, 105.0000000000000142 ) ) ;
#480 = B_SPLINE_CURVE_WITH_KNOTS ( 'NONE', 3,
 ( #2877, #2131, #1089, #1760, #3503, #317, #1780, #3595, #2438, #2087 ),
 .UNSPECIFIED., .F., .F.,
 ( 4, 2, 2, 2, 4 ),
 ( 0.002590030989679100500, 0.002988759339064665788, 0.003387487688450231509, 0.003786216037835796796, 0.004184944387221362083 ),
 .UNSPECIFIED. ) ;
#481 = DIRECTION ( 'NONE',  ( -1.000000000000000000, -0.000000000000000000, 2.312964634635740294E-15 ) ) ;
#482 = AXIS2_PLACEMENT_3D ( 'NONE', #3104, #3081, #3784 ) ;
#483 = ORIENTED_EDGE ( 'NONE', *, *, #2247, .F. ) ;
#484 = VERTEX_POINT ( 'NONE', #1044 ) ;
#485 = VECTOR ( 'NONE', #2356, 1000.000000000000000 ) ;
#486 = DIRECTION ( 'NONE',  ( -1.000000000000000000, 0.000000000000000000, 0.000000000000000000 ) ) ;
#487 = CARTESIAN_POINT ( 'NONE',  ( 17.50000000000004263, -62.00000000000000000, 99.99999999999998579 ) ) ;
#488 = CIRCLE ( 'NONE', #4361, 5.000000000000004441 ) ;
#489 = DIRECTION ( 'NONE',  ( -1.000000000000000000, 0.000000000000000000, 0.000000000000000000 ) ) ;
#490 = ORIENTED_EDGE ( 'NONE', *, *, #1442, .F. ) ;
#491 = CARTESIAN_POINT ( 'NONE',  ( 110.0000000000000142, -72.00000000000000000, 109.9999999999999858 ) ) ;
#492 = CARTESIAN_POINT ( 'NONE',  ( 99.17642986610097466, -3.027421868824341278, 104.4167973683872077 ) ) ;
#493 = ORIENTED_EDGE ( 'NONE', *, *, #2806, .F. ) ;
#494 = VECTOR ( 'NONE', #4018, 1000.000000000000000 ) ;
#495 = B_SPLINE_CURVE_WITH_KNOTS ( 'NONE', 3,
 ( #891, #4103, #4151, #964, #2380, #157, #610, #2332, #4079, #2311 ),
 .UNSPECIFIED., .F., .F.,
 ( 4, 2, 2, 2, 4 ),
 ( 0.004946780416905855772, 0.005341565416139552012, 0.005736350415373249120, 0.006131135414606945361, 0.006525920413840641601 ),
 .UNSPECIFIED. ) ;
#496 = CARTESIAN_POINT ( 'NONE',  ( 5.000000000000018652, -61.99999999999999289, 106.0000000000000000 ) ) ;
#497 = DIRECTION ( 'NONE',  ( -1.000000000000000000, 0.000000000000000000, 0.000000000000000000 ) ) ;
#498 = CARTESIAN_POINT ( 'NONE',  ( 106.7637123023369981, -15.99274977412894216, 105.1748220554701021 ) ) ;
#499 = CARTESIAN_POINT ( 'NONE',  ( -39.99999999999999289, -55.00000000000000000, 106.0000000000003411 ) ) ;
#500 = ORIENTED_EDGE ( 'NONE', *, *, #936, .F. ) ;
#501 = ORIENTED_EDGE ( 'NONE', *, *, #277, .T. ) ;
#502 = EDGE_CURVE ( 'NONE', #3839, #3605, #4422, .T. ) ;
#503 = FACE_OUTER_BOUND ( 'NONE', #1074, .T. ) ;
#504 = APPLICATION_CONTEXT ( 'automotive_design' ) ;
#505 = DIRECTION ( 'NONE',  ( 1.000000000000000000, 0.000000000000000000, 0.000000000000000000 ) ) ;
#506 = EDGE_CURVE ( 'NONE', #523, #4188, #480, .T. ) ;
#507 = CARTESIAN_POINT ( 'NONE',  ( 94.00000000000000000, -68.99999999999998579, 99.99999999999998579 ) ) ;
#508 = ORIENTED_EDGE ( 'NONE', *, *, #2673, .F. ) ;
#509 = EDGE_LOOP ( 'NONE', ( #4172, #3291 ) ) ;
#510 = ADVANCED_FACE ( 'NONE', ( #2149 ), #4045, .F. ) ;
#511 = CARTESIAN_POINT ( 'NONE',  ( 105.9824802671687536, -66.66082675572290839, 106.2601604199505090 ) ) ;
#512 = FACE_OUTER_BOUND ( 'NONE', #1069, .T. ) ;
#513 = CARTESIAN_POINT ( 'NONE',  ( 25.50000000000003553, -65.99999999999998579, 105.9999999999999858 ) ) ;
#514 = ORIENTED_EDGE ( 'NONE', *, *, #972, .T. ) ;
#515 = AXIS2_PLACEMENT_3D ( 'NONE', #220, #4493, #2088 ) ;
#516 = CARTESIAN_POINT ( 'NONE',  ( 28.50000000000001776, -6.000000000000001776, 105.9999999999999858 ) ) ;
#517 = CARTESIAN_POINT ( 'NONE',  ( 107.0000000000000142, -49.99999999999998579, 99.99999999999998579 ) ) ;
#518 = VERTEX_POINT ( 'NONE', #2504 ) ;
#519 = CARTESIAN_POINT ( 'NONE',  ( 85.50000000000002842, -11.99999999999999645, 99.99999999999998579 ) ) ;
#520 = DIRECTION ( 'NONE',  ( -1.000000000000000000, 1.084202172485504681E-16, 0.000000000000000000 ) ) ;
#521 = CARTESIAN_POINT ( 'NONE',  ( 106.5247240203470653, -15.79112817881834019, 105.6238272469569637 ) ) ;
#522 = DIRECTION ( 'NONE',  ( 1.000000000000000000, 0.000000000000000000, -0.000000000000000000 ) ) ;
#523 = VERTEX_POINT ( 'NONE', #693 ) ;
#524 = VERTEX_POINT ( 'NONE', #1827 ) ;
#525 = AXIS2_PLACEMENT_3D ( 'NONE', #1222, #2963, #3708 ) ;
#526 = CARTESIAN_POINT ( 'NONE',  ( 106.2360679774998005, -29.86386992085734704, 106.0000000000000142 ) ) ;
#527 = DIRECTION ( 'NONE',  ( -2.312964634635740294E-15, -0.000000000000000000, -1.000000000000000000 ) ) ;
#528 = PRODUCT_RELATED_PRODUCT_CATEGORY ( 'part', '', ( #101 ) ) ;
#529 = DIRECTION ( 'NONE',  ( -0.000000000000000000, -0.000000000000000000, 1.000000000000000000 ) ) ;
#530 = EDGE_LOOP ( 'NONE', ( #1294, #1155 ) ) ;
#531 = CIRCLE ( 'NONE', #3130, 3.000000000000002665 ) ;
#532 = ORIENTED_EDGE ( 'NONE', *, *, #3122, .T. ) ;
#533 = AXIS2_PLACEMENT_3D ( 'NONE', #58, #3580, #2530 ) ;
#534 = CARTESIAN_POINT ( 'NONE',  ( 104.0000000000000142, -65.99999999999998579, 106.9999999999999858 ) ) ;
#535 = EDGE_CURVE ( 'NONE', #3151, #4604, #3220, .T. ) ;
#536 = CARTESIAN_POINT ( 'NONE',  ( -39.99999999999998579, -41.99999999999998579, 106.9999999999999858 ) ) ;
#537 = VERTEX_POINT ( 'NONE', #2108 ) ;
#538 = EDGE_CURVE ( 'NONE', #1507, #2936, #2851, .T. ) ;
#539 = CARTESIAN_POINT ( 'NONE',  ( 5.000000000000018652, -72.00000000000000000, 105.0000000000000000 ) ) ;
#540 = CARTESIAN_POINT ( 'NONE',  ( 99.86386992085738257, -3.763932022500229291, 106.0000000000000142 ) ) ;
#541 = ORIENTED_EDGE ( 'NONE', *, *, #2750, .F. ) ;
#542 = UNCERTAINTY_MEASURE_WITH_UNIT (LENGTH_MEASURE( 1.000000000000000082E-05 ), #3859, 'distance_accuracy_value', 'NONE');
#543 = CYLINDRICAL_SURFACE ( 'NONE', #3072, 1.000000000000000888 ) ;
#544 = CARTESIAN_POINT ( 'NONE',  ( 91.00000000000000000, -5.999999999999998224, 106.9999999999999858 ) ) ;
#545 = CARTESIAN_POINT ( 'NONE',  ( 106.2360679774998147, -64.86386992085733993, 106.0000000000000284 ) ) ;
#546 = DIRECTION ( 'NONE',  ( 0.000000000000000000, 0.000000000000000000, 1.000000000000000000 ) ) ;
#547 = ORIENTED_EDGE ( 'NONE', *, *, #4475, .F. ) ;
#548 = ORIENTED_EDGE ( 'NONE', *, *, #2496, .F. ) ;
#549 = DIRECTION ( 'NONE',  ( -1.000000000000000000, 0.000000000000000000, 0.000000000000000000 ) ) ;
#550 = CARTESIAN_POINT ( 'NONE',  ( -36.99999999999997868, -30.00000000000000000, 104.0000000000003268 ) ) ;
#551 = CARTESIAN_POINT ( 'NONE',  ( -32.49999999999995737, -62.00000000000000000, 109.9999999999999858 ) ) ;
#552 = VERTEX_POINT ( 'NONE', #3949 ) ;
#553 = EDGE_LOOP ( 'NONE', ( #1629, #4127, #2113, #3793, #1982 ) ) ;
#554 = AXIS2_PLACEMENT_3D ( 'NONE', #1716, #3465, #3137 ) ;
#555 = CARTESIAN_POINT ( 'NONE',  ( 104.2617715115628272, -66.26177151156282719, 106.9998149081161642 ) ) ;
#556 = DIRECTION ( 'NONE',  ( 0.000000000000000000, 0.000000000000000000, 1.000000000000000000 ) ) ;
#557 = AXIS2_PLACEMENT_3D ( 'NONE', #1427, #1086, #2106 ) ;
#558 = ORIENTED_EDGE ( 'NONE', *, *, #4345, .T. ) ;
#559 = ORIENTED_EDGE ( 'NONE', *, *, #4093, .T. ) ;
#560 = AXIS2_PLACEMENT_3D ( 'NONE', #3920, #4599, #1400 ) ;
#561 = ADVANCED_FACE ( 'NONE', ( #3176 ), #1406, .F. ) ;
#562 = AXIS2_PLACEMENT_3D ( 'NONE', #3934, #2300, #3019 ) ;
#563 = CIRCLE ( 'NONE', #3093, 1.000000000000000888 ) ;
#564 = CARTESIAN_POINT ( 'NONE',  ( -39.99999999999999289, -40.00000000000000000, 104.0000000000003411 ) ) ;
#565 = AXIS2_PLACEMENT_3D ( 'NONE', #3575, #384, #1409 ) ;
#566 = CARTESIAN_POINT ( 'NONE',  ( -34.99999999999998579, -66.99999999999998579, 109.9999999999999716 ) ) ;
#567 = VERTEX_POINT ( 'NONE', #717 ) ;
#568 = EDGE_CURVE ( 'NONE', #829, #2998, #4276, .T. ) ;
#569 = ORIENTED_EDGE ( 'NONE', *, *, #3808, .F. ) ;
#570 = AXIS2_PLACEMENT_3D ( 'NONE', #2902, #3272, #1414 ) ;
#571 = EDGE_CURVE ( 'NONE', #1482, #2769, #753, .T. ) ;
#572 = CARTESIAN_POINT ( 'NONE',  ( -34.99999999999998579, -68.99999999999998579, 99.99999999999998579 ) ) ;
#573 = CARTESIAN_POINT ( 'NONE',  ( 106.9545467547174837, -14.10424111007160697, 104.5359013896212872 ) ) ;
#574 = CARTESIAN_POINT ( 'NONE',  ( 106.3480057239902123, -30.51251075935149615, 105.8685019399078726 ) ) ;
#575 = FACE_BOUND ( 'NONE', #3493, .T. ) ;
#576 = CIRCLE ( 'NONE', #1987, 2.499999999999995115 ) ;
#577 = ORIENTED_EDGE ( 'NONE', *, *, #3184, .F. ) ;
#578 = LINE ( 'NONE', #2066, #4462 ) ;
#579 = PLANE ( 'NONE',  #293 ) ;
#580 = DIRECTION ( 'NONE',  ( -0.000000000000000000, 1.000000000000000000, -0.000000000000000000 ) ) ;
#581 = ORIENTED_EDGE ( 'NONE', *, *, #707, .F. ) ;
#582 = ORIENTED_EDGE ( 'NONE', *, *, #1874, .F. ) ;
#583 = FACE_OUTER_BOUND ( 'NONE', #2466, .T. ) ;
#584 = DIRECTION ( 'NONE',  ( 0.000000000000000000, 0.000000000000000000, 1.000000000000000000 ) ) ;
#585 = LINE ( 'NONE', #536, #337 ) ;
#586 = ORIENTED_EDGE ( 'NONE', *, *, #3430, .F. ) ;
#587 = ORIENTED_EDGE ( 'NONE', *, *, #940, .T. ) ;
#588 = CARTESIAN_POINT ( 'NONE',  ( 25.50000000000002132, -6.000000000000000000, 99.99999999999998579 ) ) ;
#589 = DIRECTION ( 'NONE',  ( -1.000000000000000000, 0.000000000000000000, 0.000000000000000000 ) ) ;
#590 = ORIENTED_EDGE ( 'NONE', *, *, #3372, .F. ) ;
#591 = EDGE_CURVE ( 'NONE', #2129, #3074, #3664, .T. ) ;
#592 = AXIS2_PLACEMENT_3D ( 'NONE', #1689, #4539, #318 ) ;
#593 = ADVANCED_FACE ( 'NONE', ( #89 ), #1917, .T. ) ;
#594 = PLANE ( 'NONE',  #3819 ) ;
#595 = CARTESIAN_POINT ( 'NONE',  ( 106.9973413975168341, -14.47574282784361976, 104.1375458702922430 ) ) ;
#596 = CARTESIAN_POINT ( 'NONE',  ( -39.99999999999999289, -5.000000000000000000, 104.0000000000003411 ) ) ;
#597 = CARTESIAN_POINT ( 'NONE',  ( 110.0000000000000142, -38.00000000000000000, 106.0000000000000142 ) ) ;
#598 = ADVANCED_FACE ( 'NONE', ( #1847 ), #1518, .F. ) ;
#599 = ORIENTED_EDGE ( 'NONE', *, *, #2728, .F. ) ;
#600 = ADVANCED_FACE ( 'NONE', ( #4416 ), #2567, .F. ) ;
#601 = CARTESIAN_POINT ( 'NONE',  ( 5.000000000000018652, -72.00000000000000000, 106.0000000000000000 ) ) ;
#602 = DIRECTION ( 'NONE',  ( 1.807003620809174262E-17, 1.000000000000000000, -0.000000000000000000 ) ) ;
#603 = PRESENTATION_STYLE_ASSIGNMENT (( #3433 ) ) ;
#604 =( BOUNDED_CURVE ( )  B_SPLINE_CURVE ( 3, ( #2219, #4034, #3640, #1936 ),
 .UNSPECIFIED., .F., .T. ) 
 B_SPLINE_CURVE_WITH_KNOTS ( ( 4, 4 ),
 ( 3.141592653589793116, 4.712388980384689674 ),
 .UNSPECIFIED. ) 
 CURVE ( )  GEOMETRIC_REPRESENTATION_ITEM ( )  RATIONAL_B_SPLINE_CURVE ( ( 1.000000000000000000, 0.8047378541243649375, 0.8047378541243649375, 1.000000000000000000 ) ) 
 REPRESENTATION_ITEM ( '' )  );
#605 = CARTESIAN_POINT ( 'NONE',  ( -4.999999999999976907, -36.99999999999999289, 99.99999999999998579 ) ) ;
#606 = EDGE_LOOP ( 'NONE', ( #4076, #3455 ) ) ;
#607 = VERTEX_POINT ( 'NONE', #3333 ) ;
#608 = DIRECTION ( 'NONE',  ( -1.000000000000000000, -1.927470528863119049E-16, 0.000000000000000000 ) ) ;
#609 = DIRECTION ( 'NONE',  ( 0.000000000000000000, 0.000000000000000000, 1.000000000000000000 ) ) ;
#610 = CARTESIAN_POINT ( 'NONE',  ( -36.99763129012917773, -5.870039855943562479, 104.4892401892887506 ) ) ;
#611 = EDGE_LOOP ( 'NONE', ( #204, #1994, #4527, #501 ) ) ;
#612 = EDGE_LOOP ( 'NONE', ( #1881, #2371 ) ) ;
#613 = DIRECTION ( 'NONE',  ( 0.000000000000000000, 0.000000000000000000, 1.000000000000000000 ) ) ;
#614 = LINE ( 'NONE', #1682, #2574 ) ;
#615 = CARTESIAN_POINT ( 'NONE',  ( 65.00000000000001421, -68.99999999999998579, 105.9999999999999858 ) ) ;
#616 = CARTESIAN_POINT ( 'NONE',  ( 107.0000000000000284, -14.86199979492135270, 104.0000000000000000 ) ) ;
#617 = CARTESIAN_POINT ( 'NONE',  ( 106.7070777357022990, -30.96200730158108883, 105.2990973786457403 ) ) ;
#618 = PLANE ( 'NONE',  #2861 ) ;
#619 = CIRCLE ( 'NONE', #4194, 28.00000000000000000 ) ;
#620 = ORIENTED_EDGE ( 'NONE', *, *, #248, .F. ) ;
#621 = VECTOR ( 'NONE', #43, 1000.000000000000000 ) ;
#622 = EDGE_CURVE ( 'NONE', #3611, #1263, #3348, .T. ) ;
#623 = LINE ( 'NONE', #242, #3823 ) ;
#624 = CARTESIAN_POINT ( 'NONE',  ( 58.00000000000002132, -36.99999999999998579, 99.99999999999998579 ) ) ;
#625 = EDGE_CURVE ( 'NONE', #81, #4497, #875, .T. ) ;
#626 = ORIENTED_EDGE ( 'NONE', *, *, #4265, .F. ) ;
#627 = AXIS2_PLACEMENT_3D ( 'NONE', #2707, #4464, #4161 ) ;
#628 = VERTEX_POINT ( 'NONE', #1175 ) ;
#629 = CARTESIAN_POINT ( 'NONE',  ( 99.17535027123058455, -68.97238998624250428, 104.4182360921682431 ) ) ;
#630 = CARTESIAN_POINT ( 'NONE',  ( 83.00000000000004263, -62.00000000000000000, 106.9999999999999858 ) ) ;
#631 = DIRECTION ( 'NONE',  ( 1.000000000000000000, 0.000000000000000000, 0.000000000000000000 ) ) ;
#632 = AXIS2_PLACEMENT_3D ( 'NONE', #2475, #1038, #1446 ) ;
#633 = VERTEX_POINT ( 'NONE', #2590 ) ;
#634 = ORIENTED_EDGE ( 'NONE', *, *, #4556, .F. ) ;
#635 = AXIS2_PLACEMENT_3D ( 'NONE', #3384, #195, #3037 ) ;
#636 = CYLINDRICAL_SURFACE ( 'NONE', #758, 3.000000000000000000 ) ;
#637 = FACE_OUTER_BOUND ( 'NONE', #3577, .T. ) ;
#638 = AXIS2_PLACEMENT_3D ( 'NONE', #3422, #232, #4180 ) ;
#639 = CIRCLE ( 'NONE', #3683, 1.000000000000000888 ) ;
#640 = CIRCLE ( 'NONE', #3460, 1.000000000000000888 ) ;
#641 = VECTOR ( 'NONE', #1632, 1000.000000000000000 ) ;
#642 = CARTESIAN_POINT ( 'NONE',  ( 105.9999999999997726, -5.000000000000108358, 106.0000000000004405 ) ) ;
#643 = DIRECTION ( 'NONE',  ( 1.000000000000000000, -0.000000000000000000, -0.000000000000000000 ) ) ;
#644 = DIRECTION ( 'NONE',  ( 0.000000000000000000, -1.000000000000000000, 0.000000000000000000 ) ) ;
#645 = FACE_BOUND ( 'NONE', #3463, .T. ) ;
#646 = ORIENTED_EDGE ( 'NONE', *, *, #2308, .T. ) ;
#647 = CARTESIAN_POINT ( 'NONE',  ( -39.99999999999999289, -55.00000000000000000, 105.0000000000003411 ) ) ;
#648 = CARTESIAN_POINT ( 'NONE',  ( 110.0000000000000142, -5.000000000000000000, 104.0000000000000000 ) ) ;
#649 = CARTESIAN_POINT ( 'NONE',  ( 100.1378205297622799, -3.000000000000008882, 104.0000000000000142 ) ) ;
#650 = DIRECTION ( 'NONE',  ( 1.000000000000000000, 0.000000000000000000, 0.000000000000000000 ) ) ;
#651 = ADVANCED_FACE ( 'NONE', ( #4391 ), #3994, .F. ) ;
#652 = ORIENTED_EDGE ( 'NONE', *, *, #2366, .T. ) ;
#653 = VERTEX_POINT ( 'NONE', #467 ) ;
#654 = VECTOR ( 'NONE', #4251, 1000.000000000000000 ) ;
#655 = CARTESIAN_POINT ( 'NONE',  ( 99.03799269841894670, -68.70707773570227062, 105.2990973786457403 ) ) ;
#656 = CYLINDRICAL_SURFACE ( 'NONE', #3438, 3.000000000000002665 ) ;
#657 = ADVANCED_FACE ( 'NONE', ( #3358, #166, #2269, #1587, #2941, #3686, #1892, #118, #1199, #824, #3010 ), #2613, .T. ) ;
#658 = VECTOR ( 'NONE', #3591, 1000.000000000000000 ) ;
#659 = DIRECTION ( 'NONE',  ( 0.000000000000000000, 0.000000000000000000, -1.000000000000000000 ) ) ;
#660 = EDGE_CURVE ( 'NONE', #3502, #1467, #1713, .T. ) ;
#661 = VERTEX_POINT ( 'NONE', #3643 ) ;
#662 = ORIENTED_EDGE ( 'NONE', *, *, #3927, .T. ) ;
#663 = ADVANCED_FACE ( 'NONE', ( #848 ), #803, .F. ) ;
#664 = CARTESIAN_POINT ( 'NONE',  ( 106.8582607676896004, -56.00494257185981439, 104.9212263218093710 ) ) ;
#665 = LINE ( 'NONE', #233, #1739 ) ;
#666 = CARTESIAN_POINT ( 'NONE',  ( 107.0000000000000142, -66.99999999998364331, 104.1963517449771928 ) ) ;
#667 = DIRECTION ( 'NONE',  ( -0.000000000000000000, -1.000000000000000000, -0.000000000000000000 ) ) ;
#668 = FACE_OUTER_BOUND ( 'NONE', #2724, .T. ) ;
#669 = CIRCLE ( 'NONE', #289, 0.9999999999999974465 ) ;
#670 = EDGE_LOOP ( 'NONE', ( #2579, #104, #4141, #797 ) ) ;
#671 = CARTESIAN_POINT ( 'NONE',  ( -35.99999999999998579, -66.99999999999998579, 105.9999999999999858 ) ) ;
#672 = VECTOR ( 'NONE', #1573, 1000.000000000000000 ) ;
#673 = LINE ( 'NONE', #3459, #2455 ) ;
#674 = CARTESIAN_POINT ( 'NONE',  ( 86.00000000000001421, -3.000000000000002220, 105.9999999999999858 ) ) ;
#675 =( NAMED_UNIT ( * ) SI_UNIT ( $, .STERADIAN. ) SOLID_ANGLE_UNIT ( ) );
#676 = VERTEX_POINT ( 'NONE', #4038 ) ;
#677 = ORIENTED_EDGE ( 'NONE', *, *, #1644, .T. ) ;
#678 = CARTESIAN_POINT ( 'NONE',  ( 106.2625782240067736, -37.72796940268312227, 105.9710819721205155 ) ) ;
#679 = CARTESIAN_POINT ( 'NONE',  ( 110.0000000000000000, -49.99999999999998579, 109.9999999999999858 ) ) ;
#680 = EDGE_CURVE ( 'NONE', #4031, #416, #778, .T. ) ;
#681 = DIRECTION ( 'NONE',  ( 1.000000000000000000, 0.000000000000000000, 0.000000000000000000 ) ) ;
#682 = ORIENTED_EDGE ( 'NONE', *, *, #2240, .F. ) ;
#683 = VERTEX_POINT ( 'NONE', #263 ) ;
#684 = EDGE_CURVE ( 'NONE', #4224, #2491, #3723, .T. ) ;
#685 = CARTESIAN_POINT ( 'NONE',  ( 106.7070777357022990, -55.96200730158109593, 105.2990973786457403 ) ) ;
#686 = DIRECTION ( 'NONE',  ( 0.000000000000000000, 0.000000000000000000, -1.000000000000000000 ) ) ;
#687 = EDGE_CURVE ( 'NONE', #4091, #3107, #2008, .T. ) ;
#688 = VECTOR ( 'NONE', #3400, 1000.000000000000000 ) ;
#689 = DIRECTION ( 'NONE',  ( -0.000000000000000000, -1.000000000000000000, -0.000000000000000000 ) ) ;
#690 = CARTESIAN_POINT ( 'NONE',  ( -39.99999999999998579, -72.00000000000000000, 106.9999999999999858 ) ) ;
#691 = DIRECTION ( 'NONE',  ( 0.000000000000000000, 0.000000000000000000, 1.000000000000000000 ) ) ;
#692 = ORIENTED_EDGE ( 'NONE', *, *, #2177, .F. ) ;
#693 = CARTESIAN_POINT ( 'NONE',  ( 106.8284271247461845, -6.000000000000002665, 105.0000000000000000 ) ) ;
#694 = CARTESIAN_POINT ( 'NONE',  ( 106.7070777357022990, -65.96200730158109593, 105.2990973786457545 ) ) ;
#695 = FACE_OUTER_BOUND ( 'NONE', #3484, .T. ) ;
#696 = SURFACE_STYLE_USAGE ( .BOTH. , #1048 ) ;
#697 = ORIENTED_EDGE ( 'NONE', *, *, #1762, .F. ) ;
#698 = ORIENTED_EDGE ( 'NONE', *, *, #4383, .T. ) ;
#699 = DIRECTION ( 'NONE',  ( 1.000000000000000000, 0.000000000000000000, 0.000000000000000000 ) ) ;
#700 = CARTESIAN_POINT ( 'NONE',  ( -36.99999999999997868, -3.000000000000000000, 99.99999999999998579 ) ) ;
#701 = DIRECTION ( 'NONE',  ( -0.000000000000000000, -0.000000000000000000, 1.000000000000000000 ) ) ;
#702 = ORIENTED_EDGE ( 'NONE', *, *, #68, .F. ) ;
#703 = CARTESIAN_POINT ( 'NONE',  ( 107.0003710670042665, -55.27338759606229956, 104.0282973974177736 ) ) ;
#704 = AXIS2_PLACEMENT_3D ( 'NONE', #1330, #2384, #4158 ) ;
#705 = AXIS2_PLACEMENT_3D ( 'NONE', #4097, #2327, #3321 ) ;
#706 = LINE ( 'NONE', #2142, #1817 ) ;
#707 = EDGE_CURVE ( 'NONE', #2486, #105, #1683, .T. ) ;
#708 = EDGE_CURVE ( 'NONE', #3107, #1677, #2158, .T. ) ;
#709 = AXIS2_PLACEMENT_3D ( 'NONE', #1021, #1316, #4208 ) ;
#710 = DIRECTION ( 'NONE',  ( 0.000000000000000000, 0.000000000000000000, 1.000000000000000000 ) ) ;
#711 = EDGE_CURVE ( 'NONE', #676, #841, #4264, .T. ) ;
#712 = CARTESIAN_POINT ( 'NONE',  ( 85.50000000000004263, -62.00000000000000000, 106.9999999999999858 ) ) ;
#713 = EDGE_CURVE ( 'NONE', #1132, #4439, #2751, .T. ) ;
#714 = EDGE_LOOP ( 'NONE', ( #2472, #1968, #3675, #1215 ) ) ;
#715 = AXIS2_PLACEMENT_3D ( 'NONE', #1358, #691, #735 ) ;
#716 = AXIS2_PLACEMENT_3D ( 'NONE', #4313, #2236, #1120 ) ;
#717 = CARTESIAN_POINT ( 'NONE',  ( -36.99999999999997868, -5.999999999999998224, 105.0000000000003268 ) ) ;
#718 = CARTESIAN_POINT ( 'NONE',  ( -39.99999999999997868, -72.00000000000000000, 109.9999999999999858 ) ) ;
#719 = CIRCLE ( 'NONE', #1529, 3.000000000000002665 ) ;
#720 = CARTESIAN_POINT ( 'NONE',  ( -36.72518910277464954, -4.738594604343582262, 105.9736875215181584 ) ) ;
#721 = ORIENTED_EDGE ( 'NONE', *, *, #2586, .T. ) ;
#722 = ORIENTED_EDGE ( 'NONE', *, *, #1759, .T. ) ;
#723 = CARTESIAN_POINT ( 'NONE',  ( 94.00000000000000000, -3.000000000000002220, 103.9999999999999858 ) ) ;
#724 = CARTESIAN_POINT ( 'NONE',  ( 100.0000000000000142, -61.99999999999999289, 105.0000000000000000 ) ) ;
#725 = CARTESIAN_POINT ( 'NONE',  ( 22.50000000000002132, -4.000000000000000888, 105.9999999999999858 ) ) ;
#726 = VERTEX_POINT ( 'NONE', #2030 ) ;
#727 = VECTOR ( 'NONE', #4557, 1000.000000000000000 ) ;
#728 = ORIENTED_EDGE ( 'NONE', *, *, #3875, .T. ) ;
#729 = DIRECTION ( 'NONE',  ( -0.000000000000000000, 1.000000000000000000, -0.000000000000000000 ) ) ;
#730 = FACE_OUTER_BOUND ( 'NONE', #3410, .T. ) ;
#731 = DIRECTION ( 'NONE',  ( 0.000000000000000000, 0.000000000000000000, 1.000000000000000000 ) ) ;
#732 = ADVANCED_FACE ( 'NONE', ( #3827 ), #543, .F. ) ;
#733 = DIRECTION ( 'NONE',  ( 0.000000000000000000, 0.000000000000000000, -1.000000000000000000 ) ) ;
#734 = ORIENTED_EDGE ( 'NONE', *, *, #3897, .F. ) ;
#735 = DIRECTION ( 'NONE',  ( 1.000000000000000000, 0.000000000000000000, 0.000000000000000000 ) ) ;
#736 = EDGE_CURVE ( 'NONE', #726, #3749, #4532, .T. ) ;
#737 = CARTESIAN_POINT ( 'NONE',  ( 86.00000000000001421, -68.99999999999998579, 99.99999999999998579 ) ) ;
#738 = DIRECTION ( 'NONE',  ( -1.000000000000000000, 0.000000000000000000, 0.000000000000000000 ) ) ;
#739 = EDGE_CURVE ( 'NONE', #4091, #4162, #240, .T. ) ;
#740 = CARTESIAN_POINT ( 'NONE',  ( 107.0000000000000142, -66.99999999999998579, 103.9999999999999858 ) ) ;
#741 = ORIENTED_EDGE ( 'NONE', *, *, #2102, .F. ) ;
#742 = ORIENTED_EDGE ( 'NONE', *, *, #4611, .F. ) ;
#743 = EDGE_CURVE ( 'NONE', #95, #523, #3817, .T. ) ;
#744 = AXIS2_PLACEMENT_3D ( 'NONE', #1477, #364, #53 ) ;
#745 = CARTESIAN_POINT ( 'NONE',  ( 105.9999999999997726, -5.000000000000108358, 106.0000000000004405 ) ) ;
#746 = DIRECTION ( 'NONE',  ( -0.000000000000000000, 1.000000000000000000, -0.000000000000000000 ) ) ;
#747 = LINE ( 'NONE', #2182, #2353 ) ;
#748 = ORIENTED_EDGE ( 'NONE', *, *, #4325, .F. ) ;
#749 = ORIENTED_EDGE ( 'NONE', *, *, #4006, .T. ) ;
#750 = CARTESIAN_POINT ( 'NONE',  ( 106.9999999985085992, -68.99999999850768972, 104.3277451948248000 ) ) ;
#751 = CARTESIAN_POINT ( 'NONE',  ( 106.5247240203470653, -55.79112817881831887, 105.6238272469568926 ) ) ;
#752 = CARTESIAN_POINT ( 'NONE',  ( -39.99999999999999289, -15.00000000000000000, 106.0000000000003553 ) ) ;
#753 = CIRCLE ( 'NONE', #2388, 2.499999999999998668 ) ;
#754 = DIRECTION ( 'NONE',  ( 0.000000000000000000, 0.000000000000000000, 1.000000000000000000 ) ) ;
#755 = DIRECTION ( 'NONE',  ( 0.000000000000000000, 0.000000000000000000, -1.000000000000000000 ) ) ;
#756 = ORIENTED_EDGE ( 'NONE', *, *, #164, .F. ) ;
#757 = PLANE ( 'NONE',  #2644 ) ;
#758 = AXIS2_PLACEMENT_3D ( 'NONE', #1631, #2336, #2006 ) ;
#759 = DIRECTION ( 'NONE',  ( -0.000000000000000000, -1.000000000000000000, -0.000000000000000000 ) ) ;
#760 = LINE ( 'NONE', #2132, #3336 ) ;
#761 = DIRECTION ( 'NONE',  ( -1.000000000000000000, 0.000000000000000000, 2.312964634635740294E-15 ) ) ;
#762 = B_SPLINE_CURVE_WITH_KNOTS ( 'NONE', 3,
 ( #2591, #1150, #1567, #142, #3995, #120, #2614, #2964, #2989, #2317, #3732, #1871, #1201, #2942, #2639, #4369 ),
 .UNSPECIFIED., .F., .F.,
 ( 4, 2, 2, 2, 2, 2, 2, 4 ),
 ( 0.000000000000000000, 0.0004081357208136109018, 0.0008162714416272218035, 0.001224407162440832759, 0.001632542883254443607, 0.002448814324881628656, 0.002856950045695208062, 0.003265085766508787034 ),
 .UNSPECIFIED. ) ;
#763 = VERTEX_POINT ( 'NONE', #4183 ) ;
#764 = EDGE_LOOP ( 'NONE', ( #569, #4109, #2044, #3719 ) ) ;
#765 = ADVANCED_FACE ( 'NONE', ( #1704 ), #594, .F. ) ;
#766 = CARTESIAN_POINT ( 'NONE',  ( 94.00000000000000000, -41.99999999999998579, 106.9999999999999858 ) ) ;
#767 = DIRECTION ( 'NONE',  ( -1.000000000000000000, -0.000000000000000000, 2.312964634635740294E-15 ) ) ;
#768 = ADVANCED_FACE ( 'NONE', ( #970 ), #1635, .F. ) ;
#769 = DIRECTION ( 'NONE',  ( 1.000000000000000000, 0.000000000000000000, 0.000000000000000000 ) ) ;
#770 = ORIENTED_EDGE ( 'NONE', *, *, #1331, .T. ) ;
#771 = ORIENTED_EDGE ( 'NONE', *, *, #2051, .T. ) ;
#772 = DIRECTION ( 'NONE',  ( -1.000000000000000000, 0.000000000000000000, -0.000000000000000000 ) ) ;
#773 = CARTESIAN_POINT ( 'NONE',  ( 30.00000000000002487, -36.99999999999998579, 99.99999999999998579 ) ) ;
#774 = DIRECTION ( 'NONE',  ( 1.000000000000000000, 0.000000000000000000, 0.000000000000000000 ) ) ;
#775 = CARTESIAN_POINT ( 'NONE',  ( 107.0000000000000142, -6.000000000000005329, 99.99999999999998579 ) ) ;
#776 = ORIENTED_EDGE ( 'NONE', *, *, #1931, .F. ) ;
#777 = AXIS2_PLACEMENT_3D ( 'NONE', #4216, #4236, #4563 ) ;
#778 = LINE ( 'NONE', #496, #2978 ) ;
#779 = PLANE ( 'NONE',  #1332 ) ;
#780 = DIRECTION ( 'NONE',  ( 0.000000000000000000, 1.000000000000000000, 0.000000000000000000 ) ) ;
#781 = VECTOR ( 'NONE', #2261, 1000.000000000000000 ) ;
#782 = VERTEX_POINT ( 'NONE', #615 ) ;
#783 = ORIENTED_EDGE ( 'NONE', *, *, #711, .F. ) ;
#784 = AXIS2_PLACEMENT_3D ( 'NONE', #1901, #1572, #3293 ) ;
#785 = LINE ( 'NONE', #387, #2909 ) ;
#786 = AXIS2_PLACEMENT_3D ( 'NONE', #2601, #4024, #4352 ) ;
#787 = DIRECTION ( 'NONE',  ( 0.000000000000000000, 0.000000000000000000, 1.000000000000000000 ) ) ;
#788 = AXIS2_PLACEMENT_3D ( 'NONE', #3507, #2440, #978 ) ;
#789 = ADVANCED_FACE ( 'NONE', ( #897 ), #989, .F. ) ;
#790 = DIRECTION ( 'NONE',  ( -1.000000000000000000, 0.000000000000000000, 0.000000000000000000 ) ) ;
#791 = ORIENTED_EDGE ( 'NONE', *, *, #3184, .T. ) ;
#792 = VERTEX_POINT ( 'NONE', #4086 ) ;
#793 = EDGE_CURVE ( 'NONE', #792, #130, #1804, .T. ) ;
#794 = CARTESIAN_POINT ( 'NONE',  ( 104.9680166507359900, -68.90404995220774254, 104.7778476746088074 ) ) ;
#795 = LINE ( 'NONE', #63, #1749 ) ;
#796 = ADVANCED_FACE ( 'NONE', ( #3055 ), #4486, .T. ) ;
#797 = ORIENTED_EDGE ( 'NONE', *, *, #2366, .F. ) ;
#798 = EDGE_CURVE ( 'NONE', #931, #3704, #3590, .T. ) ;
#799 = AXIS2_PLACEMENT_3D ( 'NONE', #4488, #2755, #4185 ) ;
#800 = DIRECTION ( 'NONE',  ( -1.000000000000000000, 0.000000000000000000, 0.000000000000000000 ) ) ;
#801 = CARTESIAN_POINT ( 'NONE',  ( 105.8143285271623455, -4.098553919120496047, 105.4536856011796289 ) ) ;
#802 = ORIENTED_EDGE ( 'NONE', *, *, #1900, .F. ) ;
#803 = CYLINDRICAL_SURFACE ( 'NONE', #1121, 1.000000000000000888 ) ;
#804 = FACE_OUTER_BOUND ( 'NONE', #4338, .T. ) ;
#805 = CARTESIAN_POINT ( 'NONE',  ( 106.3477173071796500, -64.48806402336333576, 105.8688627039291816 ) ) ;
#806 = CYLINDRICAL_SURFACE ( 'NONE', #1890, 1.000000000000000000 ) ;
#807 = ORIENTED_EDGE ( 'NONE', *, *, #2213, .F. ) ;
#808 = ORIENTED_EDGE ( 'NONE', *, *, #506, .F. ) ;
#809 = DIRECTION ( 'NONE',  ( 0.000000000000000000, 0.000000000000000000, -1.000000000000000000 ) ) ;
#810 = CYLINDRICAL_SURFACE ( 'NONE', #2943, 1.000000000000000888 ) ;
#811 = CARTESIAN_POINT ( 'NONE',  ( 110.0000000000000142, -55.00000000000000000, 106.0000000000000000 ) ) ;
#812 = ORIENTED_EDGE ( 'NONE', *, *, #369, .F. ) ;
#813 = ORIENTED_EDGE ( 'NONE', *, *, #2160, .F. ) ;
#814 = EDGE_CURVE ( 'NONE', #628, #1798, #2478, .T. ) ;
#815 = CARTESIAN_POINT ( 'NONE',  ( 89.00000000000002842, 0.000000000000000000, 99.99999999999998579 ) ) ;
#816 = FACE_OUTER_BOUND ( 'NONE', #321, .T. ) ;
#817 = AXIS2_PLACEMENT_3D ( 'NONE', #963, #1717, #3512 ) ;
#818 = EDGE_LOOP ( 'NONE', ( #2696, #3 ) ) ;
#819 = EDGE_CURVE ( 'NONE', #633, #5, #3123, .T. ) ;
#820 = LINE ( 'NONE', #3658, #1942 ) ;
#821 = CARTESIAN_POINT ( 'NONE',  ( 105.0000000000000142, -66.99999999999998579, 103.9999999999999858 ) ) ;
#822 = VERTEX_POINT ( 'NONE', #1141 ) ;
#823 = EDGE_CURVE ( 'NONE', #2210, #2323, #2846, .T. ) ;
#824 = FACE_BOUND ( 'NONE', #3531, .T. ) ;
#825 = CARTESIAN_POINT ( 'NONE',  ( -36.99999999999998579, -65.00000000000000000, 105.0000000000003411 ) ) ;
#826 = CARTESIAN_POINT ( 'NONE',  ( 106.9973156942203474, -15.52575064371126068, 104.1382964627071743 ) ) ;
#827 = FACE_OUTER_BOUND ( 'NONE', #436, .T. ) ;
#828 = ORIENTED_EDGE ( 'NONE', *, *, #2608, .T. ) ;
#829 = VERTEX_POINT ( 'NONE', #2212 ) ;
#830 = AXIS2_PLACEMENT_3D ( 'NONE', #3446, #1287, #2703 ) ;
#831 = DIRECTION ( 'NONE',  ( 0.000000000000000000, -0.000000000000000000, 1.000000000000000000 ) ) ;
#832 = FACE_OUTER_BOUND ( 'NONE', #2652, .T. ) ;
#833 = FACE_OUTER_BOUND ( 'NONE', #41, .T. ) ;
#834 = ORIENTED_EDGE ( 'NONE', *, *, #4386, .T. ) ;
#835 = ORIENTED_EDGE ( 'NONE', *, *, #1754, .T. ) ;
#836 = CARTESIAN_POINT ( 'NONE',  ( 104.5301833950902619, -66.53018339508905399, 106.9748332239078508 ) ) ;
#837 = CARTESIAN_POINT ( 'NONE',  ( 100.7911281788183686, -3.475275979652929337, 105.6238272469568926 ) ) ;
#838 = LINE ( 'NONE', #1912, #4133 ) ;
#839 = VERTEX_POINT ( 'NONE', #437 ) ;
#840 = AXIS2_PLACEMENT_3D ( 'NONE', #3475, #1290, #285 ) ;
#841 = VERTEX_POINT ( 'NONE', #3498 ) ;
#842 = DIRECTION ( 'NONE',  ( -0.000000000000000000, -0.000000000000000000, -1.000000000000000000 ) ) ;
#843 = CARTESIAN_POINT ( 'NONE',  ( 99.36151076500983947, -3.006307697940637347, 104.2185113105282568 ) ) ;
#844 = ORIENTED_EDGE ( 'NONE', *, *, #338, .F. ) ;
#845 = EDGE_CURVE ( 'NONE', #1405, #2491, #4037, .T. ) ;
#846 = AXIS2_PLACEMENT_3D ( 'NONE', #6, #1428, #3881 ) ;
#847 = EDGE_CURVE ( 'NONE', #3953, #296, #2887, .T. ) ;
#848 = FACE_OUTER_BOUND ( 'NONE', #611, .T. ) ;
#849 = CARTESIAN_POINT ( 'NONE',  ( 110.0000000000000142, -30.00000000000000000, 104.0000000000000000 ) ) ;
#850 = CARTESIAN_POINT ( 'NONE',  ( 106.7070777357022990, -15.96200730158109060, 105.2990973786457545 ) ) ;
#851 = LINE ( 'NONE', #451, #4125 ) ;
#852 = VECTOR ( 'NONE', #3895, 1000.000000000000000 ) ;
#853 = EDGE_CURVE ( 'NONE', #822, #3699, #62, .T. ) ;
#854 = VECTOR ( 'NONE', #3769, 1000.000000000000000 ) ;
#855 = ORIENTED_EDGE ( 'NONE', *, *, #3435, .T. ) ;
#856 = ORIENTED_EDGE ( 'NONE', *, *, #2914, .T. ) ;
#857 = ADVANCED_FACE ( 'NONE', ( #4205 ), #2622, .F. ) ;
#858 = CARTESIAN_POINT ( 'NONE',  ( 88.00000000000002842, -65.99999999999998579, 106.9999999999999858 ) ) ;
#859 = DIRECTION ( 'NONE',  ( 1.000000000000000000, -0.000000000000000000, -0.000000000000000000 ) ) ;
#860 = CARTESIAN_POINT ( 'NONE',  ( -36.99999999999998579, -66.99999999999998579, 105.9999999999999858 ) ) ;
#861 = VECTOR ( 'NONE', #2908, 1000.000000000000000 ) ;
#862 = CIRCLE ( 'NONE', #4282, 1.000000000000000888 ) ;
#863 = ORIENTED_EDGE ( 'NONE', *, *, #1274, .F. ) ;
#864 = ORIENTED_EDGE ( 'NONE', *, *, #1255, .F. ) ;
#865 = VECTOR ( 'NONE', #1777, 1000.000000000000000 ) ;
#866 = DIRECTION ( 'NONE',  ( 1.000000000000000000, 0.000000000000000000, 0.000000000000000000 ) ) ;
#867 = CARTESIAN_POINT ( 'NONE',  ( -33.99999999999997158, -4.000000000000003553, 106.9999999999999858 ) ) ;
#868 = DIRECTION ( 'NONE',  ( 1.807003620809174262E-17, 1.000000000000000000, -0.000000000000000000 ) ) ;
#869 = ORIENTED_EDGE ( 'NONE', *, *, #1991, .F. ) ;
#870 = CARTESIAN_POINT ( 'NONE',  ( -29.99999999999998579, -61.99999999999999289, 105.0000000000000000 ) ) ;
#871 = CARTESIAN_POINT ( 'NONE',  ( 98.99497215984447962, -3.141041721615892346, 104.9193501258490073 ) ) ;
#872 = ORIENTED_EDGE ( 'NONE', *, *, #3177, .F. ) ;
#873 = TOROIDAL_SURFACE ( 'NONE', #3100, 2.000000000000000000, 1.000000000000000000 ) ;
#874 = EDGE_CURVE ( 'NONE', #2626, #2788, #3394, .T. ) ;
#875 = LINE ( 'NONE', #519, #1565 ) ;
#876 = CARTESIAN_POINT ( 'NONE',  ( 30.50000000000002487, -6.000000000000000888, 105.9999999999999858 ) ) ;
#877 = CARTESIAN_POINT ( 'NONE',  ( 106.8978503776352085, -64.01394595793608744, 104.7867655394393722 ) ) ;
#878 = CARTESIAN_POINT ( 'NONE',  ( 107.0000000000000142, -38.00000000000000000, 103.9999999999999858 ) ) ;
#879 = ORIENTED_EDGE ( 'NONE', *, *, #2983, .T. ) ;
#880 = EDGE_LOOP ( 'NONE', ( #2054, #3443, #2634, #4281, #1584, #452, #4068, #2904, #3444, #163, #2711 ) ) ;
#881 = ADVANCED_FACE ( 'NONE', ( #132 ), #4429, .F. ) ;
#882 = CARTESIAN_POINT ( 'NONE',  ( 106.8589582783841223, -28.99497215984448317, 104.9193501258490073 ) ) ;
#883 = CARTESIAN_POINT ( 'NONE',  ( 83.00000000000002842, -11.99999999999999645, 109.9999999999999858 ) ) ;
#884 = DIRECTION ( 'NONE',  ( -1.000000000000000000, 0.000000000000000000, 0.000000000000000000 ) ) ;
#885 = DIRECTION ( 'NONE',  ( 3.469446951953611033E-15, 0.000000000000000000, 1.000000000000000000 ) ) ;
#886 = ADVANCED_FACE ( 'NONE', ( #4101 ), #1626, .F. ) ;
#887 = ORIENTED_EDGE ( 'NONE', *, *, #3866, .T. ) ;
#888 = ORIENTED_EDGE ( 'NONE', *, *, #2817, .T. ) ;
#889 = CARTESIAN_POINT ( 'NONE',  ( 104.7852436856993421, -66.26174789523300035, 106.9219180164926684 ) ) ;
#890 = AXIS2_PLACEMENT_3D ( 'NONE', #926, #3129, #4537 ) ;
#891 = CARTESIAN_POINT ( 'NONE',  ( -36.82842712474617031, -5.000000000000000888, 104.0000000000003268 ) ) ;
#892 = ORIENTED_EDGE ( 'NONE', *, *, #1527, .F. ) ;
#893 = CIRCLE ( 'NONE', #3710, 1.000000000000000000 ) ;
#894 = LINE ( 'NONE', #3374, #3833 ) ;
#895 = CARTESIAN_POINT ( 'NONE',  ( 99.47574282784366062, -3.002658602483168959, 104.1375458702922145 ) ) ;
#896 = ORIENTED_EDGE ( 'NONE', *, *, #1732, .T. ) ;
#897 = FACE_OUTER_BOUND ( 'NONE', #1605, .T. ) ;
#898 = DIRECTION ( 'NONE',  ( -0.000000000000000000, -0.000000000000000000, 1.000000000000000000 ) ) ;
#899 = CARTESIAN_POINT ( 'NONE',  ( 106.9973413975168341, -64.47574282784361799, 104.1375458702922288 ) ) ;
#900 = DIRECTION ( 'NONE',  ( 0.000000000000000000, -0.000000000000000000, -1.000000000000000000 ) ) ;
#901 = ORIENTED_EDGE ( 'NONE', *, *, #2779, .F. ) ;
#902 = ORIENTED_EDGE ( 'NONE', *, *, #708, .T. ) ;
#903 = CARTESIAN_POINT ( 'NONE',  ( -34.99999999999998579, -72.00000000000000000, 99.99999999999998579 ) ) ;
#904 = CARTESIAN_POINT ( 'NONE',  ( -36.99999999999997868, -5.999999999999998224, 105.9999999999999858 ) ) ;
#905 = CARTESIAN_POINT ( 'NONE',  ( 94.00000000000000000, -5.999999999999998224, 103.9999999999999858 ) ) ;
#906 = ADVANCED_FACE ( 'NONE', ( #1557 ), #1284, .F. ) ;
#907 = ORIENTED_EDGE ( 'NONE', *, *, #88, .T. ) ;
#908 = CIRCLE ( 'NONE', #3579, 2.499999999999998668 ) ;
#909 = ORIENTED_EDGE ( 'NONE', *, *, #1729, .F. ) ;
#910 = AXIS2_PLACEMENT_3D ( 'NONE', #3251, #4594, #699 ) ;
#911 = CARTESIAN_POINT ( 'NONE',  ( 104.7533868066501839, -68.26016041995052319, 105.9824802671687252 ) ) ;
#912 = EDGE_CURVE ( 'NONE', #217, #1738, #108, .T. ) ;
#913 = CARTESIAN_POINT ( 'NONE',  ( -39.99999999999999289, -65.00000000000000000, 105.0000000000003553 ) ) ;
#914 = EDGE_CURVE ( 'NONE', #1036, #4014, #3774, .T. ) ;
#915 = ORIENTED_EDGE ( 'NONE', *, *, #3177, .T. ) ;
#916 = EDGE_LOOP ( 'NONE', ( #3183, #4396, #3038, #3919 ) ) ;
#917 = FACE_OUTER_BOUND ( 'NONE', #297, .T. ) ;
#918 = DIRECTION ( 'NONE',  ( 0.000000000000000000, 0.000000000000000000, 1.000000000000000000 ) ) ;
#919 = VERTEX_POINT ( 'NONE', #1240 ) ;
#920 = PRODUCT_DEFINITION_CONTEXT ( 'detailed design', #504, 'design' ) ;
#921 = CARTESIAN_POINT ( 'NONE',  ( 110.0000000000000142, -65.00000000000000000, 105.0000000000000142 ) ) ;
#922 = CARTESIAN_POINT ( 'NONE',  ( 107.0000000000000142, -15.00000000000000000, 103.9999999999999858 ) ) ;
#923 = CARTESIAN_POINT ( 'NONE',  ( 106.9542093303369938, -30.89658726422839408, 104.5376554611970192 ) ) ;
#924 = DIRECTION ( 'NONE',  ( -1.000000000000000000, 1.807003620809174262E-17, -0.000000000000000000 ) ) ;
#925 = VERTEX_POINT ( 'NONE', #3300 ) ;
#926 = CARTESIAN_POINT ( 'NONE',  ( 33.00000000000004263, -62.00000000000000000, 106.9999999999999858 ) ) ;
#927 = DIRECTION ( 'NONE',  ( -1.000000000000000000, 0.000000000000000000, 0.000000000000000000 ) ) ;
#928 = CIRCLE ( 'NONE', #1512, 1.000000000000000888 ) ;
#929 = CARTESIAN_POINT ( 'NONE',  ( 104.0000000000000142, -6.000000000000002665, 103.9999999999999858 ) ) ;
#930 = EDGE_LOOP ( 'NONE', ( #4520, #4272, #1687, #4225 ) ) ;
#931 = VERTEX_POINT ( 'NONE', #1930 ) ;
#932 = VECTOR ( 'NONE', #122, 1000.000000000000000 ) ;
#933 = AXIS2_PLACEMENT_3D ( 'NONE', #2090, #1390, #2111 ) ;
#934 = CARTESIAN_POINT ( 'NONE',  ( 99.47424935628876597, -68.99731569422033317, 104.1382964627071459 ) ) ;
#935 = CARTESIAN_POINT ( 'NONE',  ( 104.0000000000000142, -65.99999999999998579, 106.9999999999999858 ) ) ;
#936 = EDGE_CURVE ( 'NONE', #4542, #2486, #2955, .T. ) ;
#937 = CYLINDRICAL_SURFACE ( 'NONE', #2714, 1.000000000000000888 ) ;
#938 = VECTOR ( 'NONE', #2875, 1000.000000000000000 ) ;
#939 = EDGE_LOOP ( 'NONE', ( #4152, #1708, #2617, #2397, #4167 ) ) ;
#940 = EDGE_CURVE ( 'NONE', #2546, #4014, #4617, .T. ) ;
#941 = VECTOR ( 'NONE', #3986, 1000.000000000000000 ) ;
#942 = CIRCLE ( 'NONE', #2938, 2.499999999999995115 ) ;
#943 = EDGE_CURVE ( 'NONE', #683, #2959, #1265, .T. ) ;
#944 = EDGE_CURVE ( 'NONE', #839, #2195, #2073, .T. ) ;
#945 = AXIS2_PLACEMENT_3D ( 'NONE', #2923, #2951, #790 ) ;
#946 = DIRECTION ( 'NONE',  ( 0.000000000000000000, -1.000000000000000000, 0.000000000000000000 ) ) ;
#947 = CARTESIAN_POINT ( 'NONE',  ( -29.99999999999999289, -55.00000000000000000, 105.0000000000003126 ) ) ;
#948 = ORIENTED_EDGE ( 'NONE', *, *, #936, .T. ) ;
#949 = EDGE_CURVE ( 'NONE', #1132, #822, #1649, .T. ) ;
#950 = DIRECTION ( 'NONE',  ( 0.000000000000000000, -1.000000000000000000, 0.000000000000000000 ) ) ;
#951 = CARTESIAN_POINT ( 'NONE',  ( 106.3477173071796500, -14.48806402336333043, 105.8688627039291816 ) ) ;
#952 = DIRECTION ( 'NONE',  ( 0.000000000000000000, -1.000000000000000000, 0.000000000000000000 ) ) ;
#953 = LINE ( 'NONE', #4489, #2268 ) ;
#954 = CIRCLE ( 'NONE', #3848, 1.000000000000000888 ) ;
#955 = ORIENTED_EDGE ( 'NONE', *, *, #625, .T. ) ;
#956 = DIRECTION ( 'NONE',  ( 1.000000000000000000, -0.000000000000000000, -0.000000000000000000 ) ) ;
#957 = CYLINDRICAL_SURFACE ( 'NONE', #1703, 27.99999999999999645 ) ;
#958 = CARTESIAN_POINT ( 'NONE',  ( 20.00000000000004263, -62.00000000000000000, 106.9999999999999858 ) ) ;
#959 = DIRECTION ( 'NONE',  ( -0.000000000000000000, -0.000000000000000000, 1.000000000000000000 ) ) ;
#960 = ORIENTED_EDGE ( 'NONE', *, *, #1075, .F. ) ;
#961 = EDGE_LOOP ( 'NONE', ( #2528, #1949 ) ) ;
#962 = CARTESIAN_POINT ( 'NONE',  ( 106.9936923020593582, -37.36151076500981816, 104.2185113105283136 ) ) ;
#963 = CARTESIAN_POINT ( 'NONE',  ( 20.00000000000004263, -62.00000000000000000, 99.99999999999998579 ) ) ;
#964 = CARTESIAN_POINT ( 'NONE',  ( -36.95926720113012465, -5.492318118872723254, 104.1200671424320916 ) ) ;
#965 = ORIENTED_EDGE ( 'NONE', *, *, #4102, .F. ) ;
#966 = VERTEX_POINT ( 'NONE', #1007 ) ;
#967 = DIRECTION ( 'NONE',  ( -1.000000000000000000, 0.000000000000000000, 0.000000000000000000 ) ) ;
#968 = CARTESIAN_POINT ( 'NONE',  ( -36.99999999999998579, -66.99999999999998579, 105.9999999999999858 ) ) ;
#969 = CIRCLE ( 'NONE', #592, 3.000000000000002665 ) ;
#970 = FACE_OUTER_BOUND ( 'NONE', #1011, .T. ) ;
#971 = FACE_OUTER_BOUND ( 'NONE', #2153, .T. ) ;
#972 = EDGE_CURVE ( 'NONE', #17, #1859, #2599, .T. ) ;
#973 = CARTESIAN_POINT ( 'NONE',  ( 83.00000000000004263, -62.00000000000000000, 109.9999999999999858 ) ) ;
#974 = CARTESIAN_POINT ( 'NONE',  ( -29.99999999999998579, -3.000000000000000000, 104.0000000000000000 ) ) ;
#975 = VERTEX_POINT ( 'NONE', #3138 ) ;
#976 = FACE_OUTER_BOUND ( 'NONE', #3243, .T. ) ;
#977 = DIRECTION ( 'NONE',  ( 0.000000000000000000, 0.000000000000000000, 1.000000000000000000 ) ) ;
#978 = DIRECTION ( 'NONE',  ( 1.000000000000000000, 0.000000000000000000, 0.000000000000000000 ) ) ;
#979 = CARTESIAN_POINT ( 'NONE',  ( 94.00000000000000000, -68.99999999999998579, 103.9999999999999858 ) ) ;
#980 = VERTEX_POINT ( 'NONE', #679 ) ;
#981 = VERTEX_POINT ( 'NONE', #3418 ) ;
#982 = CARTESIAN_POINT ( 'NONE',  ( 99.10341273577161303, -68.95420933033697963, 104.5376554611970192 ) ) ;
#983 = FACE_OUTER_BOUND ( 'NONE', #239, .T. ) ;
#984 = CARTESIAN_POINT ( 'NONE',  ( 100.0000000000000142, -30.00000000000000000, 105.0000000000000000 ) ) ;
#985 = EDGE_LOOP ( 'NONE', ( #1321, #1733, #3725, #3962 ) ) ;
#986 = ORIENTED_EDGE ( 'NONE', *, *, #373, .T. ) ;
#987 = DIRECTION ( 'NONE',  ( 0.000000000000000000, 0.000000000000000000, 1.000000000000000000 ) ) ;
#988 = DIRECTION ( 'NONE',  ( 0.000000000000000000, 0.000000000000000000, 1.000000000000000000 ) ) ;
#989 = CYLINDRICAL_SURFACE ( 'NONE', #840, 1.000000000000000888 ) ;
#990 = FACE_OUTER_BOUND ( 'NONE', #3085, .T. ) ;
#991 = EDGE_CURVE ( 'NONE', #3515, #2257, #299, .T. ) ;
#992 = DIRECTION ( 'NONE',  ( -1.000000000000000000, 1.084202172485504681E-16, 0.000000000000000000 ) ) ;
#993 = DIRECTION ( 'NONE',  ( 0.000000000000000000, -0.000000000000000000, -1.000000000000000000 ) ) ;
#994 = AXIS2_PLACEMENT_3D ( 'NONE', #1071, #4329, #2206 ) ;
#995 = VERTEX_POINT ( 'NONE', #3071 ) ;
#996 = ADVANCED_FACE ( 'NONE', ( #2094 ), #4241, .F. ) ;
#997 = LINE ( 'NONE', #3431, #2079 ) ;
#998 = DIRECTION ( 'NONE',  ( 0.000000000000000000, -1.000000000000000000, 0.000000000000000000 ) ) ;
#999 = EDGE_CURVE ( 'NONE', #2959, #3464, #250, .T. ) ;
#1000 = CARTESIAN_POINT ( 'NONE',  ( -39.99999999999997868, -66.99999999999998579, 109.9999999999999858 ) ) ;
#1001 = DIRECTION ( 'NONE',  ( -1.000000000000000000, 0.000000000000000000, 0.000000000000000000 ) ) ;
#1002 = ORIENTED_EDGE ( 'NONE', *, *, #1955, .T. ) ;
#1003 = AXIS2_PLACEMENT_3D ( 'NONE', #671, #2896, #2808 ) ;
#1004 = ORIENTED_EDGE ( 'NONE', *, *, #2870, .T. ) ;
#1005 = EDGE_CURVE ( 'NONE', #2769, #462, #2721, .T. ) ;
#1006 = CARTESIAN_POINT ( 'NONE',  ( 99.86217947023781960, -69.00000000000000000, 104.0000000000000142 ) ) ;
#1007 = CARTESIAN_POINT ( 'NONE',  ( 104.0000000000000142, -65.99999999999998579, 106.9999999999999858 ) ) ;
#1008 = DIRECTION ( 'NONE',  ( 1.000000000000000000, 0.000000000000000000, 0.000000000000000000 ) ) ;
#1009 = AXIS2_PLACEMENT_3D ( 'NONE', #2431, #2081, #1608 ) ;
#1010 = ORIENTED_EDGE ( 'NONE', *, *, #2130, .F. ) ;
#1011 = EDGE_LOOP ( 'NONE', ( #3421, #1852, #208, #3813 ) ) ;
#1012 = LINE ( 'NONE', #4248, #3162 ) ;
#1013 = AXIS2_PLACEMENT_3D ( 'NONE', #4501, #1604, #1262 ) ;
#1014 = DIRECTION ( 'NONE',  ( 0.000000000000000000, 0.000000000000000000, 1.000000000000000000 ) ) ;
#1015 = TOROIDAL_SURFACE ( 'NONE', #1526, 1.000000000000001776, 1.000000000000000000 ) ;
#1016 = VECTOR ( 'NONE', #4283, 1000.000000000000000 ) ;
#1017 = AXIS2_PLACEMENT_3D ( 'NONE', #1293, #4138, #3453 ) ;
#1018 = CIRCLE ( 'NONE', #4362, 1.000000000000000888 ) ;
#1019 = CYLINDRICAL_SURFACE ( 'NONE', #1455, 2.000000000000001776 ) ;
#1020 = CARTESIAN_POINT ( 'NONE',  ( 104.0000000000000142, -41.99999999999998579, 106.9999999999999858 ) ) ;
#1021 = CARTESIAN_POINT ( 'NONE',  ( 110.0000000000000142, -5.000000000000000000, 105.0000000000000000 ) ) ;
#1022 = CIRCLE ( 'NONE', #415, 2.499999999999998668 ) ;
#1023 = EDGE_LOOP ( 'NONE', ( #902, #2926, #2358, #4062 ) ) ;
#1024 = DIRECTION ( 'NONE',  ( 1.807003620809174262E-17, 1.000000000000000000, -0.000000000000000000 ) ) ;
#1025 = DIRECTION ( 'NONE',  ( 1.000000000000000000, -0.000000000000000000, -0.000000000000000000 ) ) ;
#1026 = DIRECTION ( 'NONE',  ( -0.000000000000000000, 1.000000000000000000, -0.000000000000000000 ) ) ;
#1027 = ORIENTED_EDGE ( 'NONE', *, *, #2914, .F. ) ;
#1028 = ORIENTED_EDGE ( 'NONE', *, *, #949, .F. ) ;
#1029 = VECTOR ( 'NONE', #1589, 1000.000000000000000 ) ;
#1030 = DIRECTION ( 'NONE',  ( 0.000000000000000000, 0.000000000000000000, -1.000000000000000000 ) ) ;
#1031 = CARTESIAN_POINT ( 'NONE',  ( 100.0000000000000142, 0.000000000000000000, 104.0000000000000000 ) ) ;
#1032 = CIRCLE ( 'NONE', #1614, 2.499999999999998668 ) ;
#1033 = ADVANCED_FACE ( 'NONE', ( #983 ), #3818, .F. ) ;
#1034 = FACE_OUTER_BOUND ( 'NONE', #764, .T. ) ;
#1035 = VERTEX_POINT ( 'NONE', #1052 ) ;
#1036 = VERTEX_POINT ( 'NONE', #4545 ) ;
#1037 = CARTESIAN_POINT ( 'NONE',  ( 94.00000000000000000, -3.000000000000002220, 99.99999999999998579 ) ) ;
#1038 = DIRECTION ( 'NONE',  ( 0.000000000000000000, 0.000000000000000000, -1.000000000000000000 ) ) ;
#1039 = DIRECTION ( 'NONE',  ( 1.000000000000000000, 0.000000000000000000, 0.000000000000000000 ) ) ;
#1040 = CARTESIAN_POINT ( 'NONE',  ( -34.99999999999998579, -68.99999999999998579, 103.9999999999999858 ) ) ;
#1041 = CARTESIAN_POINT ( 'NONE',  ( -39.99999999999997868, -72.00000000000000000, 109.9999999999999858 ) ) ;
#1042 = VECTOR ( 'NONE', #956, 1000.000000000000000 ) ;
#1043 = ORIENTED_EDGE ( 'NONE', *, *, #2015, .T. ) ;
#1044 = CARTESIAN_POINT ( 'NONE',  ( 94.00000000000000000, -41.99999999999998579, 109.9999999999999858 ) ) ;
#1045 = CARTESIAN_POINT ( 'NONE',  ( 106.7637123023369981, -65.99274977412892440, 105.1748220554701447 ) ) ;
#1046 = AXIS2_PLACEMENT_3D ( 'NONE', #1951, #4479, #486 ) ;
#1047 = DIRECTION ( 'NONE',  ( 2.312964634635740294E-15, 0.000000000000000000, 1.000000000000000000 ) ) ;
#1048 = SURFACE_SIDE_STYLE ('',( #3134 ) ) ;
#1049 = ORIENTED_EDGE ( 'NONE', *, *, #4321, .F. ) ;
#1050 = ORIENTED_EDGE ( 'NONE', *, *, #45, .F. ) ;
#1051 = DIRECTION ( 'NONE',  ( -0.000000000000000000, 1.000000000000000000, -0.000000000000000000 ) ) ;
#1052 = CARTESIAN_POINT ( 'NONE',  ( -39.99999999999999289, -5.000000000000000000, 106.0000000000003411 ) ) ;
#1053 = FACE_OUTER_BOUND ( 'NONE', #3606, .T. ) ;
#1054 = ORIENTED_EDGE ( 'NONE', *, *, #3292, .T. ) ;
#1055 = VERTEX_POINT ( 'NONE', #3843 ) ;
#1056 = ADVANCED_FACE ( 'NONE', ( #2468 ), #656, .F. ) ;
#1057 = CARTESIAN_POINT ( 'NONE',  ( 86.00000000000001421, -4.000000000000002665, 105.9999999999999858 ) ) ;
#1058 = EDGE_CURVE ( 'NONE', #653, #3731, #2174, .T. ) ;
#1059 = CARTESIAN_POINT ( 'NONE',  ( 104.0000000000000142, -6.000000000000002665, 103.9999999999999858 ) ) ;
#1060 = CIRCLE ( 'NONE', #2759, 1.000000000000000888 ) ;
#1061 = CARTESIAN_POINT ( 'NONE',  ( -36.99444120101382083, -5.794507635707378590, 105.6213485308295930 ) ) ;
#1062 = DIRECTION ( 'NONE',  ( 0.000000000000000000, 0.000000000000000000, -1.000000000000000000 ) ) ;
#1063 = DIRECTION ( 'NONE',  ( 1.000000000000000000, 0.000000000000000000, -0.000000000000000000 ) ) ;
#1064 = EDGE_LOOP ( 'NONE', ( #2527, #4098 ) ) ;
#1065 = DIRECTION ( 'NONE',  ( -1.000000000000000000, -0.000000000000000000, 2.312964634635740294E-15 ) ) ;
#1066 = DIRECTION ( 'NONE',  ( 2.312964634635740294E-15, 0.000000000000000000, 1.000000000000000000 ) ) ;
#1067 = DIRECTION ( 'NONE',  ( -1.000000000000000000, -0.000000000000000000, 2.312964634635740294E-15 ) ) ;
#1068 = ORIENTED_EDGE ( 'NONE', *, *, #2783, .F. ) ;
#1069 = EDGE_LOOP ( 'NONE', ( #4618, #3600, #1633, #2376 ) ) ;
#1070 = LINE ( 'NONE', #766, #310 ) ;
#1071 = CARTESIAN_POINT ( 'NONE',  ( -29.99999999999997513, -11.99999999999999645, 99.99999999999998579 ) ) ;
#1072 = FACE_BOUND ( 'NONE', #347, .T. ) ;
#1073 = ORIENTED_EDGE ( 'NONE', *, *, #335, .F. ) ;
#1074 = EDGE_LOOP ( 'NONE', ( #3576, #3398, #1934, #3223, #2882, #3117 ) ) ;
#1075 = EDGE_CURVE ( 'NONE', #2954, #2426, #2620, .T. ) ;
#1076 = CARTESIAN_POINT ( 'NONE',  ( 107.0000000000000142, -55.00000000000000000, 103.9999999999999858 ) ) ;
#1077 = AXIS2_PLACEMENT_3D ( 'NONE', #2363, #259, #988 ) ;
#1078 = CIRCLE ( 'NONE', #1373, 1.000000000000000888 ) ;
#1079 = DIRECTION ( 'NONE',  ( 0.000000000000000000, 0.000000000000000000, 1.000000000000000000 ) ) ;
#1080 = EDGE_CURVE ( 'NONE', #2913, #302, #619, .T. ) ;
#1081 = AXIS2_PLACEMENT_3D ( 'NONE', #216, #3428, #4535 ) ;
#1082 = EDGE_CURVE ( 'NONE', #3904, #3993, #16, .T. ) ;
#1083 = CARTESIAN_POINT ( 'NONE',  ( 110.0000000000000142, -38.00000000000000000, 105.0000000000000142 ) ) ;
#1084 = LINE ( 'NONE', #3569, #654 ) ;
#1085 = ORIENTED_EDGE ( 'NONE', *, *, #2499, .F. ) ;
#1086 = DIRECTION ( 'NONE',  ( 0.000000000000000000, 0.000000000000000000, -1.000000000000000000 ) ) ;
#1087 = EDGE_CURVE ( 'NONE', #1570, #1851, #3115, .T. ) ;
#1088 = CIRCLE ( 'NONE', #3015, 2.499999999999998668 ) ;
#1089 = CARTESIAN_POINT ( 'NONE',  ( 106.9087476646359534, -5.976222041363739024, 104.7461226836428665 ) ) ;
#1090 = FACE_BOUND ( 'NONE', #2392, .T. ) ;
#1091 = DIRECTION ( 'NONE',  ( -1.000000000000000000, -0.000000000000000000, 2.312964634635740294E-15 ) ) ;
#1092 = VERTEX_POINT ( 'NONE', #4196 ) ;
#1093 = ORIENTED_EDGE ( 'NONE', *, *, #1478, .T. ) ;
#1094 = CARTESIAN_POINT ( 'NONE',  ( 107.0000000000000142, -66.99999999999998579, 103.9999999999999858 ) ) ;
#1095 = CARTESIAN_POINT ( 'NONE',  ( 94.00000000000000000, -65.99999999999998579, 99.99999999999998579 ) ) ;
#1096 = CARTESIAN_POINT ( 'NONE',  ( 0.000000000000000000, 0.000000000000000000, 0.000000000000000000 ) ) ;
#1097 = EDGE_LOOP ( 'NONE', ( #4303, #4308 ) ) ;
#1098 = AXIS2_PLACEMENT_3D ( 'NONE', #2224, #1872, #3288 ) ;
#1099 = VERTEX_POINT ( 'NONE', #1031 ) ;
#1100 = CARTESIAN_POINT ( 'NONE',  ( 106.8582607676896288, -39.00494257185978597, 104.9212263218093426 ) ) ;
#1101 = FACE_OUTER_BOUND ( 'NONE', #124, .T. ) ;
#1102 = DIRECTION ( 'NONE',  ( 1.000000000000000000, 0.000000000000000000, 0.000000000000000000 ) ) ;
#1103 = FACE_BOUND ( 'NONE', #1950, .T. ) ;
#1104 = ORIENTED_EDGE ( 'NONE', *, *, #420, .T. ) ;
#1105 = CARTESIAN_POINT ( 'NONE',  ( -33.99999999999997158, -4.000000000000000000, 105.9999999999999858 ) ) ;
#1106 = ADVANCED_FACE ( 'NONE', ( #2445 ), #3865, .F. ) ;
#1107 = EDGE_CURVE ( 'NONE', #3141, #2763, #3228, .T. ) ;
#1108 = DIRECTION ( 'NONE',  ( -1.000000000000000000, 0.000000000000000000, 0.000000000000000000 ) ) ;
#1109 = CARTESIAN_POINT ( 'NONE',  ( 100.0000000000000142, -38.00000000000000000, 105.0000000000000142 ) ) ;
#1110 = CARTESIAN_POINT ( 'NONE',  ( -29.99999999999999289, -5.000000000000000000, 105.0000000000003126 ) ) ;
#1111 = ORIENTED_EDGE ( 'NONE', *, *, #943, .F. ) ;
#1112 = ORIENTED_EDGE ( 'NONE', *, *, #2728, .T. ) ;
#1113 = AXIS2_PLACEMENT_3D ( 'NONE', #4116, #3109, #2373 ) ;
#1114 = DIRECTION ( 'NONE',  ( -0.000000000000000000, 0.000000000000000000, -1.000000000000000000 ) ) ;
#1115 = DIRECTION ( 'NONE',  ( -0.000000000000000000, -1.000000000000000000, -0.000000000000000000 ) ) ;
#1116 = CARTESIAN_POINT ( 'NONE',  ( -29.99999999999998579, -72.00000000000000000, 106.0000000000000000 ) ) ;
#1117 = ORIENTED_EDGE ( 'NONE', *, *, #1478, .F. ) ;
#1118 = ORIENTED_EDGE ( 'NONE', *, *, #3866, .F. ) ;
#1119 = CARTESIAN_POINT ( 'NONE',  ( 106.6721662523132608, -68.67216625231324656, 105.4958577592671674 ) ) ;
#1120 = DIRECTION ( 'NONE',  ( 1.000000000000000000, 0.000000000000000000, 0.000000000000000000 ) ) ;
#1121 = AXIS2_PLACEMENT_3D ( 'NONE', #1566, #2988, #3968 ) ;
#1122 = DIRECTION ( 'NONE',  ( 0.000000000000000000, 1.000000000000000000, 0.000000000000000000 ) ) ;
#1123 = CARTESIAN_POINT ( 'NONE',  ( 105.0000000000000142, -72.00000000000000000, 0.000000000000000000 ) ) ;
#1124 = EDGE_LOOP ( 'NONE', ( #380, #907, #131, #3135 ) ) ;
#1125 = CIRCLE ( 'NONE', #3058, 27.99999999999999645 ) ;
#1126 = AXIS2_PLACEMENT_3D ( 'NONE', #304, #2580, #885 ) ;
#1127 = EDGE_CURVE ( 'NONE', #2162, #3605, #1788, .T. ) ;
#1128 = DIRECTION ( 'NONE',  ( -0.000000000000000000, -1.000000000000000000, -0.000000000000000000 ) ) ;
#1129 = DIRECTION ( 'NONE',  ( 0.000000000000000000, 0.000000000000000000, -1.000000000000000000 ) ) ;
#1130 = CARTESIAN_POINT ( 'NONE',  ( 20.00000000000004263, -62.00000000000000000, 109.9999999999999858 ) ) ;
#1131 = ADVANCED_FACE ( 'NONE', ( #2489 ), #3581, .F. ) ;
#1132 = VERTEX_POINT ( 'NONE', #3205 ) ;
#1133 = ORIENTED_EDGE ( 'NONE', *, *, #2806, .T. ) ;
#1134 = ADVANCED_FACE ( 'NONE', ( #371 ), #3186, .F. ) ;
#1135 = DIRECTION ( 'NONE',  ( -0.000000000000000000, -0.000000000000000000, 1.000000000000000000 ) ) ;
#1136 = FACE_OUTER_BOUND ( 'NONE', #3535, .T. ) ;
#1137 = FACE_BOUND ( 'NONE', #4044, .T. ) ;
#1138 = ADVANCED_FACE ( 'NONE', ( #1136 ), #1436, .T. ) ;
#1139 = ORIENTED_EDGE ( 'NONE', *, *, #1168, .F. ) ;
#1140 = ORIENTED_EDGE ( 'NONE', *, *, #3068, .T. ) ;
#1141 = CARTESIAN_POINT ( 'NONE',  ( 107.0000000000000142, -41.99999999999998579, 99.99999999999998579 ) ) ;
#1142 = ORIENTED_EDGE ( 'NONE', *, *, #3608, .T. ) ;
#1143 = DIRECTION ( 'NONE',  ( -0.000000000000000000, -0.000000000000000000, 1.000000000000000000 ) ) ;
#1144 = VERTEX_POINT ( 'NONE', #411 ) ;
#1145 = CIRCLE ( 'NONE', #2927, 1.000000000000000888 ) ;
#1146 = CARTESIAN_POINT ( 'NONE',  ( -29.99999999999996092, -62.00000000000000000, 109.9999999999999858 ) ) ;
#1147 = DIRECTION ( 'NONE',  ( 0.000000000000000000, 0.000000000000000000, -1.000000000000000000 ) ) ;
#1148 = ORIENTED_EDGE ( 'NONE', *, *, #3206, .F. ) ;
#1149 = CARTESIAN_POINT ( 'NONE',  ( 28.50000000000003908, -65.99999999999998579, 105.9999999999999858 ) ) ;
#1150 = CARTESIAN_POINT ( 'NONE',  ( 100.1380002050786686, -68.99999999999997158, 104.0000000000000000 ) ) ;
#1151 = CARTESIAN_POINT ( 'NONE',  ( 110.0000000000000142, -66.99999999999998579, 99.99999999999998579 ) ) ;
#1152 = AXIS2_PLACEMENT_3D ( 'NONE', #3303, #1453, #2171 ) ;
#1153 = ADVANCED_FACE ( 'NONE', ( #432 ), #2116, .F. ) ;
#1154 = ORIENTED_EDGE ( 'NONE', *, *, #4065, .F. ) ;
#1155 = ORIENTED_EDGE ( 'NONE', *, *, #4244, .F. ) ;
#1156 = VECTOR ( 'NONE', #1443, 1000.000000000000000 ) ;
#1157 = TOROIDAL_SURFACE ( 'NONE', #4214, 2.000000000000000000, 1.000000000000000000 ) ;
#1158 = DIRECTION ( 'NONE',  ( 1.927470528863119049E-16, -1.000000000000000000, -0.000000000000000000 ) ) ;
#1159 = VECTOR ( 'NONE', #3978, 1000.000000000000000 ) ;
#1160 = CARTESIAN_POINT ( 'NONE',  ( 22.50000000000003908, -62.00000000000000000, 109.9999999999999858 ) ) ;
#1161 = VECTOR ( 'NONE', #780, 1000.000000000000000 ) ;
#1162 = CARTESIAN_POINT ( 'NONE',  ( 110.0000000000000000, -41.99999999999998579, 109.9999999999999858 ) ) ;
#1163 = ADVANCED_FACE ( 'NONE', ( #1833 ), #3915, .F. ) ;
#1164 = ORIENTED_EDGE ( 'NONE', *, *, #1080, .F. ) ;
#1165 = CIRCLE ( 'NONE', #3767, 2.000000000000001776 ) ;
#1166 = ORIENTED_EDGE ( 'NONE', *, *, #2775, .T. ) ;
#1167 = DIRECTION ( 'NONE',  ( 0.000000000000000000, 0.000000000000000000, -1.000000000000000000 ) ) ;
#1168 = EDGE_CURVE ( 'NONE', #2251, #4565, #3561, .T. ) ;
#1169 = DIRECTION ( 'NONE',  ( 3.469446951953611033E-15, 0.000000000000000000, 1.000000000000000000 ) ) ;
#1170 = CIRCLE ( 'NONE', #353, 2.500000000000002220 ) ;
#1171 = ORIENTED_EDGE ( 'NONE', *, *, #2308, .F. ) ;
#1172 = PLANE ( 'NONE',  #308 ) ;
#1173 = CARTESIAN_POINT ( 'NONE',  ( 106.7329116453508107, -4.729841427244918961, 103.9999999999991473 ) ) ;
#1174 = ORIENTED_EDGE ( 'NONE', *, *, #2750, .T. ) ;
#1175 = CARTESIAN_POINT ( 'NONE',  ( 30.50000000000002842, -3.000000000000001332, 99.99999999999998579 ) ) ;
#1176 = DIRECTION ( 'NONE',  ( 0.000000000000000000, 0.000000000000000000, 1.000000000000000000 ) ) ;
#1177 = CARTESIAN_POINT ( 'NONE',  ( 107.0000000000000142, -66.99999999999998579, 99.99999999999998579 ) ) ;
#1178 = CARTESIAN_POINT ( 'NONE',  ( -34.99999999999998579, -68.99999999999998579, 99.99999999999998579 ) ) ;
#1179 = ORIENTED_EDGE ( 'NONE', *, *, #2695, .F. ) ;
#1180 = ORIENTED_EDGE ( 'NONE', *, *, #281, .F. ) ;
#1181 = CARTESIAN_POINT ( 'NONE',  ( 106.4040778208514126, -29.38447024690323062, 105.7976249577340724 ) ) ;
#1182 = FACE_OUTER_BOUND ( 'NONE', #4080, .T. ) ;
#1183 = DIRECTION ( 'NONE',  ( -1.000000000000000000, 1.084202172485504681E-16, 0.000000000000000000 ) ) ;
#1184 = VERTEX_POINT ( 'NONE', #2551 ) ;
#1185 = AXIS2_PLACEMENT_3D ( 'NONE', #1109, #404, #1129 ) ;
#1186 = ORIENTED_EDGE ( 'NONE', *, *, #2529, .T. ) ;
#1187 = DIRECTION ( 'NONE',  ( 1.000000000000000000, 0.000000000000000000, 0.000000000000000000 ) ) ;
#1188 = EDGE_CURVE ( 'NONE', #2763, #2920, #3618, .T. ) ;
#1189 = EDGE_CURVE ( 'NONE', #1962, #2954, #4613, .T. ) ;
#1190 = CARTESIAN_POINT ( 'NONE',  ( 100.5125107593515281, -3.651994276009801865, 105.8685019399078726 ) ) ;
#1191 = AXIS2_PLACEMENT_3D ( 'NONE', #2023, #2816, #3466 ) ;
#1192 = CARTESIAN_POINT ( 'NONE',  ( 80.50000000000004263, -62.00000000000000000, 106.9999999999999858 ) ) ;
#1193 = ORIENTED_EDGE ( 'NONE', *, *, #2701, .T. ) ;
#1194 = EDGE_CURVE ( 'NONE', #1737, #2694, #2569, .T. ) ;
#1195 = ADVANCED_FACE ( 'NONE', ( #2181 ), #3603, .F. ) ;
#1196 = DIRECTION ( 'NONE',  ( -0.000000000000000000, -1.000000000000000000, -0.000000000000000000 ) ) ;
#1197 = CYLINDRICAL_SURFACE ( 'NONE', #4451, 1.000000000000000888 ) ;
#1198 = ORIENTED_EDGE ( 'NONE', *, *, #3893, .F. ) ;
#1199 = FACE_BOUND ( 'NONE', #4536, .T. ) ;
#1200 = EDGE_LOOP ( 'NONE', ( #474, #3363, #2064, #4114, #2947, #3479, #453, #3254, #196, #3203 ) ) ;
#1201 = CARTESIAN_POINT ( 'NONE',  ( 100.5119359766366927, -68.34771730717962157, 105.8688627039291532 ) ) ;
#1202 = CARTESIAN_POINT ( 'NONE',  ( -36.53818563882740733, -4.396955970868678065, 104.1923586023859656 ) ) ;
#1203 = CARTESIAN_POINT ( 'NONE',  ( -34.99999999999998579, -68.99999999999998579, 99.99999999999998579 ) ) ;
#1204 = VERTEX_POINT ( 'NONE', #3252 ) ;
#1205 = ORIENTED_EDGE ( 'NONE', *, *, #69, .T. ) ;
#1206 = DIRECTION ( 'NONE',  ( 1.000000000000000000, 0.000000000000000000, 0.000000000000000000 ) ) ;
#1207 = CARTESIAN_POINT ( 'NONE',  ( 30.50000000000002487, -3.000000000000001332, 105.9999999999999858 ) ) ;
#1208 = LINE ( 'NONE', #3344, #854 ) ;
#1209 = VERTEX_POINT ( 'NONE', #59 ) ;
#1210 = ORIENTED_EDGE ( 'NONE', *, *, #2549, .F. ) ;
#1211 = CARTESIAN_POINT ( 'NONE',  ( 106.2601604199505374, -66.75338680665015545, 105.9824802671687252 ) ) ;
#1212 = CARTESIAN_POINT ( 'NONE',  ( 24.50000000000003553, -65.99999999999998579, 106.9999999999999858 ) ) ;
#1213 = VECTOR ( 'NONE', #39, 1000.000000000000000 ) ;
#1214 = DIRECTION ( 'NONE',  ( 1.000000000000000000, 0.000000000000000000, 0.000000000000000000 ) ) ;
#1215 = ORIENTED_EDGE ( 'NONE', *, *, #1420, .F. ) ;
#1216 = FACE_OUTER_BOUND ( 'NONE', #1722, .T. ) ;
#1217 = CARTESIAN_POINT ( 'NONE',  ( 99.10424111007162651, -3.045453245282532695, 104.5359013896212446 ) ) ;
#1218 = ORIENTED_EDGE ( 'NONE', *, *, #912, .F. ) ;
#1219 = CIRCLE ( 'NONE', #4200, 2.500000000000002220 ) ;
#1220 = ORIENTED_EDGE ( 'NONE', *, *, #373, .F. ) ;
#1221 = ADVANCED_FACE ( 'NONE', ( #1485 ), #2922, .F. ) ;
#1222 = CARTESIAN_POINT ( 'NONE',  ( -34.99999999999998579, -66.99999999999998579, 106.9999999999999858 ) ) ;
#1223 = DIRECTION ( 'NONE',  ( 1.000000000000000000, 0.000000000000000000, 0.000000000000000000 ) ) ;
#1224 = EDGE_CURVE ( 'NONE', #2307, #980, #2833, .T. ) ;
#1225 = CARTESIAN_POINT ( 'NONE',  ( 107.0003601997477460, -64.72634743272119806, 104.0285130053216989 ) ) ;
#1226 = LINE ( 'NONE', #2594, #3302 ) ;
#1227 = AXIS2_PLACEMENT_3D ( 'NONE', #1059, #1795, #2869 ) ;
#1228 = AXIS2_PLACEMENT_3D ( 'NONE', #3717, #1553, #1623 ) ;
#1229 = ORIENTED_EDGE ( 'NONE', *, *, #214, .T. ) ;
#1230 = ORIENTED_EDGE ( 'NONE', *, *, #4315, .F. ) ;
#1231 = CARTESIAN_POINT ( 'NONE',  ( 106.8978503776352085, -29.01394595793606257, 104.7867655394393438 ) ) ;
#1232 = FACE_OUTER_BOUND ( 'NONE', #670, .T. ) ;
#1233 = CARTESIAN_POINT ( 'NONE',  ( 91.00000000000000000, -44.99999999999999289, 103.9999999999999858 ) ) ;
#1234 = CIRCLE ( 'NONE', #2864, 2.499999999999998668 ) ;
#1235 = AXIS2_PLACEMENT_3D ( 'NONE', #876, #3359, #167 ) ;
#1236 = VERTEX_POINT ( 'NONE', #1160 ) ;
#1237 = ORIENTED_EDGE ( 'NONE', *, *, #3064, .T. ) ;
#1238 = AXIS2_PLACEMENT_3D ( 'NONE', #1628, #1650, #3050 ) ;
#1239 = AXIS2_PLACEMENT_3D ( 'NONE', #54, #761, #2917 ) ;
#1240 = CARTESIAN_POINT ( 'NONE',  ( -33.99999999999997158, -3.000000000000000000, 105.9999999999999858 ) ) ;
#1241 = DIRECTION ( 'NONE',  ( 1.000000000000000000, 0.000000000000000000, 0.000000000000000000 ) ) ;
#1242 = PLANE ( 'NONE',  #1522 ) ;
#1243 = ORIENTED_EDGE ( 'NONE', *, *, #2956, .F. ) ;
#1244 = DIRECTION ( 'NONE',  ( 0.000000000000000000, 0.000000000000000000, -1.000000000000000000 ) ) ;
#1245 = CARTESIAN_POINT ( 'NONE',  ( 35.50000000000004263, -62.00000000000000000, 99.99999999999998579 ) ) ;
#1246 = ORIENTED_EDGE ( 'NONE', *, *, #4096, .F. ) ;
#1247 = VECTOR ( 'NONE', #1764, 1000.000000000000000 ) ;
#1248 = CARTESIAN_POINT ( 'NONE',  ( 105.0000000000000142, -68.99999999999998579, 99.99999999999998579 ) ) ;
#1249 = AXIS2_PLACEMENT_3D ( 'NONE', #3828, #643, #2685 ) ;
#1250 = EDGE_CURVE ( 'NONE', #1571, #2831, #1022, .T. ) ;
#1251 = CARTESIAN_POINT ( 'NONE',  ( -36.35427992799346697, -4.139268540805248087, 105.5264649993631849 ) ) ;
#1252 = CARTESIAN_POINT ( 'NONE',  ( 105.0000000000000142, -66.99999999999998579, 99.99999999999998579 ) ) ;
#1253 = ORIENTED_EDGE ( 'NONE', *, *, #251, .F. ) ;
#1254 = ORIENTED_EDGE ( 'NONE', *, *, #1127, .F. ) ;
#1255 = EDGE_CURVE ( 'NONE', #4031, #3953, #1622, .T. ) ;
#1256 = CARTESIAN_POINT ( 'NONE',  ( 106.2625782240068020, -29.72796940268312582, 105.9710819721205155 ) ) ;
#1257 = DIRECTION ( 'NONE',  ( 0.000000000000000000, 0.000000000000000000, 1.000000000000000000 ) ) ;
#1258 = DIRECTION ( 'NONE',  ( 0.000000000000000000, 0.000000000000000000, -1.000000000000000000 ) ) ;
#1259 = EDGE_LOOP ( 'NONE', ( #2312, #367, #2449, #2993, #4335, #2412, #1118 ) ) ;
#1260 = ORIENTED_EDGE ( 'NONE', *, *, #2612, .F. ) ;
#1261 = CARTESIAN_POINT ( 'NONE',  ( 104.0000000000000142, -65.99999999999998579, 106.9999999999999858 ) ) ;
#1262 = DIRECTION ( 'NONE',  ( -1.000000000000000000, 9.830099697201897928E-15, 0.000000000000000000 ) ) ;
#1263 = VERTEX_POINT ( 'NONE', #2621 ) ;
#1264 = VECTOR ( 'NONE', #4375, 1000.000000000000000 ) ;
#1265 = CIRCLE ( 'NONE', #2005, 0.9999999999999974465 ) ;
#1266 = CARTESIAN_POINT ( 'NONE',  ( 110.0000000000000142, -55.00000000000000000, 105.0000000000000000 ) ) ;
#1267 = DIRECTION ( 'NONE',  ( 1.000000000000000000, -0.000000000000000000, -0.000000000000000000 ) ) ;
#1268 = VERTEX_POINT ( 'NONE', #550 ) ;
#1269 = CARTESIAN_POINT ( 'NONE',  ( 30.50000000000002487, -6.000000000000000888, 106.9999999999999858 ) ) ;
#1270 = CYLINDRICAL_SURFACE ( 'NONE', #423, 1.000000000000000888 ) ;
#1271 = CARTESIAN_POINT ( 'NONE',  ( -36.35408930851615850, -4.139035343104571218, 104.4740063518782449 ) ) ;
#1272 = FACE_OUTER_BOUND ( 'NONE', #430, .T. ) ;
#1273 = ORIENTED_EDGE ( 'NONE', *, *, #315, .T. ) ;
#1274 = EDGE_CURVE ( 'NONE', #1204, #2999, #4364, .T. ) ;
#1275 = CARTESIAN_POINT ( 'NONE',  ( -36.99999999999997868, -30.00000000000000000, 105.0000000000003268 ) ) ;
#1276 = DIRECTION ( 'NONE',  ( -1.000000000000000000, 1.807003620809174262E-17, 0.000000000000000000 ) ) ;
#1277 = ADVANCED_FACE ( 'NONE', ( #1182 ), #2650, .F. ) ;
#1278 = FACE_OUTER_BOUND ( 'NONE', #1474, .T. ) ;
#1279 = ORIENTED_EDGE ( 'NONE', *, *, #3804, .T. ) ;
#1280 = VECTOR ( 'NONE', #3727, 1000.000000000000000 ) ;
#1281 = ORIENTED_EDGE ( 'NONE', *, *, #1082, .T. ) ;
#1282 = EDGE_CURVE ( 'NONE', #81, #140, #2201, .T. ) ;
#1283 = CARTESIAN_POINT ( 'NONE',  ( 99.36067022827738526, -68.99366072781216985, 104.2191326216288587 ) ) ;
#1284 = PLANE ( 'NONE',  #3795 ) ;
#1285 = DIRECTION ( 'NONE',  ( 1.000000000000000000, -1.807003620809174262E-17, 0.000000000000000000 ) ) ;
#1286 = VERTEX_POINT ( 'NONE', #2671 ) ;
#1287 = DIRECTION ( 'NONE',  ( -0.000000000000000000, -0.000000000000000000, 1.000000000000000000 ) ) ;
#1288 = DIRECTION ( 'NONE',  ( -0.000000000000000000, -0.000000000000000000, 1.000000000000000000 ) ) ;
#1289 = VERTEX_POINT ( 'NONE', #4023 ) ;
#1290 = DIRECTION ( 'NONE',  ( -1.000000000000000000, -0.000000000000000000, 2.312964634635740294E-15 ) ) ;
#1291 = CARTESIAN_POINT ( 'NONE',  ( 94.00000000000000000, -3.000000000000002220, 99.99999999999998579 ) ) ;
#1292 = LINE ( 'NONE', #313, #3246 ) ;
#1293 = CARTESIAN_POINT ( 'NONE',  ( 110.0000000000000142, -65.00000000000000000, 105.0000000000000142 ) ) ;
#1294 = ORIENTED_EDGE ( 'NONE', *, *, #2299, .F. ) ;
#1295 = DIRECTION ( 'NONE',  ( -0.000000000000000000, -0.000000000000000000, 1.000000000000000000 ) ) ;
#1296 = DIRECTION ( 'NONE',  ( -1.000000000000000000, -0.000000000000000000, 2.312964634635740294E-15 ) ) ;
#1297 = AXIS2_PLACEMENT_3D ( 'NONE', #605, #959, #1736 ) ;
#1298 = FACE_BOUND ( 'NONE', #818, .T. ) ;
#1299 = ORIENTED_EDGE ( 'NONE', *, *, #4123, .T. ) ;
#1300 = ORIENTED_EDGE ( 'NONE', *, *, #2693, .T. ) ;
#1301 = CIRCLE ( 'NONE', #2343, 2.500000000000002220 ) ;
#1302 = DIRECTION ( 'NONE',  ( -1.000000000000000000, 0.000000000000000000, 0.000000000000000000 ) ) ;
#1303 = DIRECTION ( 'NONE',  ( 0.000000000000000000, 1.000000000000000000, 0.000000000000000000 ) ) ;
#1304 = EDGE_CURVE ( 'NONE', #4569, #1289, #1165, .T. ) ;
#1305 = FACE_BOUND ( 'NONE', #2492, .T. ) ;
#1306 = ORIENTED_EDGE ( 'NONE', *, *, #944, .T. ) ;
#1307 = CIRCLE ( 'NONE', #3615, 27.99999999999999645 ) ;
#1308 = ORIENTED_EDGE ( 'NONE', *, *, #2051, .F. ) ;
#1309 = ADVANCED_FACE ( 'NONE', ( #832 ), #810, .F. ) ;
#1310 = AXIS2_PLACEMENT_3D ( 'NONE', #1096, #3651, #456 ) ;
#1311 = CARTESIAN_POINT ( 'NONE',  ( -39.99999999999999289, -65.00000000000000000, 104.0000000000003553 ) ) ;
#1312 = DIRECTION ( 'NONE',  ( 0.000000000000000000, 0.000000000000000000, -1.000000000000000000 ) ) ;
#1313 = DIRECTION ( 'NONE',  ( 0.000000000000000000, -1.000000000000000000, 0.000000000000000000 ) ) ;
#1314 = DIRECTION ( 'NONE',  ( -0.000000000000000000, -0.000000000000000000, 1.000000000000000000 ) ) ;
#1315 = DIRECTION ( 'NONE',  ( -1.000000000000000000, 0.000000000000000000, 0.000000000000000000 ) ) ;
#1316 = DIRECTION ( 'NONE',  ( 1.000000000000000000, 0.000000000000000000, 0.000000000000000000 ) ) ;
#1317 = ORIENTED_EDGE ( 'NONE', *, *, #680, .T. ) ;
#1318 = LINE ( 'NONE', #3835, #1042 ) ;
#1319 = CARTESIAN_POINT ( 'NONE',  ( 104.0000000000000142, -72.00000000000000000, 103.9999999999999858 ) ) ;
#1320 = DIRECTION ( 'NONE',  ( 1.000000000000000000, 0.000000000000000000, 0.000000000000000000 ) ) ;
#1321 = ORIENTED_EDGE ( 'NONE', *, *, #1814, .F. ) ;
#1322 = EDGE_LOOP ( 'NONE', ( #3557, #9, #2741, #3008 ) ) ;
#1323 = CARTESIAN_POINT ( 'NONE',  ( 28.50000000000003908, -65.99999999999998579, 106.9999999999999858 ) ) ;
#1324 = CARTESIAN_POINT ( 'NONE',  ( 89.00000000000002842, -6.000000000000005329, 105.9999999999999858 ) ) ;
#1325 = CARTESIAN_POINT ( 'NONE',  ( 89.00000000000002842, -65.99999999999998579, 99.99999999999998579 ) ) ;
#1326 = ORIENTED_EDGE ( 'NONE', *, *, #361, .T. ) ;
#1327 = EDGE_LOOP ( 'NONE', ( #1139, #197, #3197, #247, #3098, #2602, #2521, #2250 ) ) ;
#1328 = EDGE_CURVE ( 'NONE', #4258, #4035, #3650, .T. ) ;
#1329 = CARTESIAN_POINT ( 'NONE',  ( -34.99999999999998579, -66.99999999999998579, 105.9999999999999858 ) ) ;
#1330 = CARTESIAN_POINT ( 'NONE',  ( 5.000000000000018652, -68.99999999999998579, 105.0000000000000000 ) ) ;
#1331 = EDGE_CURVE ( 'NONE', #1544, #2725, #3020, .T. ) ;
#1332 = AXIS2_PLACEMENT_3D ( 'NONE', #2505, #1781, #1388 ) ;
#1333 = ADVANCED_FACE ( 'NONE', ( #1878 ), #3696, .F. ) ;
#1334 = DIRECTION ( 'NONE',  ( 0.000000000000000000, 0.000000000000000000, -1.000000000000000000 ) ) ;
#1335 = CARTESIAN_POINT ( 'NONE',  ( 106.5839329129972555, -14.12240348232703369, 105.5386595889418686 ) ) ;
#1336 = DIRECTION ( 'NONE',  ( 0.000000000000000000, 0.000000000000000000, -1.000000000000000000 ) ) ;
#1337 = CARTESIAN_POINT ( 'NONE',  ( 100.0000000000000142, -55.00000000000000000, 105.0000000000000000 ) ) ;
#1338 = EDGE_CURVE ( 'NONE', #1906, #2998, #1947, .T. ) ;
#1339 = ORIENTED_EDGE ( 'NONE', *, *, #711, .T. ) ;
#1340 = LINE ( 'NONE', #1995, #3259 ) ;
#1341 = LINE ( 'NONE', #3063, #2965 ) ;
#1342 = CARTESIAN_POINT ( 'NONE',  ( 110.0000000000000142, -30.00000000000000000, 105.0000000000000000 ) ) ;
#1343 = AXIS2_PLACEMENT_3D ( 'NONE', #2915, #1870, #2543 ) ;
#1344 = EDGE_LOOP ( 'NONE', ( #1279, #2647, #2910, #3911, #3514 ) ) ;
#1345 = VERTEX_POINT ( 'NONE', #3365 ) ;
#1346 = CARTESIAN_POINT ( 'NONE',  ( 99.86404716128271275, -68.23606797749975783, 106.0000000000000142 ) ) ;
#1347 = CARTESIAN_POINT ( 'NONE',  ( 110.0000000000000142, -66.99999999999998579, 99.99999999999998579 ) ) ;
#1348 = CARTESIAN_POINT ( 'NONE',  ( -29.99999999999998579, -72.00000000000000000, 105.0000000000000000 ) ) ;
#1349 = AXIS2_PLACEMENT_3D ( 'NONE', #1728, #3146, #3171 ) ;
#1350 = VERTEX_POINT ( 'NONE', #4424 ) ;
#1351 = ORIENTED_EDGE ( 'NONE', *, *, #3350, .F. ) ;
#1352 = DIRECTION ( 'NONE',  ( 1.000000000000000000, 0.000000000000000000, 0.000000000000000000 ) ) ;
#1353 = DIRECTION ( 'NONE',  ( 0.000000000000000000, 0.000000000000000000, 1.000000000000000000 ) ) ;
#1354 = ORIENTED_EDGE ( 'NONE', *, *, #3324, .T. ) ;
#1355 = CARTESIAN_POINT ( 'NONE',  ( 106.2360679774997720, -38.00000000000000000, 106.0000000000000142 ) ) ;
#1356 = CARTESIAN_POINT ( 'NONE',  ( 106.7150858338193871, -14.01351164586961673, 105.3052575534168653 ) ) ;
#1357 = FACE_OUTER_BOUND ( 'NONE', #1259, .T. ) ;
#1358 = CARTESIAN_POINT ( 'NONE',  ( 94.00000000000000000, -5.999999999999998224, 99.99999999999998579 ) ) ;
#1359 = EDGE_CURVE ( 'NONE', #3067, #4497, #3790, .T. ) ;
#1360 = VERTEX_POINT ( 'NONE', #149 ) ;
#1361 = EDGE_CURVE ( 'NONE', #1263, #57, #2575, .T. ) ;
#1362 = PLANE ( 'NONE',  #2410 ) ;
#1363 = CARTESIAN_POINT ( 'NONE',  ( 110.0000000000000142, -66.99999999999998579, 99.99999999999998579 ) ) ;
#1364 = CARTESIAN_POINT ( 'NONE',  ( 65.00000000000001421, -10.00000000000000000, 105.0000000000000000 ) ) ;
#1365 = SPHERICAL_SURFACE ( 'NONE', #4126, 3.000000000000000000 ) ;
#1366 = VERTEX_POINT ( 'NONE', #455 ) ;
#1367 = VERTEX_POINT ( 'NONE', #904 ) ;
#1368 = DIRECTION ( 'NONE',  ( 0.000000000000000000, 1.000000000000000000, 0.000000000000000000 ) ) ;
#1369 = CARTESIAN_POINT ( 'NONE',  ( -4.999999999999976907, -36.99999999999999289, 109.9999999999999858 ) ) ;
#1370 = CYLINDRICAL_SURFACE ( 'NONE', #4587, 1.000000000000000888 ) ;
#1371 = CIRCLE ( 'NONE', #3523, 2.999999999999999112 ) ;
#1372 = ORIENTED_EDGE ( 'NONE', *, *, #4156, .F. ) ;
#1373 = AXIS2_PLACEMENT_3D ( 'NONE', #4145, #1574, #3739 ) ;
#1374 = ORIENTED_EDGE ( 'NONE', *, *, #1391, .F. ) ;
#1375 = CARTESIAN_POINT ( 'NONE',  ( 106.2628229542438589, -55.27295663344366972, 105.9708025413718104 ) ) ;
#1376 = VECTOR ( 'NONE', #3096, 1000.000000000000000 ) ;
#1377 = CARTESIAN_POINT ( 'NONE',  ( 107.0000000000000142, -6.000000000000002665, 103.9999999999999858 ) ) ;
#1378 = VECTOR ( 'NONE', #454, 1000.000000000000000 ) ;
#1379 = AXIS2_PLACEMENT_3D ( 'NONE', #278, #701, #4568 ) ;
#1380 = AXIS2_PLACEMENT_3D ( 'NONE', #2829, #1431, #3951 ) ;
#1381 = DIRECTION ( 'NONE',  ( 0.000000000000000000, 0.000000000000000000, -1.000000000000000000 ) ) ;
#1382 = CARTESIAN_POINT ( 'NONE',  ( -39.99999999999998579, -4.000000000000003553, 106.9999999999999858 ) ) ;
#1383 = CARTESIAN_POINT ( 'NONE',  ( -39.99999999999999289, -15.00000000000000000, 105.0000000000003553 ) ) ;
#1384 = VECTOR ( 'NONE', #859, 1000.000000000000000 ) ;
#1385 = ORIENTED_EDGE ( 'NONE', *, *, #2217, .F. ) ;
#1386 = EDGE_CURVE ( 'NONE', #2491, #2315, #1552, .T. ) ;
#1387 = CARTESIAN_POINT ( 'NONE',  ( -29.99999999999998579, 0.000000000000000000, 105.0000000000000000 ) ) ;
#1388 = DIRECTION ( 'NONE',  ( -1.084202172485504681E-16, -1.000000000000000000, 0.000000000000000000 ) ) ;
#1389 = DIRECTION ( 'NONE',  ( 0.000000000000000000, 0.000000000000000000, -1.000000000000000000 ) ) ;
#1390 = DIRECTION ( 'NONE',  ( 1.000000000000000000, -0.000000000000000000, -0.000000000000000000 ) ) ;
#1391 = EDGE_CURVE ( 'NONE', #2426, #2954, #3046, .T. ) ;
#1392 = ORIENTED_EDGE ( 'NONE', *, *, #3804, .F. ) ;
#1393 = ORIENTED_EDGE ( 'NONE', *, *, #4524, .T. ) ;
#1394 = AXIS2_PLACEMENT_3D ( 'NONE', #3426, #992, #2342 ) ;
#1395 = CARTESIAN_POINT ( 'NONE',  ( 91.00000000000000000, -49.99999999999998579, 99.99999999999998579 ) ) ;
#1396 = DIRECTION ( 'NONE',  ( -1.000000000000000000, 0.000000000000000000, 0.000000000000000000 ) ) ;
#1397 = CARTESIAN_POINT ( 'NONE',  ( 107.0000000000000142, -66.99999999999998579, 103.9999999999999858 ) ) ;
#1398 = ORIENTED_EDGE ( 'NONE', *, *, #3637, .F. ) ;
#1399 = EDGE_LOOP ( 'NONE', ( #1179, #869, #3323, #770 ) ) ;
#1400 = DIRECTION ( 'NONE',  ( 1.000000000000000000, 0.000000000000000000, 0.000000000000000000 ) ) ;
#1401 = CARTESIAN_POINT ( 'NONE',  ( 20.00000000000003553, -11.99999999999999645, 106.9999999999999858 ) ) ;
#1402 = CARTESIAN_POINT ( 'NONE',  ( -36.99764960534712088, -5.870638358342359808, 105.5094762846071603 ) ) ;
#1403 = DIRECTION ( 'NONE',  ( -1.000000000000000000, 0.000000000000000000, -0.000000000000000000 ) ) ;
#1404 = CARTESIAN_POINT ( 'NONE',  ( -29.99999999999998579, -10.00000000000000000, 104.0000000000000000 ) ) ;
#1405 = VERTEX_POINT ( 'NONE', #1207 ) ;
#1406 = CYLINDRICAL_SURFACE ( 'NONE', #4549, 1.000000000000000888 ) ;
#1407 = CARTESIAN_POINT ( 'NONE',  ( 91.00000000000000000, -41.99999999999998579, 99.99999999999998579 ) ) ;
#1408 = VECTOR ( 'NONE', #1187, 1000.000000000000000 ) ;
#1409 = DIRECTION ( 'NONE',  ( 0.000000000000000000, 0.000000000000000000, -1.000000000000000000 ) ) ;
#1410 =( NAMED_UNIT ( * ) SI_UNIT ( $, .STERADIAN. ) SOLID_ANGLE_UNIT ( ) );
#1411 = ORIENTED_EDGE ( 'NONE', *, *, #3206, .T. ) ;
#1412 = ORIENTED_EDGE ( 'NONE', *, *, #4291, .T. ) ;
#1413 = FACE_OUTER_BOUND ( 'NONE', #1487, .T. ) ;
#1414 = DIRECTION ( 'NONE',  ( 3.469446951953611033E-15, 0.000000000000000000, 1.000000000000000000 ) ) ;
#1415 = ADVANCED_FACE ( 'NONE', ( #1232 ), #1595, .F. ) ;
#1416 = DIRECTION ( 'NONE',  ( 0.000000000000000000, -1.000000000000000000, 0.000000000000000000 ) ) ;
#1417 = EDGE_CURVE ( 'NONE', #2162, #217, #893, .T. ) ;
#1418 = ORIENTED_EDGE ( 'NONE', *, *, #2098, .T. ) ;
#1419 = ORIENTED_EDGE ( 'NONE', *, *, #2987, .F. ) ;
#1420 = EDGE_CURVE ( 'NONE', #2863, #1737, #3412, .T. ) ;
#1421 = DIRECTION ( 'NONE',  ( 0.000000000000000000, 0.000000000000000000, -1.000000000000000000 ) ) ;
#1422 = CARTESIAN_POINT ( 'NONE',  ( -29.99999999999998579, -10.00000000000000000, 106.0000000000000000 ) ) ;
#1423 = AXIS2_PLACEMENT_3D ( 'NONE', #47, #1753, #1381 ) ;
#1424 = DIRECTION ( 'NONE',  ( -1.000000000000000000, 0.000000000000000000, 0.000000000000000000 ) ) ;
#1425 = CARTESIAN_POINT ( 'NONE',  ( 33.00000000000002842, -11.99999999999999645, 106.9999999999999858 ) ) ;
#1426 = ORIENTED_EDGE ( 'NONE', *, *, #1391, .T. ) ;
#1427 = CARTESIAN_POINT ( 'NONE',  ( 58.00000000000002132, -36.99999999999998579, 106.9999999999999858 ) ) ;
#1428 = DIRECTION ( 'NONE',  ( 1.000000000000000000, 0.000000000000000000, 0.000000000000000000 ) ) ;
#1429 = CARTESIAN_POINT ( 'NONE',  ( 106.2360679774997720, -65.00000000000000000, 106.0000000000000142 ) ) ;
#1430 = AXIS2_PLACEMENT_3D ( 'NONE', #323, #1741, #1396 ) ;
#1431 = DIRECTION ( 'NONE',  ( 0.000000000000000000, 0.000000000000000000, -1.000000000000000000 ) ) ;
#1432 = AXIS2_PLACEMENT_3D ( 'NONE', #815, #772, #2235 ) ;
#1433 = ORIENTED_EDGE ( 'NONE', *, *, #1359, .F. ) ;
#1434 = ORIENTED_EDGE ( 'NONE', *, *, #2584, .F. ) ;
#1435 = CARTESIAN_POINT ( 'NONE',  ( 91.00000000000000000, -49.99999999999998579, 103.9999999999999858 ) ) ;
#1436 = CYLINDRICAL_SURFACE ( 'NONE', #3589, 5.000000000000004441 ) ;
#1437 = CARTESIAN_POINT ( 'NONE',  ( -39.99999999999997868, -72.00000000000000000, 109.9999999999999858 ) ) ;
#1438 = AXIS2_PLACEMENT_3D ( 'NONE', #3573, #3906, #2172 ) ;
#1439 = ORIENTED_EDGE ( 'NONE', *, *, #3743, .F. ) ;
#1440 = EDGE_LOOP ( 'NONE', ( #3471, #153, #406, #1785, #352 ) ) ;
#1441 = CARTESIAN_POINT ( 'NONE',  ( 106.5884197527417285, -38.86174059526419455, 105.5218433066369670 ) ) ;
#1442 = EDGE_CURVE ( 'NONE', #3074, #3749, #1778, .T. ) ;
#1443 = DIRECTION ( 'NONE',  ( 1.000000000000000000, 0.000000000000000000, 0.000000000000000000 ) ) ;
#1444 = VECTOR ( 'NONE', #4572, 1000.000000000000000 ) ;
#1445 = AXIS2_PLACEMENT_3D ( 'NONE', #3366, #2692, #4118 ) ;
#1446 = DIRECTION ( 'NONE',  ( -1.000000000000000000, 0.000000000000000000, 0.000000000000000000 ) ) ;
#1447 = EDGE_CURVE ( 'NONE', #2999, #60, #1996, .T. ) ;
#1448 = ADVANCED_BREP_SHAPE_REPRESENTATION ( 'LEVEL_4_V3_FRONT', ( #2597, #4349 ), #473 ) ;
#1449 = VECTOR ( 'NONE', #2296, 1000.000000000000000 ) ;
#1450 = FACE_OUTER_BOUND ( 'NONE', #2139, .T. ) ;
#1451 = CYLINDRICAL_SURFACE ( 'NONE', #4072, 1.000000000000000888 ) ;
#1452 = ORIENTED_EDGE ( 'NONE', *, *, #2834, .T. ) ;
#1453 = DIRECTION ( 'NONE',  ( 0.000000000000000000, 0.000000000000000000, -1.000000000000000000 ) ) ;
#1454 = CIRCLE ( 'NONE', #4057, 2.999999999999999112 ) ;
#1455 = AXIS2_PLACEMENT_3D ( 'NONE', #2433, #3759, #1657 ) ;
#1456 = AXIS2_PLACEMENT_3D ( 'NONE', #2849, #334, #2127 ) ;
#1457 = DIRECTION ( 'NONE',  ( 0.000000000000000000, 0.000000000000000000, -1.000000000000000000 ) ) ;
#1458 = CARTESIAN_POINT ( 'NONE',  ( 106.2360679774997863, -55.00000000000000000, 106.0000000000000000 ) ) ;
#1459 = DIRECTION ( 'NONE',  ( 1.000000000000000000, 0.000000000000000000, 0.000000000000000000 ) ) ;
#1460 = ORIENTED_EDGE ( 'NONE', *, *, #4446, .F. ) ;
#1461 = ORIENTED_EDGE ( 'NONE', *, *, #1328, .F. ) ;
#1462 = CARTESIAN_POINT ( 'NONE',  ( -35.99999999999997868, -5.999999999999998224, 106.9999999999999858 ) ) ;
#1463 = DIRECTION ( 'NONE',  ( 0.000000000000000000, 0.000000000000000000, -1.000000000000000000 ) ) ;
#1464 = DIRECTION ( 'NONE',  ( -0.000000000000000000, -0.000000000000000000, 1.000000000000000000 ) ) ;
#1465 = ORIENTED_EDGE ( 'NONE', *, *, #3785, .F. ) ;
#1466 = VECTOR ( 'NONE', #2458, 1000.000000000000000 ) ;
#1467 = VERTEX_POINT ( 'NONE', #3791 ) ;
#1468 = DIRECTION ( 'NONE',  ( 1.000000000000000000, 0.000000000000000000, 0.000000000000000000 ) ) ;
#1469 = CARTESIAN_POINT ( 'NONE',  ( 100.9927497741289528, -3.236287697663027263, 105.1748220554701447 ) ) ;
#1470 = EDGE_CURVE ( 'NONE', #4105, #1945, #2592, .T. ) ;
#1471 = DIRECTION ( 'NONE',  ( 0.000000000000000000, -0.000000000000000000, -1.000000000000000000 ) ) ;
#1472 = EDGE_CURVE ( 'NONE', #1268, #2426, #1341, .T. ) ;
#1473 = LINE ( 'NONE', #2891, #2507 ) ;
#1474 = EDGE_LOOP ( 'NONE', ( #3097, #722, #4310, #230 ) ) ;
#1475 = ADVANCED_FACE ( 'NONE', ( #2439 ), #579, .F. ) ;
#1476 = DIRECTION ( 'NONE',  ( -1.000000000000000000, 0.000000000000000000, 0.000000000000000000 ) ) ;
#1477 = CARTESIAN_POINT ( 'NONE',  ( 20.00000000000003553, -11.99999999999999645, 99.99999999999998579 ) ) ;
#1478 = EDGE_CURVE ( 'NONE', #2788, #4485, #1928, .T. ) ;
#1479 = AXIS2_PLACEMENT_3D ( 'NONE', #1688, #4560, #2345 ) ;
#1480 = CYLINDRICAL_SURFACE ( 'NONE', #565, 1.000000000000000888 ) ;
#1481 = VERTEX_POINT ( 'NONE', #3810 ) ;
#1482 = VERTEX_POINT ( 'NONE', #3131 ) ;
#1483 = VECTOR ( 'NONE', #173, 1000.000000000000000 ) ;
#1484 = CARTESIAN_POINT ( 'NONE',  ( 104.0000000000000142, -6.000000000000002665, 103.9999999999999858 ) ) ;
#1485 = FACE_OUTER_BOUND ( 'NONE', #3209, .T. ) ;
#1486 = CYLINDRICAL_SURFACE ( 'NONE', #786, 2.500000000000002220 ) ;
#1487 = EDGE_LOOP ( 'NONE', ( #346, #2014, #4069, #55, #119 ) ) ;
#1488 = EDGE_LOOP ( 'NONE', ( #2885, #4592, #245, #3887 ) ) ;
#1489 = CARTESIAN_POINT ( 'NONE',  ( 104.8988329640737902, -68.69649889222196748, 105.3294535927319089 ) ) ;
#1490 = LINE ( 'NONE', #2605, #941 ) ;
#1491 = VERTEX_POINT ( 'NONE', #4143 ) ;
#1492 = DIRECTION ( 'NONE',  ( -1.000000000000000000, 0.000000000000000000, 0.000000000000000000 ) ) ;
#1493 = ADVANCED_FACE ( 'NONE', ( #2414 ), #3836, .F. ) ;
#1494 = CARTESIAN_POINT ( 'NONE',  ( 110.0000000000000142, -15.00000000000000000, 105.0000000000000142 ) ) ;
#1495 = EDGE_LOOP ( 'NONE', ( #1766, #3599, #2646, #228, #4477, #1028, #2603 ) ) ;
#1496 = CIRCLE ( 'NONE', #76, 1.000000000000000888 ) ;
#1497 = DIRECTION ( 'NONE',  ( 0.000000000000000000, 0.000000000000000000, -1.000000000000000000 ) ) ;
#1498 = DIRECTION ( 'NONE',  ( 1.000000000000000000, -0.000000000000000000, -0.000000000000000000 ) ) ;
#1499 = CARTESIAN_POINT ( 'NONE',  ( -29.99999999999996092, -62.00000000000000000, 99.99999999999998579 ) ) ;
#1500 = ORIENTED_EDGE ( 'NONE', *, *, #1867, .F. ) ;
#1501 = ORIENTED_EDGE ( 'NONE', *, *, #999, .T. ) ;
#1502 = ADVANCED_FACE ( 'NONE', ( #4215 ), #957, .F. ) ;
#1503 = LINE ( 'NONE', #4348, #435 ) ;
#1504 = DIRECTION ( 'NONE',  ( 0.000000000000000000, 0.000000000000000000, -1.000000000000000000 ) ) ;
#1505 = CARTESIAN_POINT ( 'NONE',  ( 5.000000000000018652, -68.99999999999998579, 104.0000000000000000 ) ) ;
#1506 = EDGE_LOOP ( 'NONE', ( #2819, #4147, #2515, #3345, #3047, #3847, #2925 ) ) ;
#1507 = VERTEX_POINT ( 'NONE', #648 ) ;
#1508 = CARTESIAN_POINT ( 'NONE',  ( 106.8975901123435648, -38.98617446182310431, 104.7876532887341909 ) ) ;
#1509 = ORIENTED_EDGE ( 'NONE', *, *, #4102, .T. ) ;
#1510 = CYLINDRICAL_SURFACE ( 'NONE', #4582, 1.000000000000000888 ) ;
#1511 = ORIENTED_EDGE ( 'NONE', *, *, #1338, .F. ) ;
#1512 = AXIS2_PLACEMENT_3D ( 'NONE', #3487, #522, #3712 ) ;
#1513 = CIRCLE ( 'NONE', #705, 1.000000000000000888 ) ;
#1514 = CARTESIAN_POINT ( 'NONE',  ( -4.999999999999976907, -36.99999999999999289, 106.9999999999999858 ) ) ;
#1515 = CARTESIAN_POINT ( 'NONE',  ( 91.00000000000000000, -49.99999999999998579, 109.9999999999999858 ) ) ;
#1516 = ORIENTED_EDGE ( 'NONE', *, *, #1762, .T. ) ;
#1517 = VECTOR ( 'NONE', #2642, 1000.000000000000000 ) ;
#1518 = PLANE ( 'NONE',  #2532 ) ;
#1519 = CARTESIAN_POINT ( 'NONE',  ( -34.99999999999998579, -66.99999999999998579, 109.9999999999999858 ) ) ;
#1520 = CARTESIAN_POINT ( 'NONE',  ( -36.60384690185193790, -4.504233580024473049, 104.1224006289131268 ) ) ;
#1521 = LINE ( 'NONE', #3667, #932 ) ;
#1522 = AXIS2_PLACEMENT_3D ( 'NONE', #3798, #4457, #2700 ) ;
#1523 = EDGE_LOOP ( 'NONE', ( #1954, #4280, #662, #2854, #896, #4570, #34, #3861 ) ) ;
#1524 = ORIENTED_EDGE ( 'NONE', *, *, #3064, .F. ) ;
#1525 = ORIENTED_EDGE ( 'NONE', *, *, #2418, .T. ) ;
#1526 = AXIS2_PLACEMENT_3D ( 'NONE', #1329, #2404, #4082 ) ;
#1527 = EDGE_CURVE ( 'NONE', #3230, #4035, #1853, .T. ) ;
#1528 = CARTESIAN_POINT ( 'NONE',  ( 22.50000000000002132, -3.000000000000000888, 99.99999999999998579 ) ) ;
#1529 = AXIS2_PLACEMENT_3D ( 'NONE', #3845, #1742, #2470 ) ;
#1530 = DIRECTION ( 'NONE',  ( 0.000000000000000000, 0.000000000000000000, -1.000000000000000000 ) ) ;
#1531 = MECHANICAL_DESIGN_GEOMETRIC_PRESENTATION_REPRESENTATION (  '', ( #1752 ), #3988 ) ;
#1532 = EDGE_CURVE ( 'NONE', #2778, #1099, #3432, .T. ) ;
#1533 = DIRECTION ( 'NONE',  ( 0.000000000000000000, -1.000000000000000000, 0.000000000000000000 ) ) ;
#1534 = ORIENTED_EDGE ( 'NONE', *, *, #2130, .T. ) ;
#1535 = EDGE_LOOP ( 'NONE', ( #2787, #721, #1889, #2097 ) ) ;
#1536 = EDGE_CURVE ( 'NONE', #4448, #633, #673, .T. ) ;
#1537 = DIRECTION ( 'NONE',  ( -0.000000000000000000, -0.000000000000000000, 1.000000000000000000 ) ) ;
#1538 = DIRECTION ( 'NONE',  ( 1.927470528863119049E-16, -1.000000000000000000, -0.000000000000000000 ) ) ;
#1539 = AXIS2_PLACEMENT_3D ( 'NONE', #3924, #2194, #1062 ) ;
#1540 = DIRECTION ( 'NONE',  ( 0.000000000000000000, 0.000000000000000000, -1.000000000000000000 ) ) ;
#1541 = EDGE_LOOP ( 'NONE', ( #692, #3840, #2344, #1166 ) ) ;
#1542 = CARTESIAN_POINT ( 'NONE',  ( -29.99999999999996092, -62.00000000000000000, 106.9999999999999858 ) ) ;
#1543 = CARTESIAN_POINT ( 'NONE',  ( 105.9999999999997726, -5.000000000000108358, 106.0000000000004405 ) ) ;
#1544 = VERTEX_POINT ( 'NONE', #2760 ) ;
#1545 = DIRECTION ( 'NONE',  ( 0.000000000000000000, 0.000000000000000000, -1.000000000000000000 ) ) ;
#1546 = FACE_OUTER_BOUND ( 'NONE', #985, .T. ) ;
#1547 = CARTESIAN_POINT ( 'NONE',  ( 106.2628229542438447, -15.27295663344366439, 105.9708025413718104 ) ) ;
#1548 = CARTESIAN_POINT ( 'NONE',  ( 22.50000000000003553, -11.99999999999999645, 109.9999999999999858 ) ) ;
#1549 = VERTEX_POINT ( 'NONE', #2781 ) ;
#1550 = ORIENTED_EDGE ( 'NONE', *, *, #1814, .T. ) ;
#1551 = DIRECTION ( 'NONE',  ( 0.000000000000000000, 0.000000000000000000, 1.000000000000000000 ) ) ;
#1552 = LINE ( 'NONE', #2325, #1483 ) ;
#1553 = DIRECTION ( 'NONE',  ( -1.000000000000000000, 1.084202172485504681E-16, 0.000000000000000000 ) ) ;
#1554 = ORIENTED_EDGE ( 'NONE', *, *, #3343, .F. ) ;
#1555 = ORIENTED_EDGE ( 'NONE', *, *, #4345, .F. ) ;
#1556 = EDGE_CURVE ( 'NONE', #829, #3515, #969, .T. ) ;
#1557 = FACE_OUTER_BOUND ( 'NONE', #1344, .T. ) ;
#1558 = CARTESIAN_POINT ( 'NONE',  ( 30.50000000000003908, -65.99999999999998579, 105.9999999999999858 ) ) ;
#1559 = ADVANCED_FACE ( 'NONE', ( #2067 ), #3481, .F. ) ;
#1560 = DIRECTION ( 'NONE',  ( -0.000000000000000000, -1.000000000000000000, -0.000000000000000000 ) ) ;
#1561 = EDGE_LOOP ( 'NONE', ( #1679, #4579, #2812, #3685 ) ) ;
#1562 = DIRECTION ( 'NONE',  ( 0.000000000000000000, 0.000000000000000000, -1.000000000000000000 ) ) ;
#1563 = CARTESIAN_POINT ( 'NONE',  ( 105.9361522994984313, -4.872304598996842095, 106.0000000000000426 ) ) ;
#1564 = ORIENTED_EDGE ( 'NONE', *, *, #1900, .T. ) ;
#1565 = VECTOR ( 'NONE', #3310, 1000.000000000000000 ) ;
#1566 = CARTESIAN_POINT ( 'NONE',  ( 100.0000000000000142, -15.00000000000000000, 105.0000000000000142 ) ) ;
#1567 = CARTESIAN_POINT ( 'NONE',  ( 100.2736525672788162, -69.00036019974771762, 104.0285130053216847 ) ) ;
#1568 = CARTESIAN_POINT ( 'NONE',  ( 106.8582607676896288, -16.00494257185978597, 104.9212263218093426 ) ) ;
#1569 = LINE ( 'NONE', #2275, #257 ) ;
#1570 = VERTEX_POINT ( 'NONE', #1363 ) ;
#1571 = VERTEX_POINT ( 'NONE', #1734 ) ;
#1572 = DIRECTION ( 'NONE',  ( 0.000000000000000000, 0.000000000000000000, 1.000000000000000000 ) ) ;
#1573 = DIRECTION ( 'NONE',  ( 1.084202172485504681E-16, 1.000000000000000000, 0.000000000000000000 ) ) ;
#1574 = DIRECTION ( 'NONE',  ( 0.000000000000000000, -1.000000000000000000, 0.000000000000000000 ) ) ;
#1575 = EDGE_LOOP ( 'NONE', ( #1937, #1619, #1837, #3113 ) ) ;
#1576 = VERTEX_POINT ( 'NONE', #2691 ) ;
#1577 = CARTESIAN_POINT ( 'NONE',  ( 105.3573749245496458, -67.35737492455078268, 106.7448807673029734 ) ) ;
#1578 = CARTESIAN_POINT ( 'NONE',  ( 100.0000000000000284, -3.000000000000002665, 103.9999999999999858 ) ) ;
#1579 = AXIS2_PLACEMENT_3D ( 'NONE', #3958, #3534, #2531 ) ;
#1580 = CARTESIAN_POINT ( 'NONE',  ( 30.00000000000002487, -36.99999999999998579, 109.9999999999999858 ) ) ;
#1581 = ORIENTED_EDGE ( 'NONE', *, *, #4611, .T. ) ;
#1582 = DIRECTION ( 'NONE',  ( 1.000000000000000000, 0.000000000000000000, 0.000000000000000000 ) ) ;
#1583 = CARTESIAN_POINT ( 'NONE',  ( 106.5997013146497352, -4.479972218007413964, 104.1108495781470822 ) ) ;
#1584 = ORIENTED_EDGE ( 'NONE', *, *, #3873, .F. ) ;
#1585 = EDGE_CURVE ( 'NONE', #4604, #2129, #3768, .T. ) ;
#1586 = CIRCLE ( 'NONE', #1003, 1.000000000000000888 ) ;
#1587 = FACE_BOUND ( 'NONE', #2215, .T. ) ;
#1588 = CARTESIAN_POINT ( 'NONE',  ( 106.9936607278121841, -65.63932977172265737, 104.2191326216288587 ) ) ;
#1589 = DIRECTION ( 'NONE',  ( 1.000000000000000000, -0.000000000000000000, -0.000000000000000000 ) ) ;
#1590 = CARTESIAN_POINT ( 'NONE',  ( -34.99999999999998579, -67.99999999999998579, 106.9999999999999858 ) ) ;
#1591 = CIRCLE ( 'NONE', #472, 1.000000000000000888 ) ;
#1592 = EDGE_LOOP ( 'NONE', ( #4432, #2242, #702, #4050 ) ) ;
#1593 = EDGE_LOOP ( 'NONE', ( #4543, #620, #1010, #87 ) ) ;
#1594 = CYLINDRICAL_SURFACE ( 'NONE', #2452, 3.000000000000002665 ) ;
#1595 = CYLINDRICAL_SURFACE ( 'NONE', #4088, 2.999999999999999112 ) ;
#1596 = AXIS2_PLACEMENT_3D ( 'NONE', #913, #3724, #2629 ) ;
#1597 = CARTESIAN_POINT ( 'NONE',  ( -39.99999999999997868, 0.000000000000000000, 99.99999999999998579 ) ) ;
#1598 = AXIS2_PLACEMENT_3D ( 'NONE', #2517, #3941, #4201 ) ;
#1599 = EDGE_LOOP ( 'NONE', ( #3018, #548, #2071, #3925, #2396, #158, #3470, #1460, #3633 ) ) ;
#1600 = CIRCLE ( 'NONE', #562, 1.000000000000000888 ) ;
#1601 = ORIENTED_EDGE ( 'NONE', *, *, #4380, .T. ) ;
#1602 = CARTESIAN_POINT ( 'NONE',  ( 104.6099897865255031, -67.82996935957675078, 106.3853228874942118 ) ) ;
#1603 = AXIS2_PLACEMENT_3D ( 'NONE', #3977, #4284, #1504 ) ;
#1604 = DIRECTION ( 'NONE',  ( -0.000000000000000000, -0.000000000000000000, 1.000000000000000000 ) ) ;
#1605 = EDGE_LOOP ( 'NONE', ( #1027, #2203, #1426, #3541 ) ) ;
#1606 = EDGE_LOOP ( 'NONE', ( #2167, #1509, #2070, #2026 ) ) ;
#1607 = CARTESIAN_POINT ( 'NONE',  ( -39.99999999999998579, -49.99999999999998579, 106.9999999999999858 ) ) ;
#1608 = DIRECTION ( 'NONE',  ( 1.000000000000000000, 0.000000000000000000, 0.000000000000000000 ) ) ;
#1609 = EDGE_LOOP ( 'NONE', ( #3636, #2263, #1976, #61, #3045 ) ) ;
#1610 = ADVANCED_FACE ( 'NONE', ( #1761 ), #4607, .F. ) ;
#1611 = AXIS2_PLACEMENT_3D ( 'NONE', #3126, #3407, #952 ) ;
#1612 = ADVANCED_FACE ( 'NONE', ( #2897 ), #2878, .F. ) ;
#1613 = CARTESIAN_POINT ( 'NONE',  ( 106.2917620244126056, -5.499211992633185275, 105.8760032335720496 ) ) ;
#1614 = AXIS2_PLACEMENT_3D ( 'NONE', #3194, #4270, #2801 ) ;
#1615 = FACE_OUTER_BOUND ( 'NONE', #3714, .T. ) ;
#1616 = PLANE ( 'NONE',  #3026 ) ;
#1617 = FACE_OUTER_BOUND ( 'NONE', #2805, .T. ) ;
#1618 = ADVANCED_FACE ( 'NONE', ( #3245 ), #4319, .F. ) ;
#1619 = ORIENTED_EDGE ( 'NONE', *, *, #3518, .T. ) ;
#1620 = EDGE_CURVE ( 'NONE', #3269, #1055, #3990, .T. ) ;
#1621 = CARTESIAN_POINT ( 'NONE',  ( 91.00000000000000000, -43.24264068711927678, 105.7573593128806948 ) ) ;
#1622 = LINE ( 'NONE', #2230, #1384 ) ;
#1623 = DIRECTION ( 'NONE',  ( 0.000000000000000000, -1.000000000000000000, 0.000000000000000000 ) ) ;
#1624 = EDGE_LOOP ( 'NONE', ( #3024, #4263, #828, #2329 ) ) ;
#1625 = EDGE_LOOP ( 'NONE', ( #3429, #1692, #2607, #483 ) ) ;
#1626 = CYLINDRICAL_SURFACE ( 'NONE', #1046, 3.000000000000002665 ) ;
#1627 = AXIS2_PLACEMENT_3D ( 'NONE', #3108, #268, #549 ) ;
#1628 = CARTESIAN_POINT ( 'NONE',  ( 22.50000000000003908, -65.99999999999998579, 99.99999999999998579 ) ) ;
#1629 = ORIENTED_EDGE ( 'NONE', *, *, #2331, .T. ) ;
#1630 = VECTOR ( 'NONE', #1537, 1000.000000000000000 ) ;
#1631 = CARTESIAN_POINT ( 'NONE',  ( -39.99999999999998579, -6.000000000000005329, 103.9999999999999858 ) ) ;
#1632 = DIRECTION ( 'NONE',  ( -1.084202172485504681E-16, -1.000000000000000000, -0.000000000000000000 ) ) ;
#1633 = ORIENTED_EDGE ( 'NONE', *, *, #3663, .T. ) ;
#1634 = ADVANCED_FACE ( 'NONE', ( #427, #4235, #2852, #1848, #4256, #1090, #341 ), #3221, .T. ) ;
#1635 = CYLINDRICAL_SURFACE ( 'NONE', #4415, 2.999999999999999112 ) ;
#1636 = DIRECTION ( 'NONE',  ( 1.927470528863119049E-16, -1.000000000000000000, 0.000000000000000000 ) ) ;
#1637 = FACE_OUTER_BOUND ( 'NONE', #3754, .T. ) ;
#1638 = DIRECTION ( 'NONE',  ( -0.000000000000000000, -0.000000000000000000, 1.000000000000000000 ) ) ;
#1639 = ORIENTED_EDGE ( 'NONE', *, *, #3265, .T. ) ;
#1640 = EDGE_CURVE ( 'NONE', #1549, #3731, #2150, .T. ) ;
#1641 = LINE ( 'NONE', #2758, #3001 ) ;
#1642 = DIRECTION ( 'NONE',  ( -1.000000000000000000, 0.000000000000000000, 0.000000000000000000 ) ) ;
#1643 = LINE ( 'NONE', #4425, #3905 ) ;
#1644 = EDGE_CURVE ( 'NONE', #2323, #4403, #760, .T. ) ;
#1645 = ORIENTED_EDGE ( 'NONE', *, *, #4446, .T. ) ;
#1646 = AXIS2_PLACEMENT_3D ( 'NONE', #4230, #3519, #3241 ) ;
#1647 = EDGE_LOOP ( 'NONE', ( #1921, #2179 ) ) ;
#1648 = CARTESIAN_POINT ( 'NONE',  ( 106.3477173071796500, -37.48806402336332155, 105.8688627039291816 ) ) ;
#1649 = LINE ( 'NONE', #4150, #3193 ) ;
#1650 = DIRECTION ( 'NONE',  ( 0.000000000000000000, 0.000000000000000000, 1.000000000000000000 ) ) ;
#1651 = ORIENTED_EDGE ( 'NONE', *, *, #3614, .T. ) ;
#1652 = ORIENTED_EDGE ( 'NONE', *, *, #3211, .F. ) ;
#1653 = DIRECTION ( 'NONE',  ( 0.000000000000000000, 1.000000000000000000, 0.000000000000000000 ) ) ;
#1654 = LINE ( 'NONE', #968, #641 ) ;
#1655 = AXIS2_PLACEMENT_3D ( 'NONE', #921, #2340, #3757 ) ;
#1656 = CARTESIAN_POINT ( 'NONE',  ( 110.0000000000000000, -41.99999999999998579, 99.99999999999998579 ) ) ;
#1657 = DIRECTION ( 'NONE',  ( 1.000000000000000000, 0.000000000000000000, 0.000000000000000000 ) ) ;
#1658 = CARTESIAN_POINT ( 'NONE',  ( 106.9723899862425327, -30.82464972876942610, 104.4182360921682431 ) ) ;
#1659 = DIRECTION ( 'NONE',  ( 0.000000000000000000, 0.000000000000000000, 1.000000000000000000 ) ) ;
#1660 = ORIENTED_EDGE ( 'NONE', *, *, #2391, .F. ) ;
#1661 = DIRECTION ( 'NONE',  ( 1.000000000000000000, -0.000000000000000000, -0.000000000000000000 ) ) ;
#1662 = CARTESIAN_POINT ( 'NONE',  ( -29.99999999999998579, -61.99999999999999289, 104.0000000000000000 ) ) ;
#1663 = CIRCLE ( 'NONE', #2782, 1.000000000000000888 ) ;
#1664 = COLOUR_RGB ( '',0.7921568627450980005, 0.8196078431372548767, 0.9333333333333333481 ) ;
#1665 = DIRECTION ( 'NONE',  ( -0.000000000000000000, -0.000000000000000000, 1.000000000000000000 ) ) ;
#1666 = FACE_OUTER_BOUND ( 'NONE', #916, .T. ) ;
#1667 = ADVANCED_FACE ( 'NONE', ( #4585 ), #779, .F. ) ;
#1668 = ORIENTED_EDGE ( 'NONE', *, *, #3240, .F. ) ;
#1669 = ORIENTED_EDGE ( 'NONE', *, *, #2581, .T. ) ;
#1670 = CIRCLE ( 'NONE', #477, 1.000000000000000888 ) ;
#1671 = CARTESIAN_POINT ( 'NONE',  ( 99.13825940473583387, -68.58841975274170011, 105.5218433066369386 ) ) ;
#1672 = CARTESIAN_POINT ( 'NONE',  ( 94.00000000000000000, -72.00000000000000000, 103.9999999999999858 ) ) ;
#1673 = EDGE_CURVE ( 'NONE', #290, #2333, #2814, .T. ) ;
#1674 = VECTOR ( 'NONE', #1940, 1000.000000000000000 ) ;
#1675 = DIRECTION ( 'NONE',  ( -0.000000000000000000, 1.000000000000000000, -0.000000000000000000 ) ) ;
#1676 = ADVANCED_FACE ( 'NONE', ( #1546 ), #4312, .F. ) ;
#1677 = VERTEX_POINT ( 'NONE', #1918 ) ;
#1678 = AXIS2_PLACEMENT_3D ( 'NONE', #135, #3901, #2803 ) ;
#1679 = ORIENTED_EDGE ( 'NONE', *, *, #244, .T. ) ;
#1680 = ADVANCED_FACE ( 'NONE', ( #804 ), #2222, .F. ) ;
#1681 = DIRECTION ( 'NONE',  ( 1.000000000000000000, -1.807003620809174262E-17, 0.000000000000000000 ) ) ;
#1682 = CARTESIAN_POINT ( 'NONE',  ( 100.0000000000000142, -38.00000000000000000, 106.0000000000000142 ) ) ;
#1683 = LINE ( 'NONE', #1248, #4179 ) ;
#1684 = CARTESIAN_POINT ( 'NONE',  ( 106.2360679774997720, -15.00000000000000000, 106.0000000000000142 ) ) ;
#1685 = CARTESIAN_POINT ( 'NONE',  ( 30.00000000000002487, -36.99999999999998579, 106.9999999999999858 ) ) ;
#1686 = CARTESIAN_POINT ( 'NONE',  ( 105.0000000000000142, -66.99999999999998579, 99.99999999999998579 ) ) ;
#1687 = ORIENTED_EDGE ( 'NONE', *, *, #4268, .T. ) ;
#1688 = CARTESIAN_POINT ( 'NONE',  ( 100.0000000000000142, -72.00000000000000000, 105.0000000000000000 ) ) ;
#1689 = CARTESIAN_POINT ( 'NONE',  ( 86.00000000000001421, -65.99999999999998579, 105.9999999999999858 ) ) ;
#1690 = LINE ( 'NONE', #2785, #187 ) ;
#1691 =( LENGTH_UNIT ( ) NAMED_UNIT ( * ) SI_UNIT ( .MILLI., .METRE. ) );
#1692 = ORIENTED_EDGE ( 'NONE', *, *, #4093, .F. ) ;
#1693 = ORIENTED_EDGE ( 'NONE', *, *, #2021, .T. ) ;
#1694 = DIRECTION ( 'NONE',  ( 0.000000000000000000, 1.000000000000000000, 0.000000000000000000 ) ) ;
#1695 = DIRECTION ( 'NONE',  ( 0.000000000000000000, -1.000000000000000000, 0.000000000000000000 ) ) ;
#1696 = CYLINDRICAL_SURFACE ( 'NONE', #1747, 1.000000000000000888 ) ;
#1697 = ORIENTED_EDGE ( 'NONE', *, *, #4159, .F. ) ;
#1698 = EDGE_LOOP ( 'NONE', ( #15, #2208, #2481 ) ) ;
#1699 = EDGE_CURVE ( 'NONE', #3157, #4258, #2052, .T. ) ;
#1700 = FACE_OUTER_BOUND ( 'NONE', #553, .T. ) ;
#1701 = FACE_OUTER_BOUND ( 'NONE', #1721, .T. ) ;
#1702 = EDGE_CURVE ( 'NONE', #57, #1367, #862, .T. ) ;
#1703 = AXIS2_PLACEMENT_3D ( 'NONE', #624, #2038, #2346 ) ;
#1704 = FACE_OUTER_BOUND ( 'NONE', #3891, .T. ) ;
#1705 = CARTESIAN_POINT ( 'NONE',  ( -35.99999999999998579, -72.00000000000000000, 105.9999999999999858 ) ) ;
#1706 = CARTESIAN_POINT ( 'NONE',  ( 106.7637123023369981, -30.99274977412894216, 105.1748220554701021 ) ) ;
#1707 = DIRECTION ( 'NONE',  ( 1.000000000000000000, 0.000000000000000000, 0.000000000000000000 ) ) ;
#1708 = ORIENTED_EDGE ( 'NONE', *, *, #476, .F. ) ;
#1709 = CARTESIAN_POINT ( 'NONE',  ( 22.50000000000003908, -65.99999999999998579, 105.9999999999999858 ) ) ;
#1710 = DIRECTION ( 'NONE',  ( 0.000000000000000000, -0.000000000000000000, -1.000000000000000000 ) ) ;
#1711 = CYLINDRICAL_SURFACE ( 'NONE', #112, 27.99999999999999645 ) ;
#1712 =( NAMED_UNIT ( * ) PLANE_ANGLE_UNIT ( ) SI_UNIT ( $, .RADIAN. ) );
#1713 = CIRCLE ( 'NONE', #3948, 1.000000000000000888 ) ;
#1714 = EDGE_LOOP ( 'NONE', ( #2185, #4021, #2676, #1043 ) ) ;
#1715 = EDGE_LOOP ( 'NONE', ( #4332, #3584, #1133, #901, #1229, #2674, #1660, #3332, #1831, #2660, #1230, #965, #1354, #4287 ) ) ;
#1716 = CARTESIAN_POINT ( 'NONE',  ( -29.99999999999998579, 0.000000000000000000, 105.0000000000000000 ) ) ;
#1717 = DIRECTION ( 'NONE',  ( -0.000000000000000000, -0.000000000000000000, 1.000000000000000000 ) ) ;
#1718 = DIRECTION ( 'NONE',  ( 0.000000000000000000, 0.000000000000000000, -1.000000000000000000 ) ) ;
#1719 = AXIS2_PLACEMENT_3D ( 'NONE', #4436, #3965, #774 ) ;
#1720 = CIRCLE ( 'NONE', #4327, 3.000000000000002665 ) ;
#1721 = EDGE_LOOP ( 'NONE', ( #4104, #3322, #2025, #3509 ) ) ;
#1722 = EDGE_LOOP ( 'NONE', ( #3648, #3700, #425, #1823 ) ) ;
#1723 = CARTESIAN_POINT ( 'NONE',  ( -39.99999999999999289, -30.00000000000000000, 104.0000000000003411 ) ) ;
#1724 = CARTESIAN_POINT ( 'NONE',  ( 22.50000000000002132, -6.000000000000000888, 99.99999999999998579 ) ) ;
#1725 = EDGE_CURVE ( 'NONE', #3090, #980, #3011, .T. ) ;
#1726 = EDGE_CURVE ( 'NONE', #2129, #726, #762, .T. ) ;
#1727 = CARTESIAN_POINT ( 'NONE',  ( 106.4048958740677762, -38.61691430280136927, 105.7965305847017845 ) ) ;
#1728 = CARTESIAN_POINT ( 'NONE',  ( 22.50000000000003908, -65.99999999999998579, 105.9999999999999858 ) ) ;
#1729 = EDGE_CURVE ( 'NONE', #841, #676, #639, .T. ) ;
#1730 = DIRECTION ( 'NONE',  ( 0.000000000000000000, 0.000000000000000000, -1.000000000000000000 ) ) ;
#1731 = DIRECTION ( 'NONE',  ( 1.807003620809174262E-17, 1.000000000000000000, -0.000000000000000000 ) ) ;
#1732 = EDGE_CURVE ( 'NONE', #385, #1859, #4064, .T. ) ;
#1733 = ORIENTED_EDGE ( 'NONE', *, *, #1556, .F. ) ;
#1734 = CARTESIAN_POINT ( 'NONE',  ( -32.49999999999995737, -62.00000000000000000, 106.9999999999999858 ) ) ;
#1735 = DIRECTION ( 'NONE',  ( 0.000000000000000000, 0.000000000000000000, 1.000000000000000000 ) ) ;
#1736 = DIRECTION ( 'NONE',  ( 1.000000000000000000, 0.000000000000000000, 0.000000000000000000 ) ) ;
#1737 = VERTEX_POINT ( 'NONE', #849 ) ;
#1738 = VERTEX_POINT ( 'NONE', #2246 ) ;
#1739 = VECTOR ( 'NONE', #2731, 1000.000000000000000 ) ;
#1740 = FACE_OUTER_BOUND ( 'NONE', #1523, .T. ) ;
#1741 = DIRECTION ( 'NONE',  ( -1.927470528863119049E-16, 1.000000000000000000, 0.000000000000000000 ) ) ;
#1742 = DIRECTION ( 'NONE',  ( -0.000000000000000000, 1.000000000000000000, 0.000000000000000000 ) ) ;
#1743 = CIRCLE ( 'NONE', #1017, 1.000000000000000888 ) ;
#1744 = ORIENTED_EDGE ( 'NONE', *, *, #1729, .T. ) ;
#1745 = ORIENTED_EDGE ( 'NONE', *, *, #3518, .F. ) ;
#1746 = DIRECTION ( 'NONE',  ( -0.000000000000000000, -0.000000000000000000, -1.000000000000000000 ) ) ;
#1747 = AXIS2_PLACEMENT_3D ( 'NONE', #984, #2836, #1718 ) ;
#1748 = DIRECTION ( 'NONE',  ( 0.000000000000000000, 0.000000000000000000, 1.000000000000000000 ) ) ;
#1749 = VECTOR ( 'NONE', #2539, 1000.000000000000000 ) ;
#1750 = CIRCLE ( 'NONE', #784, 2.500000000000002220 ) ;
#1751 = AXIS2_PLACEMENT_3D ( 'NONE', #3273, #1857, #2159 ) ;
#1752 = STYLED_ITEM ( 'NONE', ( #603 ), #2597 ) ;
#1753 = DIRECTION ( 'NONE',  ( 0.000000000000000000, -1.000000000000000000, 0.000000000000000000 ) ) ;
#1754 = EDGE_CURVE ( 'NONE', #1360, #2848, #2271, .T. ) ;
#1755 = DIRECTION ( 'NONE',  ( -0.000000000000000000, -0.000000000000000000, 1.000000000000000000 ) ) ;
#1756 = CARTESIAN_POINT ( 'NONE',  ( 91.00000000000000000, -65.99999999999998579, 99.99999999999998579 ) ) ;
#1757 = B_SPLINE_CURVE_WITH_KNOTS ( 'NONE', 3,
 ( #4250, #4601, #2083, #1402, #1061, #2239, #1914, #2587, #4012, #3260 ),
 .UNSPECIFIED., .F., .F.,
 ( 4, 2, 2, 2, 4 ),
 ( 0.000000000000000000, 0.0003954607044926754982, 0.0007909214089853509964, 0.001186382113478026603, 0.001581842817970701993 ),
 .UNSPECIFIED. ) ;
#1758 = ORIENTED_EDGE ( 'NONE', *, *, #2015, .F. ) ;
#1759 = EDGE_CURVE ( 'NONE', #1405, #2514, #3234, .T. ) ;
#1760 = CARTESIAN_POINT ( 'NONE',  ( 106.9583162467523039, -5.876764139122717445, 104.5012537617650423 ) ) ;
#1761 = FACE_OUTER_BOUND ( 'NONE', #1575, .T. ) ;
#1762 = EDGE_CURVE ( 'NONE', #3904, #1209, #2663, .T. ) ;
#1763 = CIRCLE ( 'NONE', #1611, 1.000000000000000888 ) ;
#1764 = DIRECTION ( 'NONE',  ( -0.000000000000000000, 1.000000000000000000, -0.000000000000000000 ) ) ;
#1765 = EDGE_LOOP ( 'NONE', ( #429, #1745 ) ) ;
#1766 = ORIENTED_EDGE ( 'NONE', *, *, #3642, .T. ) ;
#1767 = EDGE_CURVE ( 'NONE', #50, #4286, #4434, .T. ) ;
#1768 = CARTESIAN_POINT ( 'NONE',  ( 85.50000000000002842, -11.99999999999999645, 106.9999999999999858 ) ) ;
#1769 = DIRECTION ( 'NONE',  ( 0.000000000000000000, 0.000000000000000000, -1.000000000000000000 ) ) ;
#1770 = DIRECTION ( 'NONE',  ( -0.000000000000000000, -1.000000000000000000, -0.000000000000000000 ) ) ;
#1771 = ORIENTED_EDGE ( 'NONE', *, *, #3265, .F. ) ;
#1772 = ORIENTED_EDGE ( 'NONE', *, *, #713, .F. ) ;
#1773 = CARTESIAN_POINT ( 'NONE',  ( 89.00000000000002842, -6.000000000000002665, 99.99999999999998579 ) ) ;
#1774 = CYLINDRICAL_SURFACE ( 'NONE', #3079, 1.000000000000000888 ) ;
#1775 = CARTESIAN_POINT ( 'NONE',  ( 83.00000000000004263, -62.00000000000000000, 109.9999999999999858 ) ) ;
#1776 = FACE_OUTER_BOUND ( 'NONE', #4043, .T. ) ;
#1777 = DIRECTION ( 'NONE',  ( 0.000000000000000000, 1.000000000000000000, 0.000000000000000000 ) ) ;
#1778 = CIRCLE ( 'NONE', #1113, 1.000000000000000888 ) ;
#1779 = ORIENTED_EDGE ( 'NONE', *, *, #330, .T. ) ;
#1780 = CARTESIAN_POINT ( 'NONE',  ( 106.9583167434122402, -5.499113835732500455, 104.1235951935671551 ) ) ;
#1781 = DIRECTION ( 'NONE',  ( -1.000000000000000000, 1.084202172485504681E-16, 0.000000000000000000 ) ) ;
#1782 = CARTESIAN_POINT ( 'NONE',  ( -36.41302825646259578, -4.214084147978036654, 105.6311854115682820 ) ) ;
#1783 = SHAPE_DEFINITION_REPRESENTATION ( #2931, #1448 ) ;
#1784 = VERTEX_POINT ( 'NONE', #3056 ) ;
#1785 = ORIENTED_EDGE ( 'NONE', *, *, #3661, .F. ) ;
#1786 = EDGE_CURVE ( 'NONE', #4233, #3515, #4136, .T. ) ;
#1787 = DIRECTION ( 'NONE',  ( 1.000000000000000000, 0.000000000000000000, 0.000000000000000000 ) ) ;
#1788 = LINE ( 'NONE', #4260, #1213 ) ;
#1789 = EDGE_CURVE ( 'NONE', #4014, #2546, #2493, .T. ) ;
#1790 = VECTOR ( 'NONE', #3424, 1000.000000000000000 ) ;
#1791 = FACE_BOUND ( 'NONE', #2191, .T. ) ;
#1792 = ORIENTED_EDGE ( 'NONE', *, *, #3404, .T. ) ;
#1793 = ORIENTED_EDGE ( 'NONE', *, *, #2499, .T. ) ;
#1794 = CYLINDRICAL_SURFACE ( 'NONE', #4135, 2.499999999999998668 ) ;
#1795 = DIRECTION ( 'NONE',  ( -0.000000000000000000, 0.000000000000000000, 1.000000000000000000 ) ) ;
#1796 = FACE_OUTER_BOUND ( 'NONE', #1999, .T. ) ;
#1797 = DIRECTION ( 'NONE',  ( 0.000000000000000000, 0.000000000000000000, 1.000000000000000000 ) ) ;
#1798 = VERTEX_POINT ( 'NONE', #2031 ) ;
#1799 = FACE_OUTER_BOUND ( 'NONE', #145, .T. ) ;
#1800 = CARTESIAN_POINT ( 'NONE',  ( 22.50000000000002132, -4.000000000000004441, 106.9999999999999858 ) ) ;
#1801 = CARTESIAN_POINT ( 'NONE',  ( -34.99999999999998579, -68.99999999999998579, 103.9999999999999858 ) ) ;
#1802 = AXIS2_PLACEMENT_3D ( 'NONE', #1369, #3440, #4595 ) ;
#1803 = DIRECTION ( 'NONE',  ( -1.000000000000000000, 0.000000000000000000, 2.312964634635740294E-15 ) ) ;
#1804 = CIRCLE ( 'NONE', #1655, 1.000000000000000888 ) ;
#1805 = ORIENTED_EDGE ( 'NONE', *, *, #1956, .F. ) ;
#1806 = ORIENTED_EDGE ( 'NONE', *, *, #2047, .T. ) ;
#1807 = DIRECTION ( 'NONE',  ( 0.000000000000000000, 0.000000000000000000, 1.000000000000000000 ) ) ;
#1808 = DIRECTION ( 'NONE',  ( 1.000000000000000000, 0.000000000000000000, 0.000000000000000000 ) ) ;
#1809 = ADVANCED_FACE ( 'NONE', ( #4533 ), #1990, .F. ) ;
#1810 = LINE ( 'NONE', #3229, #3918 ) ;
#1811 = AXIS2_PLACEMENT_3D ( 'NONE', #3525, #362, #1476 ) ;
#1812 = EDGE_LOOP ( 'NONE', ( #440, #1306, #1581, #2705 ) ) ;
#1813 = ORIENTED_EDGE ( 'NONE', *, *, #1789, .F. ) ;
#1814 = EDGE_CURVE ( 'NONE', #3515, #2210, #261, .T. ) ;
#1815 = CARTESIAN_POINT ( 'NONE',  ( 106.9936607278121841, -38.63932977172264316, 104.2191326216288587 ) ) ;
#1816 = CARTESIAN_POINT ( 'NONE',  ( 106.4048958740677762, -55.61691430280136927, 105.7965305847017987 ) ) ;
#1817 = VECTOR ( 'NONE', #356, 1000.000000000000000 ) ;
#1818 = EDGE_CURVE ( 'NONE', #3158, #1360, #2262, .T. ) ;
#1819 = VECTOR ( 'NONE', #4048, 1000.000000000000000 ) ;
#1820 = ADVANCED_FACE ( 'NONE', ( #990 ), #1019, .F. ) ;
#1821 = CARTESIAN_POINT ( 'NONE',  ( -36.99999999999997868, -30.00000000000000000, 105.9999999999999858 ) ) ;
#1822 = DIRECTION ( 'NONE',  ( 0.000000000000000000, 0.000000000000000000, 1.000000000000000000 ) ) ;
#1823 = ORIENTED_EDGE ( 'NONE', *, *, #4265, .T. ) ;
#1824 = VECTOR ( 'NONE', #1746, 1000.000000000000000 ) ;
#1825 = VECTOR ( 'NONE', #3926, 1000.000000000000000 ) ;
#1826 = PRESENTATION_LAYER_ASSIGNMENT (  '', '', ( #1752 ) ) ;
#1827 = CARTESIAN_POINT ( 'NONE',  ( -27.49999999999996092, -62.00000000000000000, 109.9999999999999858 ) ) ;
#1828 = CARTESIAN_POINT ( 'NONE',  ( 106.3477173071796642, -54.48806402336334997, 105.8688627039291816 ) ) ;
#1829 = CARTESIAN_POINT ( 'NONE',  ( 110.0000000000000142, 0.000000000000000000, 109.9999999999999858 ) ) ;
#1830 = ORIENTED_EDGE ( 'NONE', *, *, #680, .F. ) ;
#1831 = ORIENTED_EDGE ( 'NONE', *, *, #798, .T. ) ;
#1832 = CARTESIAN_POINT ( 'NONE',  ( 110.0000000000000142, -15.00000000000000000, 104.0000000000000142 ) ) ;
#1833 = FACE_OUTER_BOUND ( 'NONE', #1535, .T. ) ;
#1834 = DIRECTION ( 'NONE',  ( 0.000000000000000000, -1.000000000000000000, 0.000000000000000000 ) ) ;
#1835 = ORIENTED_EDGE ( 'NONE', *, *, #1420, .T. ) ;
#1836 = AXIS2_PLACEMENT_3D ( 'NONE', #2776, #2084, #3500 ) ;
#1837 = ORIENTED_EDGE ( 'NONE', *, *, #4503, .T. ) ;
#1838 = ADVANCED_FACE ( 'NONE', ( #213 ), #2368, .T. ) ;
#1839 = AXIS2_PLACEMENT_3D ( 'NONE', #2168, #2457, #1039 ) ;
#1840 = CARTESIAN_POINT ( 'NONE',  ( 106.4044506058386190, -68.40445060583860482, 105.9311206041072637 ) ) ;
#1841 = FACE_OUTER_BOUND ( 'NONE', #2234, .T. ) ;
#1842 = EDGE_CURVE ( 'NONE', #1467, #1345, #2408, .T. ) ;
#1843 = DIRECTION ( 'NONE',  ( 0.000000000000000000, 0.000000000000000000, 1.000000000000000000 ) ) ;
#1844 = LINE ( 'NONE', #2145, #3772 ) ;
#1845 = ORIENTED_EDGE ( 'NONE', *, *, #3144, .F. ) ;
#1846 = ADVANCED_FACE ( 'NONE', ( #971 ), #4487, .F. ) ;
#1847 = FACE_OUTER_BOUND ( 'NONE', #1506, .T. ) ;
#1848 = FACE_BOUND ( 'NONE', #2689, .T. ) ;
#1849 = VECTOR ( 'NONE', #831, 1000.000000000000000 ) ;
#1850 = CARTESIAN_POINT ( 'NONE',  ( -32.49999999999997158, -11.99999999999999645, 106.9999999999999858 ) ) ;
#1851 = VERTEX_POINT ( 'NONE', #4512 ) ;
#1852 = ORIENTED_EDGE ( 'NONE', *, *, #3377, .T. ) ;
#1853 = CIRCLE ( 'NONE', #4466, 5.000000000000000888 ) ;
#1854 = CARTESIAN_POINT ( 'NONE',  ( -33.99999999999997158, -5.999999999999998224, 99.99999999999998579 ) ) ;
#1855 = AXIS2_PLACEMENT_3D ( 'NONE', #2627, #2258, #4122 ) ;
#1856 = DIRECTION ( 'NONE',  ( 0.000000000000000000, 0.000000000000000000, 1.000000000000000000 ) ) ;
#1857 = DIRECTION ( 'NONE',  ( 0.000000000000000000, 1.000000000000000000, 0.000000000000000000 ) ) ;
#1858 = ORIENTED_EDGE ( 'NONE', *, *, #1194, .T. ) ;
#1859 = VERTEX_POINT ( 'NONE', #3476 ) ;
#1860 = CARTESIAN_POINT ( 'NONE',  ( 106.9040499522077567, -66.96801665073597576, 104.7778476746088074 ) ) ;
#1861 = DIRECTION ( 'NONE',  ( -1.000000000000000000, -0.000000000000000000, 2.312964634635740294E-15 ) ) ;
#1862 = ORIENTED_EDGE ( 'NONE', *, *, #4581, .T. ) ;
#1863 = DIRECTION ( 'NONE',  ( 1.000000000000000000, -0.000000000000000000, -0.000000000000000000 ) ) ;
#1864 = CARTESIAN_POINT ( 'NONE',  ( 106.1617223799458287, -4.016692206134609755, 104.6888145752043897 ) ) ;
#1865 = VERTEX_POINT ( 'NONE', #1291 ) ;
#1866 = ADVANCED_FACE ( 'NONE', ( #2774 ), #286, .F. ) ;
#1867 = EDGE_CURVE ( 'NONE', #3704, #3563, #3853, .T. ) ;
#1868 = CIRCLE ( 'NONE', #2164, 3.000000000000002665 ) ;
#1869 = ADVANCED_FACE ( 'NONE', ( #1615 ), #1270, .F. ) ;
#1870 = DIRECTION ( 'NONE',  ( 0.000000000000000000, 0.000000000000000000, 1.000000000000000000 ) ) ;
#1871 = CARTESIAN_POINT ( 'NONE',  ( 100.6155297530967800, -68.40407782085139843, 105.7976249577340724 ) ) ;
#1872 = DIRECTION ( 'NONE',  ( 0.000000000000000000, 1.000000000000000000, 0.000000000000000000 ) ) ;
#1873 = DIRECTION ( 'NONE',  ( -1.000000000000000000, -0.000000000000000000, -0.000000000000000000 ) ) ;
#1874 = EDGE_CURVE ( 'NONE', #445, #2162, #4574, .T. ) ;
#1875 = EDGE_LOOP ( 'NONE', ( #2401, #1898, #1929, #741 ) ) ;
#1876 = ORIENTED_EDGE ( 'NONE', *, *, #1536, .T. ) ;
#1877 = FACE_OUTER_BOUND ( 'NONE', #3231, .T. ) ;
#1878 = FACE_OUTER_BOUND ( 'NONE', #1488, .T. ) ;
#1879 = FACE_OUTER_BOUND ( 'NONE', #3892, .T. ) ;
#1880 = ORIENTED_EDGE ( 'NONE', *, *, #2699, .T. ) ;
#1881 = ORIENTED_EDGE ( 'NONE', *, *, #3778, .F. ) ;
#1882 = CARTESIAN_POINT ( 'NONE',  ( 35.50000000000002132, -11.99999999999999645, 99.99999999999998579 ) ) ;
#1883 = CYLINDRICAL_SURFACE ( 'NONE', #2270, 2.500000000000002220 ) ;
#1884 = DIRECTION ( 'NONE',  ( 0.000000000000000000, 0.000000000000000000, -1.000000000000000000 ) ) ;
#1885 = ORIENTED_EDGE ( 'NONE', *, *, #4495, .T. ) ;
#1886 = CIRCLE ( 'NONE', #704, 1.000000000000000888 ) ;
#1887 = CARTESIAN_POINT ( 'NONE',  ( 30.50000000000003908, -67.99999999999998579, 105.9999999999999858 ) ) ;
#1888 = CARTESIAN_POINT ( 'NONE',  ( 105.9644944186404132, -3.994282788688105157, 105.0668246765157505 ) ) ;
#1889 = ORIENTED_EDGE ( 'NONE', *, *, #2216, .T. ) ;
#1890 = AXIS2_PLACEMENT_3D ( 'NONE', #2225, #3646, #4514 ) ;
#1891 = EDGE_CURVE ( 'NONE', #3420, #3017, #3214, .T. ) ;
#1892 = FACE_BOUND ( 'NONE', #2322, .T. ) ;
#1893 = CARTESIAN_POINT ( 'NONE',  ( -35.99999999999997868, -5.999999999999998224, 105.9999999999999858 ) ) ;
#1894 = CARTESIAN_POINT ( 'NONE',  ( -36.23616544101446379, -4.000108967551475381, 105.1410608540098224 ) ) ;
#1895 = LINE ( 'NONE', #144, #3908 ) ;
#1896 = AXIS2_PLACEMENT_3D ( 'NONE', #2024, #2980, #1214 ) ;
#1897 = ADVANCED_FACE ( 'NONE', ( #3899 ), #332, .F. ) ;
#1898 = ORIENTED_EDGE ( 'NONE', *, *, #361, .F. ) ;
#1899 = ORIENTED_EDGE ( 'NONE', *, *, #1058, .F. ) ;
#1900 = EDGE_CURVE ( 'NONE', #1209, #607, #3627, .T. ) ;
#1901 = CARTESIAN_POINT ( 'NONE',  ( 83.00000000000002842, -11.99999999999999645, 109.9999999999999858 ) ) ;
#1902 = CIRCLE ( 'NONE', #4515, 1.000000000000000888 ) ;
#1903 = DIRECTION ( 'NONE',  ( 0.000000000000000000, 0.000000000000000000, -1.000000000000000000 ) ) ;
#1904 = CARTESIAN_POINT ( 'NONE',  ( -39.99999999999998579, -72.00000000000000000, 106.9999999999999858 ) ) ;
#1905 = EDGE_CURVE ( 'NONE', #1962, #981, #3877, .T. ) ;
#1906 = VERTEX_POINT ( 'NONE', #2823 ) ;
#1907 = VERTEX_POINT ( 'NONE', #2477 ) ;
#1908 = B_SPLINE_CURVE_WITH_KNOTS ( 'NONE', 3,
 ( #2061, #4164, #3805, #574, #3477, #2012, #3147, #617, #1706, #4207, #4112, #923, #1658, #3082, #1992, #215, #2032, #265 ),
 .UNSPECIFIED., .F., .F.,
 ( 4, 2, 2, 2, 2, 2, 2, 2, 4 ),
 ( 0.003265085766508800912, 0.003672690097425294550, 0.004080294428341789056, 0.004487898759258282695, 0.004895503090174776334, 0.005303107421091269973, 0.005710711752007763611, 0.006118316082924258117, 0.006525920413840751756 ),
 .UNSPECIFIED. ) ;
#1909 = DIRECTION ( 'NONE',  ( 0.000000000000000000, 0.000000000000000000, 1.000000000000000000 ) ) ;
#1910 = CARTESIAN_POINT ( 'NONE',  ( 30.50000000000003908, -65.99999999999998579, 106.9999999999999858 ) ) ;
#1911 = AXIS2_PLACEMENT_3D ( 'NONE', #4534, #1336, #1315 ) ;
#1912 = CARTESIAN_POINT ( 'NONE',  ( -39.99999999999998579, -6.000000000000005329, 106.9999999999999858 ) ) ;
#1913 = ORIENTED_EDGE ( 'NONE', *, *, #3149, .T. ) ;
#1914 = CARTESIAN_POINT ( 'NONE',  ( -36.95947631879484163, -5.493489105660468219, 105.8793175771398296 ) ) ;
#1915 = LINE ( 'NONE', #3331, #2879 ) ;
#1916 = VERTEX_POINT ( 'NONE', #25 ) ;
#1917 = PLANE ( 'NONE',  #2754 ) ;
#1918 = CARTESIAN_POINT ( 'NONE',  ( 24.50000000000002132, -6.000000000000000000, 106.9999999999999858 ) ) ;
#1919 = CARTESIAN_POINT ( 'NONE',  ( 106.9723899862425185, -15.82464972876942255, 104.4182360921682715 ) ) ;
#1920 = PLANE ( 'NONE',  #3454 ) ;
#1921 = ORIENTED_EDGE ( 'NONE', *, *, #2155, .F. ) ;
#1922 = VERTEX_POINT ( 'NONE', #3568 ) ;
#1923 = LINE ( 'NONE', #3694, #2351 ) ;
#1924 = DIRECTION ( 'NONE',  ( 0.000000000000000000, -1.000000000000000000, 0.000000000000000000 ) ) ;
#1925 = DIRECTION ( 'NONE',  ( 0.000000000000000000, -1.000000000000000000, 0.000000000000000000 ) ) ;
#1926 = ADVANCED_FACE ( 'NONE', ( #1796 ), #2890, .F. ) ;
#1927 = ORIENTED_EDGE ( 'NONE', *, *, #568, .T. ) ;
#1928 = CIRCLE ( 'NONE', #3264, 1.000000000000000888 ) ;
#1929 = ORIENTED_EDGE ( 'NONE', *, *, #3578, .F. ) ;
#1930 = CARTESIAN_POINT ( 'NONE',  ( 106.2360679774997720, -38.00000000000000000, 106.0000000000000142 ) ) ;
#1931 = EDGE_CURVE ( 'NONE', #3632, #1916, #1032, .T. ) ;
#1932 = LINE ( 'NONE', #1212, #4433 ) ;
#1933 = CARTESIAN_POINT ( 'NONE',  ( 86.00000000000001421, -6.000000000000002665, 106.9999999999999858 ) ) ;
#1934 = ORIENTED_EDGE ( 'NONE', *, *, #2783, .T. ) ;
#1935 = DIRECTION ( 'NONE',  ( 0.000000000000000000, 0.000000000000000000, -1.000000000000000000 ) ) ;
#1936 = CARTESIAN_POINT ( 'NONE',  ( 104.0000000000000142, -65.99999999999998579, 106.9999999999999858 ) ) ;
#1937 = ORIENTED_EDGE ( 'NONE', *, *, #2152, .F. ) ;
#1938 = AXIS2_PLACEMENT_3D ( 'NONE', #2293, #4016, #1497 ) ;
#1939 = DIRECTION ( 'NONE',  ( 0.000000000000000000, 0.000000000000000000, -1.000000000000000000 ) ) ;
#1940 = DIRECTION ( 'NONE',  ( 0.000000000000000000, -0.000000000000000000, 1.000000000000000000 ) ) ;
#1941 = CARTESIAN_POINT ( 'NONE',  ( 106.9936607278121841, -15.63932977172264138, 104.2191326216288587 ) ) ;
#1942 = VECTOR ( 'NONE', #114, 1000.000000000000000 ) ;
#1943 = DIRECTION ( 'NONE',  ( -0.000000000000000000, -0.000000000000000000, -1.000000000000000000 ) ) ;
#1944 = ORIENTED_EDGE ( 'NONE', *, *, #2608, .F. ) ;
#1945 = VERTEX_POINT ( 'NONE', #1 ) ;
#1946 = CARTESIAN_POINT ( 'NONE',  ( 106.2360679774997863, -30.00000000000000000, 106.0000000000000000 ) ) ;
#1947 = LINE ( 'NONE', #100, #1264 ) ;
#1948 = CARTESIAN_POINT ( 'NONE',  ( 65.00000000000001421, -3.000000000000001776, 104.0000000000000000 ) ) ;
#1949 = ORIENTED_EDGE ( 'NONE', *, *, #1250, .F. ) ;
#1950 = EDGE_LOOP ( 'NONE', ( #374, #2578 ) ) ;
#1951 = CARTESIAN_POINT ( 'NONE',  ( -33.99999999999997158, -5.999999999999998224, 99.99999999999998579 ) ) ;
#1952 = ADVANCED_FACE ( 'NONE', ( #1450 ), #4314, .F. ) ;
#1953 = LINE ( 'NONE', #179, #4435 ) ;
#1954 = ORIENTED_EDGE ( 'NONE', *, *, #4006, .F. ) ;
#1955 = EDGE_CURVE ( 'NONE', #3563, #3886, #2065, .T. ) ;
#1956 = EDGE_CURVE ( 'NONE', #1738, #1184, #2211, .T. ) ;
#1957 = DIRECTION ( 'NONE',  ( -1.000000000000000000, 0.000000000000000000, 2.312964634635740294E-15 ) ) ;
#1958 = DIRECTION ( 'NONE',  ( 1.000000000000000000, 0.000000000000000000, 0.000000000000000000 ) ) ;
#1959 = ORIENTED_EDGE ( 'NONE', *, *, #3947, .F. ) ;
#1960 = EDGE_CURVE ( 'NONE', #4448, #3230, #2519, .T. ) ;
#1961 = DIRECTION ( 'NONE',  ( 0.000000000000000000, -1.000000000000000000, 0.000000000000000000 ) ) ;
#1962 = VERTEX_POINT ( 'NONE', #1821 ) ;
#1963 = CARTESIAN_POINT ( 'NONE',  ( 27.50000000000003908, -65.99999999999998579, 99.99999999999998579 ) ) ;
#1964 = CARTESIAN_POINT ( 'NONE',  ( 106.2360679774997720, -65.00000000000000000, 106.0000000000000142 ) ) ;
#1965 = FACE_BOUND ( 'NONE', #1327, .T. ) ;
#1966 = AXIS2_PLACEMENT_3D ( 'NONE', #3921, #2821, #3876 ) ;
#1967 = CIRCLE ( 'NONE', #777, 1.000000000000000888 ) ;
#1968 = ORIENTED_EDGE ( 'NONE', *, *, #418, .T. ) ;
#1969 = ORIENTED_EDGE ( 'NONE', *, *, #1759, .F. ) ;
#1970 = CARTESIAN_POINT ( 'NONE',  ( 106.2360679774997720, -65.00000000000000000, 106.0000000000000142 ) ) ;
#1971 = DIRECTION ( 'NONE',  ( 0.000000000000000000, 0.000000000000000000, 1.000000000000000000 ) ) ;
#1972 = LINE ( 'NONE', #2304, #2784 ) ;
#1973 = AXIS2_PLACEMENT_3D ( 'NONE', #4588, #1735, #1320 ) ;
#1974 = ORIENTED_EDGE ( 'NONE', *, *, #244, .F. ) ;
#1975 = AXIS2_PLACEMENT_3D ( 'NONE', #3364, #1551, #2598 ) ;
#1976 = ORIENTED_EDGE ( 'NONE', *, *, #3928, .T. ) ;
#1977 = CIRCLE ( 'NONE', #2565, 2.000000000000001776 ) ;
#1978 = CARTESIAN_POINT ( 'NONE',  ( 105.8023663045206746, -67.80236630452066038, 106.5033572738558689 ) ) ;
#1979 = AXIS2_PLACEMENT_3D ( 'NONE', #4001, #4073, #1257 ) ;
#1980 = CARTESIAN_POINT ( 'NONE',  ( 100.0000000000000142, 0.000000000000000000, 105.0000000000000000 ) ) ;
#1981 = ORIENTED_EDGE ( 'NONE', *, *, #999, .F. ) ;
#1982 = ORIENTED_EDGE ( 'NONE', *, *, #874, .F. ) ;
#1983 = DIRECTION ( 'NONE',  ( -1.000000000000000000, 0.000000000000000000, 2.312964634635740294E-15 ) ) ;
#1984 = CARTESIAN_POINT ( 'NONE',  ( 104.0000000000000142, -6.000000000000002665, 103.9999999999999858 ) ) ;
#1985 = EDGE_LOOP ( 'NONE', ( #3371, #887, #1845 ) ) ;
#1986 = EDGE_CURVE ( 'NONE', #1922, #4542, #3655, .T. ) ;
#1987 = AXIS2_PLACEMENT_3D ( 'NONE', #1425, #755, #26 ) ;
#1988 = DIRECTION ( 'NONE',  ( 1.000000000000000000, -0.000000000000000000, -0.000000000000000000 ) ) ;
#1989 = AXIS2_PLACEMENT_3D ( 'NONE', #378, #3499, #710 ) ;
#1990 = CYLINDRICAL_SURFACE ( 'NONE', #2272, 3.000000000000002665 ) ;
#1991 = EDGE_CURVE ( 'NONE', #3275, #782, #3504, .T. ) ;
#1992 = CARTESIAN_POINT ( 'NONE',  ( 106.9973156942203616, -30.52575064371125890, 104.1382964627071743 ) ) ;
#1993 = CARTESIAN_POINT ( 'NONE',  ( 105.0000000000000142, -68.99999999999998579, 105.7573593128806948 ) ) ;
#1994 = ORIENTED_EDGE ( 'NONE', *, *, #1818, .F. ) ;
#1995 = CARTESIAN_POINT ( 'NONE',  ( 5.000000000000018652, -10.00000000000000000, 106.0000000000000000 ) ) ;
#1996 = LINE ( 'NONE', #1662, #2148 ) ;
#1997 = CARTESIAN_POINT ( 'NONE',  ( -29.99999999999998934, -55.00000000000000000, 106.0000000000003126 ) ) ;
#1998 = ORIENTED_EDGE ( 'NONE', *, *, #4036, .T. ) ;
#1999 = EDGE_LOOP ( 'NONE', ( #3657, #136, #3880, #3136 ) ) ;
#2000 = DIRECTION ( 'NONE',  ( -0.000000000000000000, -0.000000000000000000, 1.000000000000000000 ) ) ;
#2001 = CARTESIAN_POINT ( 'NONE',  ( 58.00000000000002132, -36.99999999999998579, 106.9999999999999858 ) ) ;
#2002 = FACE_BOUND ( 'NONE', #3937, .T. ) ;
#2003 = EDGE_LOOP ( 'NONE', ( #1772, #1300, #3564, #360 ) ) ;
#2004 = ORIENTED_EDGE ( 'NONE', *, *, #708, .F. ) ;
#2005 = AXIS2_PLACEMENT_3D ( 'NONE', #2285, #3701, #1695 ) ;
#2006 = DIRECTION ( 'NONE',  ( 0.000000000000000000, 1.000000000000000000, 0.000000000000000000 ) ) ;
#2007 = CARTESIAN_POINT ( 'NONE',  ( 88.00000000000002842, -6.000000000000002665, 106.9999999999999858 ) ) ;
#2008 = LINE ( 'NONE', #3783, #1790 ) ;
#2009 = CARTESIAN_POINT ( 'NONE',  ( 106.2360679774997720, -14.86386992085734526, 106.0000000000000142 ) ) ;
#2010 = ADVANCED_FACE ( 'NONE', ( #2540 ), #3427, .F. ) ;
#2011 = EDGE_CURVE ( 'NONE', #567, #2112, #1757, .T. ) ;
#2012 = CARTESIAN_POINT ( 'NONE',  ( 106.5247240203470653, -30.79112817881834019, 105.6238272469569068 ) ) ;
#2013 = CARTESIAN_POINT ( 'NONE',  ( 5.000000000000018652, -3.000000000000000888, 105.0000000000000000 ) ) ;
#2014 = ORIENTED_EDGE ( 'NONE', *, *, #3121, .T. ) ;
#2015 = EDGE_CURVE ( 'NONE', #552, #4233, #820, .T. ) ;
#2016 = DIRECTION ( 'NONE',  ( -1.000000000000000000, 0.000000000000000000, 2.312964634635740294E-15 ) ) ;
#2017 = CARTESIAN_POINT ( 'NONE',  ( -34.99999999999998579, -66.99999999999998579, 99.99999999999998579 ) ) ;
#2018 = ORIENTED_EDGE ( 'NONE', *, *, #4036, .F. ) ;
#2019 = AXIS2_PLACEMENT_3D ( 'NONE', #1887, #64, #1244 ) ;
#2020 = ORIENTED_EDGE ( 'NONE', *, *, #591, .T. ) ;
#2021 = EDGE_CURVE ( 'NONE', #2831, #1571, #4028, .T. ) ;
#2022 = CARTESIAN_POINT ( 'NONE',  ( 107.0003601997477460, -37.72634743272119096, 104.0285130053217131 ) ) ;
#2023 = CARTESIAN_POINT ( 'NONE',  ( 94.00000000000000000, -5.999999999999998224, 103.9999999999999858 ) ) ;
#2024 = CARTESIAN_POINT ( 'NONE',  ( 86.00000000000001421, -65.99999999999998579, 99.99999999999998579 ) ) ;
#2025 = ORIENTED_EDGE ( 'NONE', *, *, #4552, .T. ) ;
#2026 = ORIENTED_EDGE ( 'NONE', *, *, #4065, .T. ) ;
#2027 = DIRECTION ( 'NONE',  ( 0.000000000000000000, 0.000000000000000000, -1.000000000000000000 ) ) ;
#2028 = DIRECTION ( 'NONE',  ( 3.469446951953611033E-15, 0.000000000000000000, 1.000000000000000000 ) ) ;
#2029 = AXIS2_PLACEMENT_3D ( 'NONE', #82, #4358, #1167 ) ;
#2030 = CARTESIAN_POINT ( 'NONE',  ( 100.0000000000000142, -68.23606797749977204, 106.0000000000000000 ) ) ;
#2031 = CARTESIAN_POINT ( 'NONE',  ( 27.50000000000002487, -6.000000000000001776, 99.99999999999998579 ) ) ;
#2032 = CARTESIAN_POINT ( 'NONE',  ( 107.0000000000000284, -30.13782052976223014, 104.0000000000000142 ) ) ;
#2033 = CIRCLE ( 'NONE', #246, 1.000000000000000888 ) ;
#2034 = DIRECTION ( 'NONE',  ( -0.000000000000000000, -1.000000000000000000, -0.000000000000000000 ) ) ;
#2035 = ORIENTED_EDGE ( 'NONE', *, *, #814, .T. ) ;
#2036 = EDGE_CURVE ( 'NONE', #3158, #84, #442, .T. ) ;
#2037 = CARTESIAN_POINT ( 'NONE',  ( 22.50000000000003908, -68.99999999999998579, 99.99999999999998579 ) ) ;
#2038 = DIRECTION ( 'NONE',  ( -0.000000000000000000, -0.000000000000000000, 1.000000000000000000 ) ) ;
#2039 = CIRCLE ( 'NONE', #632, 2.499999999999998668 ) ;
#2040 = VECTOR ( 'NONE', #2282, 1000.000000000000000 ) ;
#2041 = CARTESIAN_POINT ( 'NONE',  ( 100.8246497287694581, -3.027610013757498386, 104.4182360921682715 ) ) ;
#2042 = EDGE_CURVE ( 'NONE', #4403, #3032, #2319, .T. ) ;
#2043 = CARTESIAN_POINT ( 'NONE',  ( -36.99999999999998579, -55.00000000000000000, 104.0000000000003268 ) ) ;
#2044 = ORIENTED_EDGE ( 'NONE', *, *, #2813, .T. ) ;
#2045 = ORIENTED_EDGE ( 'NONE', *, *, #1087, .F. ) ;
#2046 = VECTOR ( 'NONE', #2034, 1000.000000000000000 ) ;
#2047 = EDGE_CURVE ( 'NONE', #3107, #2251, #2960, .T. ) ;
#2048 = CARTESIAN_POINT ( 'NONE',  ( 99.72661240393775017, -69.00037106700425227, 104.0282973974177736 ) ) ;
#2049 = DIRECTION ( 'NONE',  ( 0.000000000000000000, 0.000000000000000000, -1.000000000000000000 ) ) ;
#2050 = CIRCLE ( 'NONE', #1973, 3.000000000000002665 ) ;
#2051 = EDGE_CURVE ( 'NONE', #3118, #1851, #2193, .T. ) ;
#2052 = CIRCLE ( 'NONE', #36, 5.000000000000000888 ) ;
#2053 = CARTESIAN_POINT ( 'NONE',  ( 100.0000000000000142, -5.000000000000000000, 105.0000000000000000 ) ) ;
#2054 = ORIENTED_EDGE ( 'NONE', *, *, #4346, .T. ) ;
#2055 = AXIS2_PLACEMENT_3D ( 'NONE', #1105, #1063, #1884 ) ;
#2056 = ORIENTED_EDGE ( 'NONE', *, *, #133, .F. ) ;
#2057 = CARTESIAN_POINT ( 'NONE',  ( -39.99999999999999289, -55.00000000000000000, 105.0000000000003411 ) ) ;
#2058 = CYLINDRICAL_SURFACE ( 'NONE', #3298, 5.000000000000000888 ) ;
#2059 = CARTESIAN_POINT ( 'NONE',  ( 106.8284271247461845, -6.000000000000002665, 105.0000000000000000 ) ) ;
#2060 = CARTESIAN_POINT ( 'NONE',  ( 25.50000000000002132, -1.927470528863119049E-16, 99.99999999999998579 ) ) ;
#2061 = CARTESIAN_POINT ( 'NONE',  ( 106.2360679774997863, -30.00000000000000000, 106.0000000000000000 ) ) ;
#2062 = FACE_OUTER_BOUND ( 'NONE', #2140, .T. ) ;
#2063 = VECTOR ( 'NONE', #2588, 1000.000000000000000 ) ;
#2064 = ORIENTED_EDGE ( 'NONE', *, *, #1417, .T. ) ;
#2065 = CIRCLE ( 'NONE', #4229, 1.000000000000000888 ) ;
#2066 = CARTESIAN_POINT ( 'NONE',  ( -36.99999999999997868, -3.000000000000000000, 103.9999999999999858 ) ) ;
#2067 = FACE_OUTER_BOUND ( 'NONE', #391, .T. ) ;
#2068 = CARTESIAN_POINT ( 'NONE',  ( 100.9861744618231540, -3.102409887656445875, 104.7876532887342051 ) ) ;
#2069 = APPLICATION_PROTOCOL_DEFINITION ( 'draft international standard', 'automotive_design', 1998, #4589 ) ;
#2070 = ORIENTED_EDGE ( 'NONE', *, *, #4070, .F. ) ;
#2071 = ORIENTED_EDGE ( 'NONE', *, *, #1702, .F. ) ;
#2072 = CARTESIAN_POINT ( 'NONE',  ( 20.00000000000003553, -11.99999999999999645, 106.9999999999999858 ) ) ;
#2073 = LINE ( 'NONE', #4523, #2456 ) ;
#2074 = EDGE_CURVE ( 'NONE', #4025, #2874, #531, .T. ) ;
#2075 = DIRECTION ( 'NONE',  ( -0.000000000000000000, -0.000000000000000000, 1.000000000000000000 ) ) ;
#2076 = ORIENTED_EDGE ( 'NONE', *, *, #2918, .T. ) ;
#2077 = VERTEX_POINT ( 'NONE', #3684 ) ;
#2078 = ADVANCED_FACE ( 'NONE', ( #2560, #4365, #3280 ), #1172, .T. ) ;
#2079 = VECTOR ( 'NONE', #1295, 1000.000000000000000 ) ;
#2080 = CARTESIAN_POINT ( 'NONE',  ( 86.00000000000001421, -4.000000000000006217, 106.9999999999999858 ) ) ;
#2081 = DIRECTION ( 'NONE',  ( 0.000000000000000000, 0.000000000000000000, 1.000000000000000000 ) ) ;
#2082 = CARTESIAN_POINT ( 'NONE',  ( 106.3480057239902123, -38.51251075935149260, 105.8685019399078868 ) ) ;
#2083 = CARTESIAN_POINT ( 'NONE',  ( -37.00032093156437440, -5.973318575996048096, 105.2650060097716533 ) ) ;
#2084 = DIRECTION ( 'NONE',  ( -1.000000000000000000, 0.000000000000000000, 0.000000000000000000 ) ) ;
#2085 = DIRECTION ( 'NONE',  ( 0.000000000000000000, -1.000000000000000000, 0.000000000000000000 ) ) ;
#2086 = ORIENTED_EDGE ( 'NONE', *, *, #2661, .F. ) ;
#2087 = CARTESIAN_POINT ( 'NONE',  ( 106.8284271247461987, -4.999999999999999112, 104.0000000000000000 ) ) ;
#2088 = DIRECTION ( 'NONE',  ( 1.000000000000000000, 0.000000000000000000, 0.000000000000000000 ) ) ;
#2089 = DIRECTION ( 'NONE',  ( -0.000000000000000000, -0.000000000000000000, 1.000000000000000000 ) ) ;
#2090 = CARTESIAN_POINT ( 'NONE',  ( 100.0000000000000142, -15.00000000000000000, 105.0000000000000142 ) ) ;
#2091 = ORIENTED_EDGE ( 'NONE', *, *, #943, .T. ) ;
#2092 = ORIENTED_EDGE ( 'NONE', *, *, #21, .T. ) ;
#2093 = CARTESIAN_POINT ( 'NONE',  ( 107.0000000000000142, -38.00000000000000000, 103.9999999999999858 ) ) ;
#2094 = FACE_OUTER_BOUND ( 'NONE', #939, .T. ) ;
#2095 = DIRECTION ( 'NONE',  ( 0.000000000000000000, 0.000000000000000000, -1.000000000000000000 ) ) ;
#2096 = ORIENTED_EDGE ( 'NONE', *, *, #1640, .F. ) ;
#2097 = ORIENTED_EDGE ( 'NONE', *, *, #67, .T. ) ;
#2098 = EDGE_CURVE ( 'NONE', #1549, #763, #1125, .T. ) ;
#2099 = B_SPLINE_CURVE_WITH_KNOTS ( 'NONE', 3,
 ( #2156, #4071, #4046, #2228, #99, #125, #2649, #1231, #882, #4423, #4022, #1181, #4374, #1256, #526, #1946 ),
 .UNSPECIFIED., .F., .F.,
 ( 4, 2, 2, 2, 2, 2, 2, 4 ),
 ( 0.000000000000000000, 0.0004081357208136125281, 0.0008162714416272250561, 0.001224407162440837747, 0.001632542883254450112, 0.002448814324881622151, 0.002856950045695211531, 0.003265085766508800912 ),
 .UNSPECIFIED. ) ;
#2100 = CARTESIAN_POINT ( 'NONE',  ( 106.2360679774997720, -55.13595283871732988, 106.0000000000000000 ) ) ;
#2101 = DIRECTION ( 'NONE',  ( 1.000000000000000000, 0.000000000000000000, 0.000000000000000000 ) ) ;
#2102 = EDGE_CURVE ( 'NONE', #4162, #2653, #4106, .T. ) ;
#2103 = EDGE_CURVE ( 'NONE', #4461, #524, #908, .T. ) ;
#2104 = CARTESIAN_POINT ( 'NONE',  ( 5.000000000000018652, -10.00000000000000000, 105.0000000000000000 ) ) ;
#2105 = CARTESIAN_POINT ( 'NONE',  ( -36.99999999999997868, -15.00000000000000000, 105.9999999999999858 ) ) ;
#2106 = DIRECTION ( 'NONE',  ( -1.000000000000000000, 0.000000000000000000, 0.000000000000000000 ) ) ;
#2107 = EDGE_LOOP ( 'NONE', ( #855, #176, #1237, #4526 ) ) ;
#2108 = CARTESIAN_POINT ( 'NONE',  ( -39.99999999999999289, -15.00000000000000000, 104.0000000000003553 ) ) ;
#2109 = DIRECTION ( 'NONE',  ( -1.000000000000000000, 0.000000000000000000, 2.312964634635740294E-15 ) ) ;
#2110 = CARTESIAN_POINT ( 'NONE',  ( 100.0000000000000284, -3.000000000000002665, 103.9999999999999858 ) ) ;
#2111 = DIRECTION ( 'NONE',  ( 0.000000000000000000, 0.000000000000000000, -1.000000000000000000 ) ) ;
#2112 = VERTEX_POINT ( 'NONE', #2934 ) ;
#2113 = ORIENTED_EDGE ( 'NONE', *, *, #845, .F. ) ;
#2114 = CIRCLE ( 'NONE', #2706, 3.000000000000002665 ) ;
#2115 = DIRECTION ( 'NONE',  ( 0.000000000000000000, 1.000000000000000000, 0.000000000000000000 ) ) ;
#2116 = CYLINDRICAL_SURFACE ( 'NONE', #2770, 1.000000000000000888 ) ;
#2117 = FACE_BOUND ( 'NONE', #1064, .T. ) ;
#2118 = AXIS2_PLACEMENT_3D ( 'NONE', #2013, #1731, #3830 ) ;
#2119 = ORIENTED_EDGE ( 'NONE', *, *, #3472, .F. ) ;
#2120 = CARTESIAN_POINT ( 'NONE',  ( 88.00000000000002842, 0.000000000000000000, 105.9999999999999858 ) ) ;
#2121 = CIRCLE ( 'NONE', #1456, 1.000000000000000888 ) ;
#2122 = CYLINDRICAL_SURFACE ( 'NONE', #3903, 3.000000000000002665 ) ;
#2123 = VECTOR ( 'NONE', #2888, 1000.000000000000000 ) ;
#2124 = AXIS2_PLACEMENT_3D ( 'NONE', #1348, #1416, #4176 ) ;
#2125 = DIRECTION ( 'NONE',  ( -0.000000000000000000, 1.000000000000000000, -0.000000000000000000 ) ) ;
#2126 = DIRECTION ( 'NONE',  ( 0.000000000000000000, 0.000000000000000000, 1.000000000000000000 ) ) ;
#2127 = DIRECTION ( 'NONE',  ( 0.000000000000000000, 0.000000000000000000, -1.000000000000000000 ) ) ;
#2128 = ADVANCED_FACE ( 'NONE', ( #1216 ), #2632, .F. ) ;
#2129 = VERTEX_POINT ( 'NONE', #3705 ) ;
#2130 = EDGE_CURVE ( 'NONE', #4224, #2514, #1496, .T. ) ;
#2131 = CARTESIAN_POINT ( 'NONE',  ( 106.8733233258050461, -6.000000000000008882, 104.8730143671270270 ) ) ;
#2132 = CARTESIAN_POINT ( 'NONE',  ( -39.99999999999998579, -67.99999999999998579, 106.9999999999999858 ) ) ;
#2133 = CARTESIAN_POINT ( 'NONE',  ( -36.53782818804697285, -4.396370091029598193, 105.8072729917645773 ) ) ;
#2134 = EDGE_LOOP ( 'NONE', ( #3339, #2443, #3812, #2119 ) ) ;
#2135 = ORIENTED_EDGE ( 'NONE', *, *, #390, .F. ) ;
#2136 = CARTESIAN_POINT ( 'NONE',  ( 33.00000000000002842, -11.99999999999999645, 106.9999999999999858 ) ) ;
#2137 = CARTESIAN_POINT ( 'NONE',  ( 105.0000000000000142, -66.99999999999998579, 109.9999999999999858 ) ) ;
#2138 = LINE ( 'NONE', #1397, #2868 ) ;
#2139 = EDGE_LOOP ( 'NONE', ( #2465, #1326, #3279, #1246 ) ) ;
#2140 = EDGE_LOOP ( 'NONE', ( #1555, #2862, #2919, #3028 ) ) ;
#2141 = FACE_OUTER_BOUND ( 'NONE', #2107, .T. ) ;
#2142 = CARTESIAN_POINT ( 'NONE',  ( 30.50000000000004263, -62.00000000000000000, 99.99999999999998579 ) ) ;
#2143 =( BOUNDED_CURVE ( )  B_SPLINE_CURVE ( 3, ( #198, #1621, #3087, #3480 ),
 .UNSPECIFIED., .F., .T. ) 
 B_SPLINE_CURVE_WITH_KNOTS ( ( 4, 4 ),
 ( 1.570796326794896558, 3.141592653589793116 ),
 .UNSPECIFIED. ) 
 CURVE ( )  GEOMETRIC_REPRESENTATION_ITEM ( )  RATIONAL_B_SPLINE_CURVE ( ( 1.000000000000000000, 0.8047378541243649375, 0.8047378541243649375, 1.000000000000000000 ) ) 
 REPRESENTATION_ITEM ( '' )  );
#2144 = CARTESIAN_POINT ( 'NONE',  ( 5.000000000000018652, 0.000000000000000000, 105.0000000000000000 ) ) ;
#2145 = CARTESIAN_POINT ( 'NONE',  ( -27.49999999999996092, -62.00000000000000000, 99.99999999999998579 ) ) ;
#2146 = ORIENTED_EDGE ( 'NONE', *, *, #4500, .T. ) ;
#2147 = CARTESIAN_POINT ( 'NONE',  ( -4.999999999999976907, -36.99999999999999289, 106.9999999999999858 ) ) ;
#2148 = VECTOR ( 'NONE', #2713, 1000.000000000000000 ) ;
#2149 = FACE_OUTER_BOUND ( 'NONE', #1023, .T. ) ;
#2150 = LINE ( 'NONE', #2483, #3565 ) ;
#2151 = FACE_OUTER_BOUND ( 'NONE', #4476, .T. ) ;
#2152 = EDGE_CURVE ( 'NONE', #2352, #1916, #3355, .T. ) ;
#2153 = EDGE_LOOP ( 'NONE', ( #66, #2204, #3004, #42, #808 ) ) ;
#2154 = EDGE_LOOP ( 'NONE', ( #802, #4077 ) ) ;
#2155 = EDGE_CURVE ( 'NONE', #1945, #4105, #3955, .T. ) ;
#2156 = CARTESIAN_POINT ( 'NONE',  ( 107.0000000000000142, -30.00000000000000000, 103.9999999999999858 ) ) ;
#2157 = DIRECTION ( 'NONE',  ( 1.000000000000000000, 0.000000000000000000, 0.000000000000000000 ) ) ;
#2158 = CIRCLE ( 'NONE', #627, 1.000000000000000888 ) ;
#2159 = DIRECTION ( 'NONE',  ( -1.000000000000000000, 0.000000000000000000, 0.000000000000000000 ) ) ;
#2160 = EDGE_CURVE ( 'NONE', #4485, #2788, #3277, .T. ) ;
#2161 = ORIENTED_EDGE ( 'NONE', *, *, #67, .F. ) ;
#2162 = VERTEX_POINT ( 'NONE', #2218 ) ;
#2163 = CARTESIAN_POINT ( 'NONE',  ( 106.9723899862425185, -38.82464972876942255, 104.4182360921682715 ) ) ;
#2164 = AXIS2_PLACEMENT_3D ( 'NONE', #2383, #967, #186 ) ;
#2165 = DIRECTION ( 'NONE',  ( -0.000000000000000000, -0.000000000000000000, 1.000000000000000000 ) ) ;
#2166 = FACE_OUTER_BOUND ( 'NONE', #4304, .T. ) ;
#2167 = ORIENTED_EDGE ( 'NONE', *, *, #4033, .T. ) ;
#2168 = CARTESIAN_POINT ( 'NONE',  ( 33.00000000000004263, -62.00000000000000000, 99.99999999999998579 ) ) ;
#2169 = LINE ( 'NONE', #49, #199 ) ;
#2170 = ORIENTED_EDGE ( 'NONE', *, *, #687, .T. ) ;
#2171 = DIRECTION ( 'NONE',  ( -1.000000000000000000, 0.000000000000000000, 0.000000000000000000 ) ) ;
#2172 = DIRECTION ( 'NONE',  ( 0.000000000000000000, 0.000000000000000000, -1.000000000000000000 ) ) ;
#2173 = CARTESIAN_POINT ( 'NONE',  ( 106.3480057239902123, -65.51251075935149970, 105.8685019399078868 ) ) ;
#2174 = CIRCLE ( 'NONE', #1802, 28.00000000000000000 ) ;
#2175 = CARTESIAN_POINT ( 'NONE',  ( 105.0000000000000142, -72.00000000000000000, 99.99999999999998579 ) ) ;
#2176 = B_SPLINE_CURVE_WITH_KNOTS ( 'NONE', 3,
 ( #2593, #143, #1225, #899, #2664, #2641, #4066, #877, #168, #3013, #2318, #4089, #805, #3733, #545, #1964 ),
 .UNSPECIFIED., .F., .F.,
 ( 4, 2, 2, 2, 2, 2, 2, 4 ),
 ( 0.000000000000000000, 0.0004081357208136106849, 0.0008162714416272213698, 0.001224407162440831892, 0.001632542883254442740, 0.002448814324881625620, 0.002856950045695221072, 0.003265085766508816524 ),
 .UNSPECIFIED. ) ;
#2177 = EDGE_CURVE ( 'NONE', #975, #4025, #3639, .T. ) ;
#2178 = ORIENTED_EDGE ( 'NONE', *, *, #1620, .F. ) ;
#2179 = ORIENTED_EDGE ( 'NONE', *, *, #1470, .F. ) ;
#2180 = CARTESIAN_POINT ( 'NONE',  ( 94.00000000000000000, -5.999999999999998224, 103.9999999999999858 ) ) ;
#2181 = FACE_OUTER_BOUND ( 'NONE', #2881, .T. ) ;
#2182 = CARTESIAN_POINT ( 'NONE',  ( -34.99999999999998579, -68.99999999999998579, 105.9999999999999858 ) ) ;
#2183 = ADVANCED_FACE ( 'NONE', ( #917 ), #209, .F. ) ;
#2184 = ORIENTED_EDGE ( 'NONE', *, *, #3718, .F. ) ;
#2185 = ORIENTED_EDGE ( 'NONE', *, *, #1786, .T. ) ;
#2186 = CARTESIAN_POINT ( 'NONE',  ( 106.2360679774997720, -38.13595283871732278, 106.0000000000000142 ) ) ;
#2187 = ADVANCED_FACE ( 'NONE', ( #3752 ), #636, .F. ) ;
#2188 = EDGE_LOOP ( 'NONE', ( #3060, #4009, #3414, #4458 ) ) ;
#2189 = CARTESIAN_POINT ( 'NONE',  ( -29.99999999999999289, -30.00000000000000000, 105.0000000000003126 ) ) ;
#2190 = VECTOR ( 'NONE', #1312, 1000.000000000000000 ) ;
#2191 = EDGE_LOOP ( 'NONE', ( #3290, #1959 ) ) ;
#2192 = CIRCLE ( 'NONE', #3914, 2.000000000000001776 ) ;
#2193 = LINE ( 'NONE', #2609, #2687 ) ;
#2194 = DIRECTION ( 'NONE',  ( 1.000000000000000000, 0.000000000000000000, -0.000000000000000000 ) ) ;
#2195 = VERTEX_POINT ( 'NONE', #564 ) ;
#2196 = VECTOR ( 'NONE', #3341, 1000.000000000000000 ) ;
#2197 = CIRCLE ( 'NONE', #4504, 3.000000000000002665 ) ;
#2198 = VECTOR ( 'NONE', #2416, 1000.000000000000000 ) ;
#2199 = CARTESIAN_POINT ( 'NONE',  ( -39.99999999999998579, -72.00000000000000000, 106.9999999999999858 ) ) ;
#2200 = CARTESIAN_POINT ( 'NONE',  ( 106.8589582783841365, -53.99497215984448673, 104.9193501258490215 ) ) ;
#2201 = CIRCLE ( 'NONE', #4593, 2.500000000000002220 ) ;
#2202 = LINE ( 'NONE', #2570, #412 ) ;
#2203 = ORIENTED_EDGE ( 'NONE', *, *, #1472, .T. ) ;
#2204 = ORIENTED_EDGE ( 'NONE', *, *, #3808, .T. ) ;
#2205 = DIRECTION ( 'NONE',  ( 0.000000000000000000, 0.000000000000000000, -1.000000000000000000 ) ) ;
#2206 = DIRECTION ( 'NONE',  ( 1.000000000000000000, 0.000000000000000000, 0.000000000000000000 ) ) ;
#2207 = DIRECTION ( 'NONE',  ( 1.000000000000000000, -0.000000000000000000, -0.000000000000000000 ) ) ;
#2208 = ORIENTED_EDGE ( 'NONE', *, *, #506, .T. ) ;
#2209 = AXIS2_PLACEMENT_3D ( 'NONE', #821, #2241, #1958 ) ;
#2210 = VERTEX_POINT ( 'NONE', #4550 ) ;
#2211 = CIRCLE ( 'NONE', #3851, 1.000000000000000888 ) ;
#2212 = CARTESIAN_POINT ( 'NONE',  ( 86.00000000000001421, -68.99999999999998579, 105.9999999999999858 ) ) ;
#2213 = EDGE_CURVE ( 'NONE', #2899, #1035, #3882, .T. ) ;
#2214 = LINE ( 'NONE', #3635, #3380 ) ;
#2215 = EDGE_LOOP ( 'NONE', ( #776, #1524 ) ) ;
#2216 = EDGE_CURVE ( 'NONE', #2811, #1236, #3473, .T. ) ;
#2217 = EDGE_CURVE ( 'NONE', #4390, #2077, #1868, .T. ) ;
#2218 = CARTESIAN_POINT ( 'NONE',  ( 5.000000000000018652, -3.000000000000000888, 105.9999999999999858 ) ) ;
#2219 = CARTESIAN_POINT ( 'NONE',  ( 107.0000000000000142, -66.99999999999998579, 103.9999999999999858 ) ) ;
#2220 = ORIENTED_EDGE ( 'NONE', *, *, #1699, .F. ) ;
#2221 = DIRECTION ( 'NONE',  ( -0.000000000000000000, -1.000000000000000000, -0.000000000000000000 ) ) ;
#2222 = CYLINDRICAL_SURFACE ( 'NONE', #4058, 1.000000000000000888 ) ;
#2223 = VECTOR ( 'NONE', #3040, 1000.000000000000000 ) ;
#2224 = CARTESIAN_POINT ( 'NONE',  ( 5.000000000000018652, 0.000000000000000000, 105.0000000000000000 ) ) ;
#2225 = CARTESIAN_POINT ( 'NONE',  ( -39.99999999999998579, -4.000000000000003553, 105.9999999999999858 ) ) ;
#2226 = ORIENTED_EDGE ( 'NONE', *, *, #4441, .T. ) ;
#2227 = ORIENTED_EDGE ( 'NONE', *, *, #1417, .F. ) ;
#2228 = CARTESIAN_POINT ( 'NONE',  ( 106.9973413975168341, -29.47574282784360378, 104.1375458702922288 ) ) ;
#2229 = VECTOR ( 'NONE', #154, 1000.000000000000000 ) ;
#2230 = CARTESIAN_POINT ( 'NONE',  ( -34.99999999999998579, -68.99999999999998579, 105.9999999999999858 ) ) ;
#2231 = CARTESIAN_POINT ( 'NONE',  ( 105.0000000000000142, -66.99999999999998579, 99.99999999999998579 ) ) ;
#2232 = B_SPLINE_CURVE_WITH_KNOTS ( 'NONE', 3,
 ( #3511, #1346, #225, #4522, #3048, #249, #1671, #655, #2743, #4174, #3842, #982, #629, #1283, #934, #2048, #1006, #3773 ),
 .UNSPECIFIED., .F., .F.,
 ( 4, 2, 2, 2, 2, 2, 2, 2, 4 ),
 ( 0.003265085766508787034, 0.003672690097425281540, 0.004080294428341776046, 0.004487898759258270552, 0.004895503090174765058, 0.005303107421091259564, 0.005710711752007754070, 0.006118316082924248576, 0.006525920413840743083 ),
 .UNSPECIFIED. ) ;
#2233 = ORIENTED_EDGE ( 'NONE', *, *, #1732, .F. ) ;
#2234 = EDGE_LOOP ( 'NONE', ( #3174, #3999, #1516, #1564 ) ) ;
#2235 = DIRECTION ( 'NONE',  ( -0.000000000000000000, 0.000000000000000000, 1.000000000000000000 ) ) ;
#2236 = DIRECTION ( 'NONE',  ( -0.000000000000000000, -0.000000000000000000, -1.000000000000000000 ) ) ;
#2237 = ORIENTED_EDGE ( 'NONE', *, *, #1080, .T. ) ;
#2238 = ADVANCED_FACE ( 'NONE', ( #3077 ), #2313, .F. ) ;
#2239 = CARTESIAN_POINT ( 'NONE',  ( -36.97560616404921063, -5.606714894022172047, 105.8057378092985488 ) ) ;
#2240 = EDGE_CURVE ( 'NONE', #416, #1144, #1060, .T. ) ;
#2241 = DIRECTION ( 'NONE',  ( -0.000000000000000000, 0.000000000000000000, 1.000000000000000000 ) ) ;
#2242 = ORIENTED_EDGE ( 'NONE', *, *, #2247, .T. ) ;
#2243 = CIRCLE ( 'NONE', #231, 1.000000000000000888 ) ;
#2244 = EDGE_CURVE ( 'NONE', #2795, #4363, #2243, .T. ) ;
#2245 = DIRECTION ( 'NONE',  ( 0.000000000000000000, -1.000000000000000000, 0.000000000000000000 ) ) ;
#2246 = CARTESIAN_POINT ( 'NONE',  ( 5.000000000000018652, 0.000000000000000000, 104.0000000000000000 ) ) ;
#2247 = EDGE_CURVE ( 'NONE', #2257, #2626, #2837, .T. ) ;
#2248 = CARTESIAN_POINT ( 'NONE',  ( -36.82842712474617031, -5.000000000000000888, 104.0000000000003268 ) ) ;
#2249 = DIRECTION ( 'NONE',  ( 0.000000000000000000, 0.000000000000000000, 1.000000000000000000 ) ) ;
#2250 = ORIENTED_EDGE ( 'NONE', *, *, #4096, .T. ) ;
#2251 = VERTEX_POINT ( 'NONE', #588 ) ;
#2252 = CARTESIAN_POINT ( 'NONE',  ( 110.0000000000000142, -15.00000000000000000, 105.0000000000000142 ) ) ;
#2253 = CARTESIAN_POINT ( 'NONE',  ( 65.00000000000001421, -72.00000000000000000, 105.0000000000000000 ) ) ;
#2254 = VECTOR ( 'NONE', #4511, 1000.000000000000000 ) ;
#2255 = CARTESIAN_POINT ( 'NONE',  ( 25.50000000000003553, -65.99999999999998579, 99.99999999999998579 ) ) ;
#2256 = ORIENTED_EDGE ( 'NONE', *, *, #18, .F. ) ;
#2257 = VERTEX_POINT ( 'NONE', #258 ) ;
#2258 = DIRECTION ( 'NONE',  ( 1.927470528863119049E-16, -1.000000000000000000, 0.000000000000000000 ) ) ;
#2259 = AXIS2_PLACEMENT_3D ( 'NONE', #4606, #2461, #3929 ) ;
#2260 = CARTESIAN_POINT ( 'NONE',  ( 100.8617405952642230, -3.411580247258295895, 105.5218433066369670 ) ) ;
#2261 = DIRECTION ( 'NONE',  ( 0.000000000000000000, 0.000000000000000000, -1.000000000000000000 ) ) ;
#2262 = B_SPLINE_CURVE_WITH_KNOTS ( 'NONE', 3,
 ( #922, #616, #3803, #595, #3034, #2734, #573, #3451, #3381, #1356, #1335, #2752, #951, #4184, #2009, #1684 ),
 .UNSPECIFIED., .F., .F.,
 ( 4, 2, 2, 2, 2, 2, 2, 4 ),
 ( 0.000000000000000000, 0.0004081357208136137207, 0.0008162714416272274414, 0.001224407162440840999, 0.001632542883254454883, 0.002448814324881643835, 0.002856950045695231047, 0.003265085766508818259 ),
 .UNSPECIFIED. ) ;
#2263 = ORIENTED_EDGE ( 'NONE', *, *, #2273, .F. ) ;
#2264 = VECTOR ( 'NONE', #3825, 1000.000000000000000 ) ;
#2265 = DIRECTION ( 'NONE',  ( 1.000000000000000000, -0.000000000000000000, -0.000000000000000000 ) ) ;
#2266 = CARTESIAN_POINT ( 'NONE',  ( 25.50000000000002132, -6.000000000000000000, 105.9999999999999858 ) ) ;
#2267 = EDGE_LOOP ( 'NONE', ( #203, #4421, #10, #1198 ) ) ;
#2268 = VECTOR ( 'NONE', #4113, 1000.000000000000000 ) ;
#2269 = FACE_BOUND ( 'NONE', #530, .T. ) ;
#2270 = AXIS2_PLACEMENT_3D ( 'NONE', #2628, #1143, #3613 ) ;
#2271 = LINE ( 'NONE', #2294, #3086 ) ;
#2272 = AXIS2_PLACEMENT_3D ( 'NONE', #2708, #2387, #3124 ) ;
#2273 = EDGE_CURVE ( 'NONE', #919, #2112, #3354, .T. ) ;
#2274 = CARTESIAN_POINT ( 'NONE',  ( -36.26441191306061995, -4.030889990229308495, 105.2808021178055498 ) ) ;
#2275 = CARTESIAN_POINT ( 'NONE',  ( -27.49999999999997513, -11.99999999999999645, 99.99999999999998579 ) ) ;
#2276 = AXIS2_PLACEMENT_3D ( 'NONE', #2053, #3139, #3468 ) ;
#2277 = ORIENTED_EDGE ( 'NONE', *, *, #18, .T. ) ;
#2278 = ORIENTED_EDGE ( 'NONE', *, *, #2612, .T. ) ;
#2279 = ADVANCED_FACE ( 'NONE', ( #1700 ), #4508, .F. ) ;
#2280 = LINE ( 'NONE', #1528, #1378 ) ;
#2281 = DIRECTION ( 'NONE',  ( -1.000000000000000000, 0.000000000000000000, 0.000000000000000000 ) ) ;
#2282 = DIRECTION ( 'NONE',  ( -1.084202172485504681E-16, -1.000000000000000000, -0.000000000000000000 ) ) ;
#2283 = EDGE_LOOP ( 'NONE', ( #3285, #1164 ) ) ;
#2284 = ORIENTED_EDGE ( 'NONE', *, *, #2011, .T. ) ;
#2285 = CARTESIAN_POINT ( 'NONE',  ( -36.99999999999997868, -15.00000000000000000, 105.0000000000003411 ) ) ;
#2286 = LINE ( 'NONE', #487, #861 ) ;
#2287 = CIRCLE ( 'NONE', #274, 2.499999999999998668 ) ;
#2288 = CARTESIAN_POINT ( 'NONE',  ( 28.50000000000003197, -71.99999999999998579, 106.9999999999999858 ) ) ;
#2289 = EDGE_LOOP ( 'NONE', ( #844, #2178, #3856, #3626 ) ) ;
#2290 = DIRECTION ( 'NONE',  ( -0.000000000000000000, -1.000000000000000000, -0.000000000000000000 ) ) ;
#2291 = CARTESIAN_POINT ( 'NONE',  ( 99.01351164586962739, -3.284914166180606721, 105.3052575534169080 ) ) ;
#2292 = EDGE_LOOP ( 'NONE', ( #1050, #682 ) ) ;
#2293 = CARTESIAN_POINT ( 'NONE',  ( 65.00000000000001421, -61.99999999999999289, 105.0000000000000000 ) ) ;
#2294 = CARTESIAN_POINT ( 'NONE',  ( 100.0000000000000142, -15.00000000000000000, 106.0000000000000142 ) ) ;
#2295 = CARTESIAN_POINT ( 'NONE',  ( 106.9542093303369938, -15.89658726422840296, 104.5376554611970334 ) ) ;
#2296 = DIRECTION ( 'NONE',  ( -0.000000000000000000, -1.000000000000000000, -0.000000000000000000 ) ) ;
#2297 = VERTEX_POINT ( 'NONE', #1311 ) ;
#2298 = EDGE_LOOP ( 'NONE', ( #3402, #3674, #3182, #3777 ) ) ;
#2299 = EDGE_CURVE ( 'NONE', #325, #462, #1234, .T. ) ;
#2300 = DIRECTION ( 'NONE',  ( -1.000000000000000000, 1.084202172485504681E-16, 0.000000000000000000 ) ) ;
#2301 = AXIS2_PLACEMENT_3D ( 'NONE', #1709, #3809, #219 ) ;
#2302 = DIRECTION ( 'NONE',  ( 0.000000000000000000, 0.000000000000000000, -1.000000000000000000 ) ) ;
#2303 = ADVANCED_FACE ( 'NONE', ( #3101 ), #1015, .F. ) ;
#2304 = CARTESIAN_POINT ( 'NONE',  ( -36.99999999999997868, -3.000000000000000000, 105.9999999999999858 ) ) ;
#2305 = VERTEX_POINT ( 'NONE', #3824 ) ;
#2306 = VECTOR ( 'NONE', #3425, 1000.000000000000000 ) ;
#2307 = VERTEX_POINT ( 'NONE', #3030 ) ;
#2308 = EDGE_CURVE ( 'NONE', #518, #3669, #2793, .T. ) ;
#2309 = CARTESIAN_POINT ( 'NONE',  ( 104.8678315943928823, -68.60349478317826311, 105.5034520432443372 ) ) ;
#2310 = EDGE_CURVE ( 'NONE', #2920, #4569, #894, .T. ) ;
#2311 = CARTESIAN_POINT ( 'NONE',  ( -36.99999999999997868, -5.999999999999998224, 105.0000000000003268 ) ) ;
#2312 = ORIENTED_EDGE ( 'NONE', *, *, #3068, .F. ) ;
#2313 = CYLINDRICAL_SURFACE ( 'NONE', #4326, 1.000000000000000888 ) ;
#2314 = CARTESIAN_POINT ( 'NONE',  ( 99.48806402336333576, -3.652282692820368215, 105.8688627039291674 ) ) ;
#2315 = VERTEX_POINT ( 'NONE', #2080 ) ;
#2316 = CARTESIAN_POINT ( 'NONE',  ( 106.7785432664576888, -6.000000000000009770, 105.1410928578701629 ) ) ;
#2317 = CARTESIAN_POINT ( 'NONE',  ( 100.9864883541304295, -68.71508583381941548, 105.3052575534169222 ) ) ;
#2318 = CARTESIAN_POINT ( 'NONE',  ( 106.5839329129972555, -64.12240348232703013, 105.5386595889418686 ) ) ;
#2319 = CIRCLE ( 'NONE', #2019, 1.000000000000000888 ) ;
#2320 = LINE ( 'NONE', #4019, #1449 ) ;
#2321 = CIRCLE ( 'NONE', #533, 1.000000000000000888 ) ;
#2322 = EDGE_LOOP ( 'NONE', ( #1434, #4564 ) ) ;
#2323 = VERTEX_POINT ( 'NONE', #3543 ) ;
#2324 = DIRECTION ( 'NONE',  ( 0.000000000000000000, 0.000000000000000000, -1.000000000000000000 ) ) ;
#2325 = CARTESIAN_POINT ( 'NONE',  ( -39.99999999999998579, -4.000000000000003553, 106.9999999999999858 ) ) ;
#2326 = EDGE_CURVE ( 'NONE', #3017, #3436, #4211, .T. ) ;
#2327 = DIRECTION ( 'NONE',  ( 1.000000000000000000, 0.000000000000000000, 0.000000000000000000 ) ) ;
#2328 = ORIENTED_EDGE ( 'NONE', *, *, #3971, .F. ) ;
#2329 = ORIENTED_EDGE ( 'NONE', *, *, #3902, .T. ) ;
#2330 = CARTESIAN_POINT ( 'NONE',  ( 105.9549440162923020, -67.95494401629329673, 106.3927865873221918 ) ) ;
#2331 = EDGE_CURVE ( 'NONE', #2626, #2315, #2423, .T. ) ;
#2332 = CARTESIAN_POINT ( 'NONE',  ( -37.00033098559422484, -5.973599858183302302, 104.7355226827992851 ) ) ;
#2333 = VERTEX_POINT ( 'NONE', #2841 ) ;
#2334 = ORIENTED_EDGE ( 'NONE', *, *, #2529, .F. ) ;
#2335 = ADVANCED_FACE ( 'NONE', ( #396 ), #2430, .F. ) ;
#2336 = DIRECTION ( 'NONE',  ( 1.000000000000000000, -1.807003620809174262E-17, 0.000000000000000000 ) ) ;
#2337 = CARTESIAN_POINT ( 'NONE',  ( -39.99999999999999289, -15.00000000000000000, 105.0000000000003553 ) ) ;
#2338 = EDGE_LOOP ( 'NONE', ( #2135, #2334, #2554, #2830, #3217, #864 ) ) ;
#2339 = CIRCLE ( 'NONE', #3373, 2.499999999999998668 ) ;
#2340 = DIRECTION ( 'NONE',  ( 1.000000000000000000, 0.000000000000000000, 0.000000000000000000 ) ) ;
#2341 = DIRECTION ( 'NONE',  ( 0.000000000000000000, 0.000000000000000000, -1.000000000000000000 ) ) ;
#2342 = DIRECTION ( 'NONE',  ( 0.000000000000000000, -1.000000000000000000, 0.000000000000000000 ) ) ;
#2343 = AXIS2_PLACEMENT_3D ( 'NONE', #3014, #4468, #2665 ) ;
#2344 = ORIENTED_EDGE ( 'NONE', *, *, #4471, .T. ) ;
#2345 = DIRECTION ( 'NONE',  ( 0.000000000000000000, 0.000000000000000000, -1.000000000000000000 ) ) ;
#2346 = DIRECTION ( 'NONE',  ( 1.000000000000000000, 0.000000000000000000, 0.000000000000000000 ) ) ;
#2347 = CIRCLE ( 'NONE', #3837, 2.000000000000001776 ) ;
#2348 = CARTESIAN_POINT ( 'NONE',  ( 94.00000000000000000, -68.99999999999998579, 106.9999999999999858 ) ) ;
#2349 = TOROIDAL_SURFACE ( 'NONE', #1598, 2.000000000000000000, 1.000000000000000000 ) ;
#2350 = ORIENTED_EDGE ( 'NONE', *, *, #1005, .F. ) ;
#2351 = VECTOR ( 'NONE', #2619, 1000.000000000000000 ) ;
#2352 = VERTEX_POINT ( 'NONE', #3587 ) ;
#2353 = VECTOR ( 'NONE', #2207, 1000.000000000000000 ) ;
#2354 = DIRECTION ( 'NONE',  ( 0.000000000000000000, 0.000000000000000000, -1.000000000000000000 ) ) ;
#2355 = CARTESIAN_POINT ( 'NONE',  ( -36.99999999999997868, -3.000000000000000000, 99.99999999999998579 ) ) ;
#2356 = DIRECTION ( 'NONE',  ( 0.000000000000000000, 1.000000000000000000, 0.000000000000000000 ) ) ;
#2357 = EDGE_LOOP ( 'NONE', ( #734, #1372, #4178, #4426 ) ) ;
#2358 = ORIENTED_EDGE ( 'NONE', *, *, #4291, .F. ) ;
#2359 = EDGE_CURVE ( 'NONE', #290, #792, #4266, .T. ) ;
#2360 = ADVANCED_FACE ( 'NONE', ( #2141 ), #1794, .F. ) ;
#2361 = AXIS2_PLACEMENT_3D ( 'NONE', #1499, #365, #1459 ) ;
#2362 = CARTESIAN_POINT ( 'NONE',  ( 107.0000000000000142, -66.99999999999998579, 99.99999999999998579 ) ) ;
#2363 = CARTESIAN_POINT ( 'NONE',  ( -29.99999999999998579, -10.00000000000000000, 105.0000000000000000 ) ) ;
#2364 = ORIENTED_EDGE ( 'NONE', *, *, #2036, .F. ) ;
#2365 = ADVANCED_FACE ( 'NONE', ( #2771 ), #2349, .F. ) ;
#2366 = EDGE_CURVE ( 'NONE', #1345, #1906, #3456, .T. ) ;
#2367 = DIRECTION ( 'NONE',  ( 0.000000000000000000, 0.000000000000000000, -1.000000000000000000 ) ) ;
#2368 = PLANE ( 'NONE',  #2866 ) ;
#2369 = DIRECTION ( 'NONE',  ( 0.000000000000000000, 0.000000000000000000, 1.000000000000000000 ) ) ;
#2370 = CARTESIAN_POINT ( 'NONE',  ( 105.0000000000000142, -68.99999999999998579, 103.9999999999999858 ) ) ;
#2371 = ORIENTED_EDGE ( 'NONE', *, *, #3292, .F. ) ;
#2372 = DIRECTION ( 'NONE',  ( -0.000000000000000000, 1.000000000000000000, -0.000000000000000000 ) ) ;
#2373 = DIRECTION ( 'NONE',  ( 0.000000000000000000, 0.000000000000000000, -1.000000000000000000 ) ) ;
#2374 = CARTESIAN_POINT ( 'NONE',  ( 101.0049425718598286, -3.141739232310434726, 104.9212263218093426 ) ) ;
#2375 = ORIENTED_EDGE ( 'NONE', *, *, #4575, .T. ) ;
#2376 = ORIENTED_EDGE ( 'NONE', *, *, #2673, .T. ) ;
#2377 = CARTESIAN_POINT ( 'NONE',  ( 106.4040778208514268, -37.38447024690322706, 105.7976249577340866 ) ) ;
#2378 = DIRECTION ( 'NONE',  ( 0.000000000000000000, 0.000000000000000000, 1.000000000000000000 ) ) ;
#2379 = AXIS2_PLACEMENT_3D ( 'NONE', #718, #2109, #1066 ) ;
#2380 = CARTESIAN_POINT ( 'NONE',  ( -36.97546896983234177, -5.605575118165209147, 104.1933288980417700 ) ) ;
#2381 = ORIENTED_EDGE ( 'NONE', *, *, #88, .F. ) ;
#2382 = ORIENTED_EDGE ( 'NONE', *, *, #159, .T. ) ;
#2383 = CARTESIAN_POINT ( 'NONE',  ( 104.0000000000000142, -6.000000000000007994, 103.9999999999999858 ) ) ;
#2384 = DIRECTION ( 'NONE',  ( 0.000000000000000000, -1.000000000000000000, 0.000000000000000000 ) ) ;
#2385 = EDGE_CURVE ( 'NONE', #17, #1865, #4227, .T. ) ;
#2386 = DIRECTION ( 'NONE',  ( 0.000000000000000000, 0.000000000000000000, -1.000000000000000000 ) ) ;
#2387 = DIRECTION ( 'NONE',  ( 0.000000000000000000, -1.000000000000000000, 0.000000000000000000 ) ) ;
#2388 = AXIS2_PLACEMENT_3D ( 'NONE', #3284, #4063, #447 ) ;
#2389 = FACE_OUTER_BOUND ( 'NONE', #56, .T. ) ;
#2390 = CYLINDRICAL_SURFACE ( 'NONE', #4129, 1.000000000000000888 ) ;
#2391 = EDGE_CURVE ( 'NONE', #3704, #2863, #1012, .T. ) ;
#2392 = EDGE_LOOP ( 'NONE', ( #508, #742 ) ) ;
#2393 = EDGE_CURVE ( 'NONE', #2257, #552, #355, .T. ) ;
#2394 = CARTESIAN_POINT ( 'NONE',  ( 94.00000000000000000, -41.99999999999998579, 106.9999999999999858 ) ) ;
#2395 = CARTESIAN_POINT ( 'NONE',  ( 5.000000000000018652, -3.000000000000000888, 105.0000000000000000 ) ) ;
#2396 = ORIENTED_EDGE ( 'NONE', *, *, #449, .T. ) ;
#2397 = ORIENTED_EDGE ( 'NONE', *, *, #1644, .F. ) ;
#2398 = CARTESIAN_POINT ( 'NONE',  ( 27.50000000000002487, 1.927470528863119049E-16, 99.99999999999998579 ) ) ;
#2399 = DIRECTION ( 'NONE',  ( 0.000000000000000000, 0.000000000000000000, -1.000000000000000000 ) ) ;
#2400 = FACE_OUTER_BOUND ( 'NONE', #2571, .T. ) ;
#2401 = ORIENTED_EDGE ( 'NONE', *, *, #739, .F. ) ;
#2402 = EDGE_LOOP ( 'NONE', ( #2535, #320, #2442, #1697 ) ) ;
#2403 = AXIS2_PLACEMENT_3D ( 'NONE', #724, #1115, #3935 ) ;
#2404 = DIRECTION ( 'NONE',  ( 0.000000000000000000, 0.000000000000000000, -1.000000000000000000 ) ) ;
#2405 = LINE ( 'NONE', #3753, #2264 ) ;
#2406 = AXIS2_PLACEMENT_3D ( 'NONE', #3610, #3983, #3634 ) ;
#2407 = DIRECTION ( 'NONE',  ( 0.000000000000000000, 0.000000000000000000, 1.000000000000000000 ) ) ;
#2408 = LINE ( 'NONE', #1963, #2306 ) ;
#2409 = LINE ( 'NONE', #1382, #727 ) ;
#2410 = AXIS2_PLACEMENT_3D ( 'NONE', #4213, #1024, #4492 ) ;
#2411 = FACE_OUTER_BOUND ( 'NONE', #930, .T. ) ;
#2412 = ORIENTED_EDGE ( 'NONE', *, *, #4471, .F. ) ;
#2413 = CARTESIAN_POINT ( 'NONE',  ( -36.99999999999998579, -66.99999999999998579, 105.9999999999999858 ) ) ;
#2414 = FACE_OUTER_BOUND ( 'NONE', #1715, .T. ) ;
#2415 = CIRCLE ( 'NONE', #554, 1.000000000000000888 ) ;
#2416 = DIRECTION ( 'NONE',  ( 0.000000000000000000, -0.000000000000000000, 1.000000000000000000 ) ) ;
#2417 = FILL_AREA_STYLE_COLOUR ( '', #1664 ) ;
#2418 = EDGE_CURVE ( 'NONE', #1055, #3269, #2974, .T. ) ;
#2419 = ORIENTED_EDGE ( 'NONE', *, *, #2982, .T. ) ;
#2420 = ORIENTED_EDGE ( 'NONE', *, *, #3261, .F. ) ;
#2421 = CARTESIAN_POINT ( 'NONE',  ( 110.0000000000000142, -38.00000000000000000, 104.0000000000000142 ) ) ;
#2422 = DIRECTION ( 'NONE',  ( -0.000000000000000000, -0.000000000000000000, 1.000000000000000000 ) ) ;
#2423 = CIRCLE ( 'NONE', #260, 1.000000000000000888 ) ;
#2424 = AXIS2_PLACEMENT_3D ( 'NONE', #71, #2916, #3406 ) ;
#2425 = DIRECTION ( 'NONE',  ( 0.000000000000000000, -1.000000000000000000, 0.000000000000000000 ) ) ;
#2426 = VERTEX_POINT ( 'NONE', #1723 ) ;
#2427 = CIRCLE ( 'NONE', #2055, 1.000000000000000888 ) ;
#2428 = VERTEX_POINT ( 'NONE', #2494 ) ;
#2429 = VECTOR ( 'NONE', #4279, 1000.000000000000000 ) ;
#2430 = CYLINDRICAL_SURFACE ( 'NONE', #3609, 1.000000000000000888 ) ;
#2431 = CARTESIAN_POINT ( 'NONE',  ( 105.0000000000000142, -66.99999999999998579, 109.9999999999999858 ) ) ;
#2432 = CARTESIAN_POINT ( 'NONE',  ( 107.0000000000000142, -66.99999999999998579, 103.9999999999999858 ) ) ;
#2433 = CARTESIAN_POINT ( 'NONE',  ( -34.99999999999998579, -66.99999999999998579, 99.99999999999998579 ) ) ;
#2434 = CYLINDRICAL_SURFACE ( 'NONE', #799, 1.000000000000000888 ) ;
#2435 = PLANE ( 'NONE',  #2930 ) ;
#2436 = AXIS2_PLACEMENT_3D ( 'NONE', #1110, #1067, #3625 ) ;
#2437 = ORIENTED_EDGE ( 'NONE', *, *, #3144, .T. ) ;
#2438 = CARTESIAN_POINT ( 'NONE',  ( 106.8731975489296104, -5.126629882146724881, 103.9999999999992184 ) ) ;
#2439 = FACE_OUTER_BOUND ( 'NONE', #1200, .T. ) ;
#2440 = DIRECTION ( 'NONE',  ( 0.000000000000000000, 0.000000000000000000, 1.000000000000000000 ) ) ;
#2441 = EDGE_CURVE ( 'NONE', #1289, #296, #3566, .T. ) ;
#2442 = ORIENTED_EDGE ( 'NONE', *, *, #1786, .F. ) ;
#2443 = ORIENTED_EDGE ( 'NONE', *, *, #3897, .T. ) ;
#2444 = CARTESIAN_POINT ( 'NONE',  ( 106.8589582783841507, -36.99497215984448673, 104.9193501258490500 ) ) ;
#2445 = FACE_OUTER_BOUND ( 'NONE', #1593, .T. ) ;
#2446 = EDGE_CURVE ( 'NONE', #2913, #4105, #2867, .T. ) ;
#2447 = CARTESIAN_POINT ( 'NONE',  ( 28.50000000000001776, -6.000000000000001776, 106.9999999999999858 ) ) ;
#2448 = EDGE_CURVE ( 'NONE', #1677, #4162, #1932, .T. ) ;
#2449 = ORIENTED_EDGE ( 'NONE', *, *, #3555, .T. ) ;
#2450 = ORIENTED_EDGE ( 'NONE', *, *, #1304, .F. ) ;
#2451 = ADVANCED_FACE ( 'NONE', ( #2957 ), #419, .F. ) ;
#2452 = AXIS2_PLACEMENT_3D ( 'NONE', #1854, #2324, #2970 ) ;
#2453 = DIRECTION ( 'NONE',  ( 0.000000000000000000, 0.000000000000000000, 1.000000000000000000 ) ) ;
#2454 = LINE ( 'NONE', #1422, #4573 ) ;
#2455 = VECTOR ( 'NONE', #269, 1000.000000000000000 ) ;
#2456 = VECTOR ( 'NONE', #3488, 1000.000000000000000 ) ;
#2457 = DIRECTION ( 'NONE',  ( -0.000000000000000000, -0.000000000000000000, 1.000000000000000000 ) ) ;
#2458 = DIRECTION ( 'NONE',  ( 1.000000000000000000, -0.000000000000000000, -0.000000000000000000 ) ) ;
#2459 = DIRECTION ( 'NONE',  ( 0.000000000000000000, 0.000000000000000000, -1.000000000000000000 ) ) ;
#2460 = ORIENTED_EDGE ( 'NONE', *, *, #182, .F. ) ;
#2461 = DIRECTION ( 'NONE',  ( 0.000000000000000000, 0.000000000000000000, 1.000000000000000000 ) ) ;
#2462 = CARTESIAN_POINT ( 'NONE',  ( 106.8978503776351658, -54.01394595793607323, 104.7867655394393580 ) ) ;
#2463 = LINE ( 'NONE', #3884, #2198 ) ;
#2464 = FACE_OUTER_BOUND ( 'NONE', #1698, .T. ) ;
#2465 = ORIENTED_EDGE ( 'NONE', *, *, #847, .F. ) ;
#2466 = EDGE_LOOP ( 'NONE', ( #698, #4198, #2968, #1210 ) ) ;
#2467 = DIRECTION ( 'NONE',  ( -1.000000000000000000, 0.000000000000000000, 0.000000000000000000 ) ) ;
#2468 = FACE_OUTER_BOUND ( 'NONE', #3304, .T. ) ;
#2469 = ADVANCED_FACE ( 'NONE', ( #816 ), #460, .F. ) ;
#2470 = DIRECTION ( 'NONE',  ( 0.000000000000000000, 0.000000000000000000, 1.000000000000000000 ) ) ;
#2471 = AXIS2_PLACEMENT_3D ( 'NONE', #870, #2290, #3991 ) ;
#2472 = ORIENTED_EDGE ( 'NONE', *, *, #2921, .F. ) ;
#2473 = ADVANCED_FACE ( 'NONE', ( #1841 ), #1883, .F. ) ;
#2474 = DIRECTION ( 'NONE',  ( 1.000000000000000000, 0.000000000000000000, 0.000000000000000000 ) ) ;
#2475 = CARTESIAN_POINT ( 'NONE',  ( 20.00000000000004263, -62.00000000000000000, 106.9999999999999858 ) ) ;
#2476 = EDGE_CURVE ( 'NONE', #925, #484, #2717, .T. ) ;
#2477 = CARTESIAN_POINT ( 'NONE',  ( 17.50000000000004263, -62.00000000000000000, 106.9999999999999858 ) ) ;
#2478 = CIRCLE ( 'NONE', #2406, 2.999999999999999112 ) ;
#2479 = DIRECTION ( 'NONE',  ( -1.000000000000000000, 0.000000000000000000, 0.000000000000000000 ) ) ;
#2480 = CARTESIAN_POINT ( 'NONE',  ( -29.99999999999997513, -11.99999999999999645, 106.9999999999999858 ) ) ;
#2481 = ORIENTED_EDGE ( 'NONE', *, *, #3489, .F. ) ;
#2482 = DIRECTION ( 'NONE',  ( 3.469446951953611033E-15, 0.000000000000000000, 1.000000000000000000 ) ) ;
#2483 = CARTESIAN_POINT ( 'NONE',  ( -32.99999999999997158, -36.99999999999999289, 99.99999999999998579 ) ) ;
#2484 = DIRECTION ( 'NONE',  ( 0.000000000000000000, 1.000000000000000000, 0.000000000000000000 ) ) ;
#2485 = ORIENTED_EDGE ( 'NONE', *, *, #3785, .T. ) ;
#2486 = VERTEX_POINT ( 'NONE', #4053 ) ;
#2487 = CIRCLE ( 'NONE', #4203, 2.499999999999998668 ) ;
#2488 = LINE ( 'NONE', #2901, #3612 ) ;
#2489 = FACE_OUTER_BOUND ( 'NONE', #3054, .T. ) ;
#2490 = CYLINDRICAL_SURFACE ( 'NONE', #3763, 2.499999999999995115 ) ;
#2491 = VERTEX_POINT ( 'NONE', #3656 ) ;
#2492 = EDGE_LOOP ( 'NONE', ( #3593, #4056 ) ) ;
#2493 = CIRCLE ( 'NONE', #482, 2.499999999999995115 ) ;
#2494 = CARTESIAN_POINT ( 'NONE',  ( 105.0000000000000142, -72.00000000000000000, 109.9999999999999858 ) ) ;
#2495 = DIRECTION ( 'NONE',  ( 0.000000000000000000, 0.000000000000000000, 1.000000000000000000 ) ) ;
#2496 = EDGE_CURVE ( 'NONE', #1367, #2959, #1490, .T. ) ;
#2497 = VECTOR ( 'NONE', #769, 1000.000000000000000 ) ;
#2498 = DIRECTION ( 'NONE',  ( 1.000000000000000000, 0.000000000000000000, 0.000000000000000000 ) ) ;
#2499 = EDGE_CURVE ( 'NONE', #4403, #3502, #408, .T. ) ;
#2500 = CARTESIAN_POINT ( 'NONE',  ( 30.50000000000003908, -68.99999999999998579, 105.9999999999999858 ) ) ;
#2501 = VERTEX_POINT ( 'NONE', #867 ) ;
#2502 = CARTESIAN_POINT ( 'NONE',  ( 91.00000000000000000, -49.99999999999998579, 99.99999999999998579 ) ) ;
#2503 = B_SPLINE_CURVE_WITH_KNOTS ( 'NONE', 3,
 ( #2093, #298, #2022, #3796, #962, #3864, #2765, #2790, #2444, #4478, #4195, #2377, #1648, #678, #3417, #3069 ),
 .UNSPECIFIED., .F., .F.,
 ( 4, 2, 2, 2, 2, 2, 2, 4 ),
 ( 0.000000000000000000, 0.0004081357208136173528, 0.0008162714416272347055, 0.001224407162440852058, 0.001632542883254469411, 0.002448814324881652075, 0.002856950045695234516, 0.003265085766508816090 ),
 .UNSPECIFIED. ) ;
#2504 = CARTESIAN_POINT ( 'NONE',  ( -39.99999999999999289, -55.00000000000000000, 104.0000000000003411 ) ) ;
#2505 = CARTESIAN_POINT ( 'NONE',  ( -36.99999999999998579, -66.99999999999998579, 99.99999999999998579 ) ) ;
#2506 = EDGE_CURVE ( 'NONE', #4020, #1350, #795, .T. ) ;
#2507 = VECTOR ( 'NONE', #2873, 1000.000000000000000 ) ;
#2508 = CARTESIAN_POINT ( 'NONE',  ( 65.00000000000001421, -61.99999999999999289, 106.0000000000000000 ) ) ;
#2509 = ORIENTED_EDGE ( 'NONE', *, *, #2983, .F. ) ;
#2510 = ORIENTED_EDGE ( 'NONE', *, *, #4552, .F. ) ;
#2511 = CARTESIAN_POINT ( 'NONE',  ( 110.0000000000000142, -65.00000000000000000, 104.0000000000000142 ) ) ;
#2512 = CARTESIAN_POINT ( 'NONE',  ( -29.99999999999998579, -10.00000000000000000, 105.0000000000000000 ) ) ;
#2513 = FACE_OUTER_BOUND ( 'NONE', #2892, .T. ) ;
#2514 = VERTEX_POINT ( 'NONE', #134 ) ;
#2515 = ORIENTED_EDGE ( 'NONE', *, *, #2391, .T. ) ;
#2516 = CARTESIAN_POINT ( 'NONE',  ( 104.9999999999836575, -68.99999999999998579, 104.1963517449771217 ) ) ;
#2517 = CARTESIAN_POINT ( 'NONE',  ( 30.50000000000002487, -6.000000000000000888, 105.9999999999999858 ) ) ;
#2518 = DIRECTION ( 'NONE',  ( 1.000000000000000000, 0.000000000000000000, 0.000000000000000000 ) ) ;
#2519 = LINE ( 'NONE', #3943, #201 ) ;
#2520 = PLANE ( 'NONE',  #3695 ) ;
#2521 = ORIENTED_EDGE ( 'NONE', *, *, #2441, .T. ) ;
#2522 = CARTESIAN_POINT ( 'NONE',  ( -34.99999999999998579, -66.99999999999998579, 105.9999999999999858 ) ) ;
#2523 = AXIS2_PLACEMENT_3D ( 'NONE', #294, #1710, #4561 ) ;
#2524 = CARTESIAN_POINT ( 'NONE',  ( 33.00000000000004263, -62.00000000000000000, 106.9999999999999858 ) ) ;
#2525 = CARTESIAN_POINT ( 'NONE',  ( 107.0000000000000142, -55.00000000000000000, 103.9999999999999858 ) ) ;
#2526 = EDGE_CURVE ( 'NONE', #1907, #1286, #2286, .T. ) ;
#2527 = ORIENTED_EDGE ( 'NONE', *, *, #3559, .F. ) ;
#2528 = ORIENTED_EDGE ( 'NONE', *, *, #2021, .F. ) ;
#2529 = EDGE_CURVE ( 'NONE', #4616, #1204, #4334, .T. ) ;
#2530 = DIRECTION ( 'NONE',  ( 0.000000000000000000, 0.000000000000000000, -1.000000000000000000 ) ) ;
#2531 = DIRECTION ( 'NONE',  ( 1.000000000000000000, 0.000000000000000000, 0.000000000000000000 ) ) ;
#2532 = AXIS2_PLACEMENT_3D ( 'NONE', #4368, #4339, #1939 ) ;
#2533 = LINE ( 'NONE', #3562, #3309 ) ;
#2534 = VERTEX_POINT ( 'NONE', #3326 ) ;
#2535 = ORIENTED_EDGE ( 'NONE', *, *, #568, .F. ) ;
#2536 = CARTESIAN_POINT ( 'NONE',  ( 107.0000000000000142, -38.00000000000000000, 103.9999999999999858 ) ) ;
#2537 = ORIENTED_EDGE ( 'NONE', *, *, #2726, .T. ) ;
#2538 = VECTOR ( 'NONE', #1863, 1000.000000000000000 ) ;
#2539 = DIRECTION ( 'NONE',  ( 0.000000000000000000, 0.000000000000000000, 1.000000000000000000 ) ) ;
#2540 = FACE_OUTER_BOUND ( 'NONE', #1875, .T. ) ;
#2541 = FACE_BOUND ( 'NONE', #509, .T. ) ;
#2542 = ORIENTED_EDGE ( 'NONE', *, *, #3947, .T. ) ;
#2543 = DIRECTION ( 'NONE',  ( 1.000000000000000000, 0.000000000000000000, -0.000000000000000000 ) ) ;
#2544 = CARTESIAN_POINT ( 'NONE',  ( 106.7150858338193729, -54.01351164586962739, 105.3052575534168795 ) ) ;
#2545 = FACE_OUTER_BOUND ( 'NONE', #1625, .T. ) ;
#2546 = VERTEX_POINT ( 'NONE', #2557 ) ;
#2547 = ORIENTED_EDGE ( 'NONE', *, *, #847, .T. ) ;
#2548 = EDGE_CURVE ( 'NONE', #1467, #3032, #1454, .T. ) ;
#2549 = EDGE_CURVE ( 'NONE', #1798, #1345, #2214, .T. ) ;
#2550 = DIRECTION ( 'NONE',  ( -1.000000000000000000, 0.000000000000000000, 0.000000000000000000 ) ) ;
#2551 = CARTESIAN_POINT ( 'NONE',  ( 5.000000000000018652, 0.000000000000000000, 106.0000000000000000 ) ) ;
#2552 = ADVANCED_FACE ( 'NONE', ( #512 ), #1510, .F. ) ;
#2553 = DIRECTION ( 'NONE',  ( -0.000000000000000000, -0.000000000000000000, 1.000000000000000000 ) ) ;
#2554 = ORIENTED_EDGE ( 'NONE', *, *, #441, .F. ) ;
#2555 = ORIENTED_EDGE ( 'NONE', *, *, #2835, .T. ) ;
#2556 = CARTESIAN_POINT ( 'NONE',  ( 107.0000000000000142, -69.00000000000001421, 103.9999999999999858 ) ) ;
#2557 = CARTESIAN_POINT ( 'NONE',  ( 30.50000000000003553, -11.99999999999999645, 109.9999999999999858 ) ) ;
#2558 = ORIENTED_EDGE ( 'NONE', *, *, #418, .F. ) ;
#2559 = CIRCLE ( 'NONE', #4580, 2.000000000000001776 ) ;
#2560 = FACE_BOUND ( 'NONE', #4353, .T. ) ;
#2561 = LINE ( 'NONE', #3102, #2645 ) ;
#2562 = ORIENTED_EDGE ( 'NONE', *, *, #2310, .F. ) ;
#2563 = AXIS2_PLACEMENT_3D ( 'NONE', #3237, #2453, #1352 ) ;
#2564 = CIRCLE ( 'NONE', #3164, 2.499999999999998668 ) ;
#2565 = AXIS2_PLACEMENT_3D ( 'NONE', #3187, #659, #4261 ) ;
#2566 = CIRCLE ( 'NONE', #1239, 1.000000000000000888 ) ;
#2567 = CYLINDRICAL_SURFACE ( 'NONE', #3125, 1.000000000000000888 ) ;
#2568 = CARTESIAN_POINT ( 'NONE',  ( 86.00000000000001421, -65.99999999999998579, 105.9999999999999858 ) ) ;
#2569 = CIRCLE ( 'NONE', #1603, 1.000000000000000888 ) ;
#2570 = CARTESIAN_POINT ( 'NONE',  ( -29.99999999999999645, -55.00000000000000000, 104.0000000000003126 ) ) ;
#2571 = EDGE_LOOP ( 'NONE', ( #2558, #3210, #1835, #1858 ) ) ;
#2572 = ORIENTED_EDGE ( 'NONE', *, *, #2506, .T. ) ;
#2573 = CARTESIAN_POINT ( 'NONE',  ( 91.00000000000000000, -44.99999999999999289, 109.9999999999999858 ) ) ;
#2574 = VECTOR ( 'NONE', #1267, 1000.000000000000000 ) ;
#2575 = LINE ( 'NONE', #127, #672 ) ;
#2576 = EDGE_CURVE ( 'NONE', #2534, #2778, #291, .T. ) ;
#2577 = SPHERICAL_SURFACE ( 'NONE', #1751, 3.000000000000000000 ) ;
#2578 = ORIENTED_EDGE ( 'NONE', *, *, #3668, .F. ) ;
#2579 = ORIENTED_EDGE ( 'NONE', *, *, #1842, .F. ) ;
#2580 = DIRECTION ( 'NONE',  ( -1.000000000000000000, -0.000000000000000000, 2.312964634635740294E-15 ) ) ;
#2581 = EDGE_CURVE ( 'NONE', #552, #3250, #2050, .T. ) ;
#2582 = CARTESIAN_POINT ( 'NONE',  ( 107.0000000000000142, -41.99999999999998579, 99.99999999999998579 ) ) ;
#2583 = CARTESIAN_POINT ( 'NONE',  ( 100.0000000000000142, -3.763932022500229291, 106.0000000000000000 ) ) ;
#2584 = EDGE_CURVE ( 'NONE', #4286, #50, #3386, .T. ) ;
#2585 = ORIENTED_EDGE ( 'NONE', *, *, #4040, .T. ) ;
#2586 = EDGE_CURVE ( 'NONE', #1907, #2811, #4590, .T. ) ;
#2587 = CARTESIAN_POINT ( 'NONE',  ( -36.90823206506909315, -5.253515155347360910, 105.9759410662954764 ) ) ;
#2588 = DIRECTION ( 'NONE',  ( 0.000000000000000000, 0.000000000000000000, -1.000000000000000000 ) ) ;
#2589 = ORIENTED_EDGE ( 'NONE', *, *, #1767, .T. ) ;
#2590 = CARTESIAN_POINT ( 'NONE',  ( -39.99999999999997868, 0.000000000000000000, 109.9999999999999858 ) ) ;
#2591 = CARTESIAN_POINT ( 'NONE',  ( 100.0000000000000284, -68.99999999999998579, 103.9999999999999858 ) ) ;
#2592 = CIRCLE ( 'NONE', #515, 27.99999999999999645 ) ;
#2593 = CARTESIAN_POINT ( 'NONE',  ( 107.0000000000000142, -65.00000000000000000, 103.9999999999999858 ) ) ;
#2594 = CARTESIAN_POINT ( 'NONE',  ( -29.99999999999998934, -5.000000000000000000, 106.0000000000003126 ) ) ;
#2595 = EDGE_LOOP ( 'NONE', ( #2737, #4496, #2020, #256 ) ) ;
#2596 = ORIENTED_EDGE ( 'NONE', *, *, #1991, .T. ) ;
#2597 = MANIFOLD_SOLID_BREP ( 'Fillet4', #3132 ) ;
#2598 = DIRECTION ( 'NONE',  ( 1.000000000000000000, 0.000000000000000000, 0.000000000000000000 ) ) ;
#2599 = CIRCLE ( 'NONE', #1191, 3.000000000000002665 ) ;
#2600 = DIRECTION ( 'NONE',  ( 1.000000000000000000, 0.000000000000000000, 0.000000000000000000 ) ) ;
#2601 = CARTESIAN_POINT ( 'NONE',  ( 83.00000000000002842, -11.99999999999999645, 99.99999999999998579 ) ) ;
#2602 = ORIENTED_EDGE ( 'NONE', *, *, #1304, .T. ) ;
#2603 = ORIENTED_EDGE ( 'NONE', *, *, #713, .T. ) ;
#2604 = CARTESIAN_POINT ( 'NONE',  ( -36.99999999999997868, -3.000000000000000000, 105.9999999999999858 ) ) ;
#2605 = CARTESIAN_POINT ( 'NONE',  ( -36.99999999999998579, -66.99999999999998579, 105.9999999999999858 ) ) ;
#2606 = CARTESIAN_POINT ( 'NONE',  ( 94.00000000000000000, -49.99999999999998579, 106.9999999999999858 ) ) ;
#2607 = ORIENTED_EDGE ( 'NONE', *, *, #2331, .F. ) ;
#2608 = EDGE_CURVE ( 'NONE', #3230, #3157, #3133, .T. ) ;
#2609 = CARTESIAN_POINT ( 'NONE',  ( 110.0000000000000000, -49.99999999999998579, 99.99999999999998579 ) ) ;
#2610 = CARTESIAN_POINT ( 'NONE',  ( 100.0000000000000284, -3.000000000000002665, 103.9999999999999858 ) ) ;
#2611 = ORIENTED_EDGE ( 'NONE', *, *, #3952, .T. ) ;
#2612 = EDGE_CURVE ( 'NONE', #567, #1367, #2463, .T. ) ;
#2613 = PLANE ( 'NONE',  #1343 ) ;
#2614 = CARTESIAN_POINT ( 'NONE',  ( 100.8957588899284303, -68.95454675471745531, 104.5359013896212872 ) ) ;
#2615 = CARTESIAN_POINT ( 'NONE',  ( 100.0000000000000142, -5.000000000000000000, 104.0000000000000000 ) ) ;
#2616 = LINE ( 'NONE', #92, #4278 ) ;
#2617 = ORIENTED_EDGE ( 'NONE', *, *, #2042, .F. ) ;
#2618 = ORIENTED_EDGE ( 'NONE', *, *, #571, .T. ) ;
#2619 = DIRECTION ( 'NONE',  ( -1.000000000000000000, 1.807003620809174262E-17, -0.000000000000000000 ) ) ;
#2620 = CIRCLE ( 'NONE', #392, 1.000000000000000888 ) ;
#2621 = CARTESIAN_POINT ( 'NONE',  ( -35.99999999999998579, -66.99999999999998579, 106.9999999999999858 ) ) ;
#2622 =( BOUNDED_SURFACE ( )  B_SPLINE_SURFACE ( 3, 2, ( 
 ( #2432, #2556, #3586 ),
 ( #666, #750, #2516 ),
 ( #394, #311, #3939 ),
 ( #1860, #4311, #794 ),
 ( #3233, #1119, #3963 ),
 ( #417, #1840, #1489 ),
 ( #2906, #205, #2309 ),
 ( #3369, #2330, #3325 ),
 ( #1211, #1978, #911 ),
 ( #511, #3347, #2654 ),
 ( #178, #1577, #1602 ),
 ( #4027, #2698, #3721 ),
 ( #4404, #3742, #4078 ),
 ( #889, #836, #3049 ),
 ( #3025, #555, #4456 ),
 ( #534, #935, #1261 ) ),
 .UNSPECIFIED., .F., .F., .F. ) 
 B_SPLINE_SURFACE_WITH_KNOTS ( ( 4, 2, 2, 2, 2, 2, 2, 4 ),
 ( 3, 3 ),
 ( 3.141592653589793116, 3.337942194439155408, 3.534291735288517255, 3.730641276137879103, 3.926990816987241395, 4.123340357836603687, 4.319689898685965090, 4.712388980384689674 ),
 ( 0.000000000000000000, 1.000000000000000000 ),
 .UNSPECIFIED. ) 
 GEOMETRIC_REPRESENTATION_ITEM ( )  RATIONAL_B_SPLINE_SURFACE ( (
 ( 1.000000000000000000, 0.7071067811865450192, 1.000000000000000000),
 ( 1.000000000000000000, 0.7070717215218753626, 1.000000000000000000),
 ( 1.000000000000000000, 0.7117460116569803708, 1.000000000000000000),
 ( 1.000000000000000000, 0.7291288848863367589, 1.000000000000000000),
 ( 1.000000000000000000, 0.7418334301983458001, 1.000000000000000000),
 ( 1.000000000000000000, 0.7723968094988553634, 1.000000000000000000),
 ( 1.000000000000000000, 0.7902180193270630371, 1.000000000000000000),
 ( 1.000000000000000000, 0.8275942589162764707, 1.000000000000000000),
 ( 1.000000000000000000, 0.8471316681044883667, 1.000000000000000000),
 ( 1.000000000000000000, 0.8849191394643917130, 1.000000000000000000),
 ( 1.000000000000000000, 0.9031651044137884998, 1.000000000000000000),
 ( 1.000000000000000000, 0.9360421792726049128, 1.000000000000000000),
 ( 1.000000000000000000, 0.9506740383551703921, 1.000000000000000000),
 ( 1.000000000000000000, 0.9867291829331252817, 1.000000000000000000),
 ( 1.000000000000000000, 1.000158585517602061, 1.000000000000000000),
 ( 1.000000000000000000, 1.000000000000000000, 1.000000000000000000) ) ) 
 REPRESENTATION_ITEM ( '' )  SURFACE ( )  );
#2623 = VECTOR ( 'NONE', #3276, 1000.000000000000000 ) ;
#2624 = LINE ( 'NONE', #1997, #3299 ) ;
#2625 = EDGE_LOOP ( 'NONE', ( #1758, #1669, #3933, #2035, #2838, #652, #4099, #207 ) ) ;
#2626 = VERTEX_POINT ( 'NONE', #674 ) ;
#2627 = CARTESIAN_POINT ( 'NONE',  ( 24.50000000000002132, -3.854941057726238097E-16, 105.9999999999999858 ) ) ;
#2628 = CARTESIAN_POINT ( 'NONE',  ( 83.00000000000004263, -62.00000000000000000, 99.99999999999998579 ) ) ;
#2629 = DIRECTION ( 'NONE',  ( 0.000000000000000000, 0.000000000000000000, 1.000000000000000000 ) ) ;
#2630 = ORIENTED_EDGE ( 'NONE', *, *, #2977, .F. ) ;
#2631 =( GEOMETRIC_REPRESENTATION_CONTEXT ( 3 ) GLOBAL_UNCERTAINTY_ASSIGNED_CONTEXT ( ( #2683 ) ) GLOBAL_UNIT_ASSIGNED_CONTEXT ( ( #3180, #271, #1410 ) ) REPRESENTATION_CONTEXT ( 'NONE', 'WORKASPACE' ) );
#2632 = CYLINDRICAL_SURFACE ( 'NONE', #2471, 1.000000000000000888 ) ;
#2633 = CARTESIAN_POINT ( 'NONE',  ( 105.7851301399086310, -4.171516660952024225, 105.5781790699051612 ) ) ;
#2634 = ORIENTED_EDGE ( 'NONE', *, *, #1224, .T. ) ;
#2635 = ADVANCED_FACE ( 'NONE', ( #695 ), #1711, .F. ) ;
#2636 = AXIS2_PLACEMENT_3D ( 'NONE', #1252, #2249, #2688 ) ;
#2637 = ADVANCED_FACE ( 'NONE', ( #156 ), #3110, .F. ) ;
#2638 = CARTESIAN_POINT ( 'NONE',  ( 5.000000000000018652, -61.99999999999999289, 105.0000000000000000 ) ) ;
#2639 = CARTESIAN_POINT ( 'NONE',  ( 100.1361300791426885, -68.23606797749977204, 105.9999999999999574 ) ) ;
#2640 = VECTOR ( 'NONE', #3335, 1000.000000000000000 ) ;
#2641 = CARTESIAN_POINT ( 'NONE',  ( 106.9725781311756378, -64.17642986610097466, 104.4167973683872219 ) ) ;
#2642 = DIRECTION ( 'NONE',  ( -0.000000000000000000, -1.000000000000000000, -0.000000000000000000 ) ) ;
#2643 = ADVANCED_FACE ( 'NONE', ( #3461 ), #270, .F. ) ;
#2644 = AXIS2_PLACEMENT_3D ( 'NONE', #3681, #3549, #3522 ) ;
#2645 = VECTOR ( 'NONE', #1288, 1000.000000000000000 ) ;
#2646 = ORIENTED_EDGE ( 'NONE', *, *, #4070, .T. ) ;
#2647 = ORIENTED_EDGE ( 'NONE', *, *, #307, .T. ) ;
#2648 = EDGE_CURVE ( 'NONE', #2534, #1576, #1690, .T. ) ;
#2649 = CARTESIAN_POINT ( 'NONE',  ( 106.9545467547174837, -29.10424111007160874, 104.5359013896212872 ) ) ;
#2650 = CYLINDRICAL_SURFACE ( 'NONE', #1979, 3.000000000000002665 ) ;
#2651 = DIRECTION ( 'NONE',  ( 0.000000000000000000, 0.000000000000000000, -1.000000000000000000 ) ) ;
#2652 = EDGE_LOOP ( 'NONE', ( #3283, #1411, #2375, #1500 ) ) ;
#2653 = VERTEX_POINT ( 'NONE', #2761 ) ;
#2654 = CARTESIAN_POINT ( 'NONE',  ( 104.6608267557229226, -67.98248026716872516, 106.2601604199505090 ) ) ;
#2655 = CIRCLE ( 'NONE', #2209, 2.000000000000001776 ) ;
#2656 = LINE ( 'NONE', #4480, #485 ) ;
#2657 = VERTEX_POINT ( 'NONE', #4540 ) ;
#2658 = DIRECTION ( 'NONE',  ( 0.000000000000000000, 0.000000000000000000, 1.000000000000000000 ) ) ;
#2659 = CARTESIAN_POINT ( 'NONE',  ( -39.99999999999997868, -66.99999999999998579, 109.9999999999999858 ) ) ;
#2660 = ORIENTED_EDGE ( 'NONE', *, *, #4242, .F. ) ;
#2661 = EDGE_CURVE ( 'NONE', #2694, #1737, #344, .T. ) ;
#2662 = CARTESIAN_POINT ( 'NONE',  ( 106.3673150262016520, -5.605534809836637322, 105.8062447283917180 ) ) ;
#2663 = LINE ( 'NONE', #4087, #3834 ) ;
#2664 = CARTESIAN_POINT ( 'NONE',  ( 106.9936923020593866, -64.36151076500982526, 104.2185113105283136 ) ) ;
#2665 = DIRECTION ( 'NONE',  ( -1.000000000000000000, 0.000000000000000000, 0.000000000000000000 ) ) ;
#2666 = ORIENTED_EDGE ( 'NONE', *, *, #363, .F. ) ;
#2667 = ORIENTED_EDGE ( 'NONE', *, *, #2326, .F. ) ;
#2668 = ADVANCED_FACE ( 'NONE', ( #2545 ), #4437, .F. ) ;
#2669 = LINE ( 'NONE', #903, #3863 ) ;
#2670 = CIRCLE ( 'NONE', #1479, 1.000000000000000888 ) ;
#2671 = CARTESIAN_POINT ( 'NONE',  ( 17.50000000000004263, -62.00000000000000000, 109.9999999999999858 ) ) ;
#2672 = LINE ( 'NONE', #150, #4051 ) ;
#2673 = EDGE_CURVE ( 'NONE', #146, #2195, #2566, .T. ) ;
#2674 = ORIENTED_EDGE ( 'NONE', *, *, #2921, .T. ) ;
#2675 = AXIS2_PLACEMENT_3D ( 'NONE', #479, #2950, #3319 ) ;
#2676 = ORIENTED_EDGE ( 'NONE', *, *, #2393, .T. ) ;
#2677 = DIRECTION ( 'NONE',  ( -1.000000000000000000, 1.807003620809174262E-17, -0.000000000000000000 ) ) ;
#2678 = CARTESIAN_POINT ( 'NONE',  ( -39.99999999999999289, -65.00000000000000000, 106.0000000000003553 ) ) ;
#2679 = ORIENTED_EDGE ( 'NONE', *, *, #687, .F. ) ;
#2680 = CARTESIAN_POINT ( 'NONE',  ( -39.99999999999999289, -5.000000000000000000, 105.0000000000003411 ) ) ;
#2681 = DIRECTION ( 'NONE',  ( -0.000000000000000000, -0.000000000000000000, 1.000000000000000000 ) ) ;
#2682 = VERTEX_POINT ( 'NONE', #2175 ) ;
#2683 = UNCERTAINTY_MEASURE_WITH_UNIT (LENGTH_MEASURE( 1.000000000000000082E-05 ), #3180, 'distance_accuracy_value', 'NONE');
#2684 = DIRECTION ( 'NONE',  ( 0.000000000000000000, 0.000000000000000000, 1.000000000000000000 ) ) ;
#2685 = DIRECTION ( 'NONE',  ( 0.000000000000000000, 0.000000000000000000, -1.000000000000000000 ) ) ;
#2686 = FACE_OUTER_BOUND ( 'NONE', #1541, .T. ) ;
#2687 = VECTOR ( 'NONE', #2265, 1000.000000000000000 ) ;
#2688 = DIRECTION ( 'NONE',  ( 1.000000000000000000, 0.000000000000000000, -0.000000000000000000 ) ) ;
#2689 = EDGE_LOOP ( 'NONE', ( #1180, #1171 ) ) ;
#2690 = DIRECTION ( 'NONE',  ( 0.000000000000000000, 0.000000000000000000, 1.000000000000000000 ) ) ;
#2691 = CARTESIAN_POINT ( 'NONE',  ( 100.0000000000000142, 0.000000000000000000, 106.0000000000000000 ) ) ;
#2692 = DIRECTION ( 'NONE',  ( 0.000000000000000000, 0.000000000000000000, -1.000000000000000000 ) ) ;
#2693 = EDGE_CURVE ( 'NONE', #1132, #2305, #3598, .T. ) ;
#2694 = VERTEX_POINT ( 'NONE', #3200 ) ;
#2695 = EDGE_CURVE ( 'NONE', #782, #2725, #3970, .T. ) ;
#2696 = ORIENTED_EDGE ( 'NONE', *, *, #3960, .F. ) ;
#2697 = CARTESIAN_POINT ( 'NONE',  ( 110.0000000000000142, -72.00000000000000000, 109.9999999999999858 ) ) ;
#2698 = CARTESIAN_POINT ( 'NONE',  ( 105.0727690578813736, -67.07276905788017984, 106.8490252996298153 ) ) ;
#2699 = EDGE_CURVE ( 'NONE', #2333, #3269, #4341, .T. ) ;
#2700 = DIRECTION ( 'NONE',  ( 0.000000000000000000, 0.000000000000000000, -1.000000000000000000 ) ) ;
#2701 = EDGE_CURVE ( 'NONE', #4610, #518, #2202, .T. ) ;
#2702 = ORIENTED_EDGE ( 'NONE', *, *, #159, .F. ) ;
#2703 = DIRECTION ( 'NONE',  ( -1.000000000000000000, 0.000000000000000000, 0.000000000000000000 ) ) ;
#2704 = DIRECTION ( 'NONE',  ( -1.000000000000000000, -0.000000000000000000, 2.312964634635740294E-15 ) ) ;
#2705 = ORIENTED_EDGE ( 'NONE', *, *, #3663, .F. ) ;
#2706 = AXIS2_PLACEMENT_3D ( 'NONE', #3213, #2800, #686 ) ;
#2707 = CARTESIAN_POINT ( 'NONE',  ( 24.50000000000002132, -6.000000000000000000, 105.9999999999999858 ) ) ;
#2708 = CARTESIAN_POINT ( 'NONE',  ( 104.0000000000000142, -72.00000000000000000, 103.9999999999999858 ) ) ;
#2709 = FACE_OUTER_BOUND ( 'NONE', #3076, .T. ) ;
#2710 = LINE ( 'NONE', #3478, #3750 ) ;
#2711 = ORIENTED_EDGE ( 'NONE', *, *, #1699, .T. ) ;
#2712 = DIRECTION ( 'NONE',  ( 0.000000000000000000, 0.000000000000000000, -1.000000000000000000 ) ) ;
#2713 = DIRECTION ( 'NONE',  ( -0.000000000000000000, -1.000000000000000000, -0.000000000000000000 ) ) ;
#2714 = AXIS2_PLACEMENT_3D ( 'NONE', #4406, #1560, #3027 ) ;
#2715 = DIRECTION ( 'NONE',  ( 0.000000000000000000, 0.000000000000000000, 1.000000000000000000 ) ) ;
#2716 = LINE ( 'NONE', #3044, #3976 ) ;
#2717 = CIRCLE ( 'NONE', #716, 3.000000000000002665 ) ;
#2718 = ORIENTED_EDGE ( 'NONE', *, *, #1527, .T. ) ;
#2719 = ORIENTED_EDGE ( 'NONE', *, *, #3404, .F. ) ;
#2720 = PLANE ( 'NONE',  #328 ) ;
#2721 = LINE ( 'NONE', #2744, #2822 ) ;
#2722 = FACE_OUTER_BOUND ( 'NONE', #3558, .T. ) ;
#2723 = ORIENTED_EDGE ( 'NONE', *, *, #1960, .F. ) ;
#2724 = EDGE_LOOP ( 'NONE', ( #80, #1186, #3652, #3846, #326, #4193, #1639, #4399, #2547, #3989 ) ) ;
#2725 = VERTEX_POINT ( 'NONE', #3931 ) ;
#2726 = EDGE_CURVE ( 'NONE', #5, #2305, #72, .T. ) ;
#2727 = ADVANCED_FACE ( 'NONE', ( #2151 ), #1480, .F. ) ;
#2728 = EDGE_CURVE ( 'NONE', #1035, #2899, #1018, .T. ) ;
#2729 = AXIS2_PLACEMENT_3D ( 'NONE', #3760, #4513, #4137 ) ;
#2730 = CARTESIAN_POINT ( 'NONE',  ( -29.99999999999997513, -11.99999999999999645, 109.9999999999999858 ) ) ;
#2731 = DIRECTION ( 'NONE',  ( 0.000000000000000000, 1.000000000000000000, 0.000000000000000000 ) ) ;
#2732 = ADVANCED_FACE ( 'NONE', ( #3556 ), #32, .F. ) ;
#2733 = CARTESIAN_POINT ( 'NONE',  ( 106.5169849348711182, -5.790613073838009939, 105.6258066278490304 ) ) ;
#2734 = CARTESIAN_POINT ( 'NONE',  ( 106.9725781311756521, -14.17642986610095690, 104.4167973683872361 ) ) ;
#2735 = CARTESIAN_POINT ( 'NONE',  ( 110.0000000000000142, -15.00000000000000000, 106.0000000000000142 ) ) ;
#2736 = FACE_BOUND ( 'NONE', #2292, .T. ) ;
#2737 = ORIENTED_EDGE ( 'NONE', *, *, #736, .F. ) ;
#2738 = DIRECTION ( 'NONE',  ( 0.000000000000000000, -1.000000000000000000, 0.000000000000000000 ) ) ;
#2739 = CARTESIAN_POINT ( 'NONE',  ( 100.0000000000000142, -10.00000000000000000, 104.0000000000000000 ) ) ;
#2740 = CARTESIAN_POINT ( 'NONE',  ( 100.2733875960623777, -2.999628932995754838, 104.0282973974178020 ) ) ;
#2741 = ORIENTED_EDGE ( 'NONE', *, *, #449, .F. ) ;
#2742 = ORIENTED_EDGE ( 'NONE', *, *, #2977, .T. ) ;
#2743 = CARTESIAN_POINT ( 'NONE',  ( 99.00725022587110402, -68.76371230233698384, 105.1748220554701021 ) ) ;
#2744 = CARTESIAN_POINT ( 'NONE',  ( -32.49999999999997158, -11.99999999999999645, 99.99999999999998579 ) ) ;
#2745 = DIRECTION ( 'NONE',  ( 1.000000000000000000, 0.000000000000000000, 0.000000000000000000 ) ) ;
#2746 = EDGE_LOOP ( 'NONE', ( #386, #4354 ) ) ;
#2747 = ORIENTED_EDGE ( 'NONE', *, *, #1620, .T. ) ;
#2748 = DIRECTION ( 'NONE',  ( 1.000000000000000000, 0.000000000000000000, 0.000000000000000000 ) ) ;
#2749 = CARTESIAN_POINT ( 'NONE',  ( 94.00000000000000000, -65.99999999999998579, 103.9999999999999858 ) ) ;
#2750 = EDGE_CURVE ( 'NONE', #1286, #1236, #117, .T. ) ;
#2751 = LINE ( 'NONE', #1656, #3215 ) ;
#2752 = CARTESIAN_POINT ( 'NONE',  ( 106.4040778208514411, -14.38447024690323772, 105.7976249577341150 ) ) ;
#2753 = ADVANCED_FACE ( 'NONE', ( #2898 ), #4322, .F. ) ;
#2754 = AXIS2_PLACEMENT_3D ( 'NONE', #2199, #426, #70 ) ;
#2755 = DIRECTION ( 'NONE',  ( -1.000000000000000000, -0.000000000000000000, 2.312964634635740294E-15 ) ) ;
#2756 = CARTESIAN_POINT ( 'NONE',  ( -29.99999999999996092, -62.00000000000000000, 99.99999999999998579 ) ) ;
#2757 = ORIENTED_EDGE ( 'NONE', *, *, #3122, .F. ) ;
#2758 = CARTESIAN_POINT ( 'NONE',  ( -34.99999999999998579, -68.99999999999998579, 105.9999999999999858 ) ) ;
#2759 = AXIS2_PLACEMENT_3D ( 'NONE', #539, #946, #4483 ) ;
#2760 = CARTESIAN_POINT ( 'NONE',  ( 65.00000000000001421, -72.00000000000000000, 104.0000000000000000 ) ) ;
#2761 = CARTESIAN_POINT ( 'NONE',  ( 22.50000000000003908, -67.99999999999998579, 106.9999999999999858 ) ) ;
#2762 = DIRECTION ( 'NONE',  ( 0.000000000000000000, 1.000000000000000000, 0.000000000000000000 ) ) ;
#2763 = VERTEX_POINT ( 'NONE', #428 ) ;
#2764 = ORIENTED_EDGE ( 'NONE', *, *, #1673, .T. ) ;
#2765 = CARTESIAN_POINT ( 'NONE',  ( 106.9545467547174837, -37.10424111007160519, 104.5359013896212872 ) ) ;
#2766 = DIRECTION ( 'NONE',  ( 0.000000000000000000, 1.000000000000000000, 0.000000000000000000 ) ) ;
#2767 = CARTESIAN_POINT ( 'NONE',  ( 110.0000000000000142, -55.00000000000000000, 105.0000000000000000 ) ) ;
#2768 = ORIENTED_EDGE ( 'NONE', *, *, #1472, .F. ) ;
#2769 = VERTEX_POINT ( 'NONE', #1850 ) ;
#2770 = AXIS2_PLACEMENT_3D ( 'NONE', #2512, #746, #2884 ) ;
#2771 = FACE_OUTER_BOUND ( 'NONE', #3308, .T. ) ;
#2772 = CYLINDRICAL_SURFACE ( 'NONE', #4274, 1.000000000000000888 ) ;
#2773 = CARTESIAN_POINT ( 'NONE',  ( 106.2628229542438447, -38.27295663344365551, 105.9708025413718104 ) ) ;
#2774 = FACE_OUTER_BOUND ( 'NONE', #1599, .T. ) ;
#2775 = EDGE_CURVE ( 'NONE', #1366, #4025, #3268, .T. ) ;
#2776 = CARTESIAN_POINT ( 'NONE',  ( -39.99999999999998579, -65.99999999999998579, 103.9999999999999858 ) ) ;
#2777 = DIRECTION ( 'NONE',  ( -1.000000000000000000, 0.000000000000000000, 2.312964634635740294E-15 ) ) ;
#2778 = VERTEX_POINT ( 'NONE', #2110 ) ;
#2779 = EDGE_CURVE ( 'NONE', #2863, #3158, #3528, .T. ) ;
#2780 = CARTESIAN_POINT ( 'NONE',  ( 86.00000000000001421, -36.99999999999998579, 106.9999999999999858 ) ) ;
#2781 = CARTESIAN_POINT ( 'NONE',  ( -32.99999999999997868, -36.99999999999999289, 106.9999999999999858 ) ) ;
#2782 = AXIS2_PLACEMENT_3D ( 'NONE', #2337, #3120, #4551 ) ;
#2783 = EDGE_CURVE ( 'NONE', #2112, #96, #3910, .T. ) ;
#2784 = VECTOR ( 'NONE', #174, 1000.000000000000000 ) ;
#2785 = CARTESIAN_POINT ( 'NONE',  ( 100.0000000000000142, -10.00000000000000000, 106.0000000000000000 ) ) ;
#2786 = CARTESIAN_POINT ( 'NONE',  ( 104.0000000000000142, -6.000000000000002665, 103.9999999999999858 ) ) ;
#2787 = ORIENTED_EDGE ( 'NONE', *, *, #2526, .F. ) ;
#2788 = VERTEX_POINT ( 'NONE', #121 ) ;
#2789 = ADVANCED_FACE ( 'NONE', ( #2686 ), #1616, .T. ) ;
#2790 = CARTESIAN_POINT ( 'NONE',  ( 106.8978503776351801, -37.01394595793607323, 104.7867655394394149 ) ) ;
#2791 = CIRCLE ( 'NONE', #1678, 2.499999999999998668 ) ;
#2792 = DIRECTION ( 'NONE',  ( -1.000000000000000000, 0.000000000000000000, 0.000000000000000000 ) ) ;
#2793 = CIRCLE ( 'NONE', #107, 1.000000000000000888 ) ;
#2794 = FACE_OUTER_BOUND ( 'NONE', #3091, .T. ) ;
#2795 = VERTEX_POINT ( 'NONE', #4444 ) ;
#2796 = ORIENTED_EDGE ( 'NONE', *, *, #684, .F. ) ;
#2797 = AXIS2_PLACEMENT_3D ( 'NONE', #1364, #1026, #2715 ) ;
#2798 = AXIS2_PLACEMENT_3D ( 'NONE', #388, #1856, #2157 ) ;
#2799 = DIRECTION ( 'NONE',  ( 0.000000000000000000, 0.000000000000000000, -1.000000000000000000 ) ) ;
#2800 = DIRECTION ( 'NONE',  ( -0.000000000000000000, -1.000000000000000000, -0.000000000000000000 ) ) ;
#2801 = DIRECTION ( 'NONE',  ( 1.000000000000000000, 0.000000000000000000, 0.000000000000000000 ) ) ;
#2802 = CARTESIAN_POINT ( 'NONE',  ( 110.0000000000000142, -5.000000000000000000, 106.0000000000000000 ) ) ;
#2803 = DIRECTION ( 'NONE',  ( 1.000000000000000000, 0.000000000000000000, 0.000000000000000000 ) ) ;
#2804 = CIRCLE ( 'NONE', #3996, 1.000000000000000888 ) ;
#2805 = EDGE_LOOP ( 'NONE', ( #1885, #2962, #1140, #581, #500 ) ) ;
#2806 = EDGE_CURVE ( 'NONE', #1360, #3158, #4293, .T. ) ;
#2807 = AXIS2_PLACEMENT_3D ( 'NONE', #1705, #4555, #4206 ) ;
#2808 = DIRECTION ( 'NONE',  ( 0.000000000000000000, 0.000000000000000000, -1.000000000000000000 ) ) ;
#2809 = CARTESIAN_POINT ( 'NONE',  ( 106.5884197527417285, -65.86174059526420876, 105.5218433066369670 ) ) ;
#2810 =( NAMED_UNIT ( * ) SI_UNIT ( $, .STERADIAN. ) SOLID_ANGLE_UNIT ( ) );
#2811 = VERTEX_POINT ( 'NONE', #3337 ) ;
#2812 = ORIENTED_EDGE ( 'NONE', *, *, #4346, .F. ) ;
#2813 = EDGE_CURVE ( 'NONE', #4188, #1507, #4393, .T. ) ;
#2814 = B_SPLINE_CURVE_WITH_KNOTS ( 'NONE', 3,
 ( #1429, #3574, #383, #2173, #30, #3597, #2809, #694, #1045, #4417, #4392, #448, #3709, #1588, #3286, #4017, #3687, #4443 ),
 .UNSPECIFIED., .F., .F.,
 ( 4, 2, 2, 2, 2, 2, 2, 2, 4 ),
 ( 0.003265085766508816524, 0.003672690097425311030, 0.004080294428341805536, 0.004487898759258300042, 0.004895503090174794548, 0.005303107421091289055, 0.005710711752007783561, 0.006118316082924278067, 0.006525920413840772573 ),
 .UNSPECIFIED. ) ;
#2815 = CARTESIAN_POINT ( 'NONE',  ( 86.00000000000001421, -3.000000000000002220, 99.99999999999998579 ) ) ;
#2816 = DIRECTION ( 'NONE',  ( -0.000000000000000000, -0.000000000000000000, 1.000000000000000000 ) ) ;
#2817 = EDGE_CURVE ( 'NONE', #2333, #290, #2176, .T. ) ;
#2818 = DIRECTION ( 'NONE',  ( 0.000000000000000000, 0.000000000000000000, -1.000000000000000000 ) ) ;
#2819 = ORIENTED_EDGE ( 'NONE', *, *, #853, .T. ) ;
#2820 = CARTESIAN_POINT ( 'NONE',  ( 106.9542093303369938, -55.89658726422840829, 104.5376554611970192 ) ) ;
#2821 = DIRECTION ( 'NONE',  ( -0.000000000000000000, 1.000000000000000000, -0.000000000000000000 ) ) ;
#2822 = VECTOR ( 'NONE', #2422, 1000.000000000000000 ) ;
#2823 = CARTESIAN_POINT ( 'NONE',  ( 30.50000000000003553, -68.99999999999998579, 99.99999999999998579 ) ) ;
#2824 = CARTESIAN_POINT ( 'NONE',  ( 65.00000000000001421, 0.000000000000000000, 105.0000000000000000 ) ) ;
#2825 = LINE ( 'NONE', #1404, #4059 ) ;
#2826 = ORIENTED_EDGE ( 'NONE', *, *, #535, .F. ) ;
#2827 = CARTESIAN_POINT ( 'NONE',  ( 86.00000000000001421, -65.99999999999998579, 99.99999999999998579 ) ) ;
#2828 = CARTESIAN_POINT ( 'NONE',  ( 106.4040778208514411, -54.38447024690324128, 105.7976249577340724 ) ) ;
#2829 = CARTESIAN_POINT ( 'NONE',  ( 86.00000000000001421, -6.000000000000002665, 105.9999999999999858 ) ) ;
#2830 = ORIENTED_EDGE ( 'NONE', *, *, #98, .F. ) ;
#2831 = VERTEX_POINT ( 'NONE', #194 ) ;
#2832 = DIRECTION ( 'NONE',  ( 0.000000000000000000, 0.000000000000000000, 1.000000000000000000 ) ) ;
#2833 = LINE ( 'NONE', #350, #3167 ) ;
#2834 = EDGE_CURVE ( 'NONE', #1184, #1738, #3624, .T. ) ;
#2835 = EDGE_CURVE ( 'NONE', #822, #3017, #2944, .T. ) ;
#2836 = DIRECTION ( 'NONE',  ( 1.000000000000000000, -0.000000000000000000, -0.000000000000000000 ) ) ;
#2837 = CIRCLE ( 'NONE', #830, 3.000000000000002665 ) ;
#2838 = ORIENTED_EDGE ( 'NONE', *, *, #2549, .T. ) ;
#2839 = ORIENTED_EDGE ( 'NONE', *, *, #2576, .T. ) ;
#2840 = EDGE_CURVE ( 'NONE', #981, #839, #1763, .T. ) ;
#2841 = CARTESIAN_POINT ( 'NONE',  ( 107.0000000000000142, -65.00000000000000000, 103.9999999999999858 ) ) ;
#2842 = ADVANCED_FACE ( 'NONE', ( #1637 ), #3057, .F. ) ;
#2843 = CARTESIAN_POINT ( 'NONE',  ( -29.99999999999999289, -15.00000000000000000, 105.0000000000003268 ) ) ;
#2844 = ADVANCED_FACE ( 'NONE', ( #2389 ), #2434, .F. ) ;
#2845 = CARTESIAN_POINT ( 'NONE',  ( -36.99999999999997868, -3.000000000000000000, 105.9999999999999858 ) ) ;
#2846 = CIRCLE ( 'NONE', #3441, 2.000000000000001776 ) ;
#2847 = LINE ( 'NONE', #1123, #4521 ) ;
#2848 = VERTEX_POINT ( 'NONE', #2735 ) ;
#2849 = CARTESIAN_POINT ( 'NONE',  ( 5.000000000000018652, -68.99999999999998579, 105.0000000000000000 ) ) ;
#2850 = DIRECTION ( 'NONE',  ( 0.000000000000000000, 0.000000000000000000, -1.000000000000000000 ) ) ;
#2851 = CIRCLE ( 'NONE', #846, 1.000000000000000888 ) ;
#2852 = FACE_BOUND ( 'NONE', #3692, .T. ) ;
#2853 = DIRECTION ( 'NONE',  ( 1.000000000000000000, 0.000000000000000000, 0.000000000000000000 ) ) ;
#2854 = ORIENTED_EDGE ( 'NONE', *, *, #3617, .F. ) ;
#2855 = VERTEX_POINT ( 'NONE', #1020 ) ;
#2856 = CIRCLE ( 'NONE', #4342, 2.999999999999999112 ) ;
#2857 = CARTESIAN_POINT ( 'NONE',  ( -36.82842712474617031, -5.000000000000000888, 104.0000000000003268 ) ) ;
#2858 = CIRCLE ( 'NONE', #1228, 1.000000000000000888 ) ;
#2859 = DIRECTION ( 'NONE',  ( -1.000000000000000000, 0.000000000000000000, 0.000000000000000000 ) ) ;
#2860 = LINE ( 'NONE', #4307, #1159 ) ;
#2861 = AXIS2_PLACEMENT_3D ( 'NONE', #4186, #2085, #993 ) ;
#2862 = ORIENTED_EDGE ( 'NONE', *, *, #1250, .T. ) ;
#2863 = VERTEX_POINT ( 'NONE', #3854 ) ;
#2864 = AXIS2_PLACEMENT_3D ( 'NONE', #2730, #987, #4157 ) ;
#2865 = CARTESIAN_POINT ( 'NONE',  ( 106.7070777357022990, -38.96200730158109593, 105.2990973786457403 ) ) ;
#2866 = AXIS2_PLACEMENT_3D ( 'NONE', #2060, #264, #1636 ) ;
#2867 = LINE ( 'NONE', #773, #2123 ) ;
#2868 = VECTOR ( 'NONE', #1675, 1000.000000000000000 ) ;
#2869 = DIRECTION ( 'NONE',  ( -1.000000000000000000, 8.095376221225092411E-15, 0.000000000000000000 ) ) ;
#2870 = EDGE_CURVE ( 'NONE', #1204, #4372, #1292, .T. ) ;
#2871 = EDGE_CURVE ( 'NONE', #607, #1209, #1170, .T. ) ;
#2872 = CARTESIAN_POINT ( 'NONE',  ( 22.50000000000003908, -65.99999999999998579, 99.99999999999998579 ) ) ;
#2873 = DIRECTION ( 'NONE',  ( -0.000000000000000000, -0.000000000000000000, 1.000000000000000000 ) ) ;
#2874 = VERTEX_POINT ( 'NONE', #3829 ) ;
#2875 = DIRECTION ( 'NONE',  ( -0.000000000000000000, -0.000000000000000000, 1.000000000000000000 ) ) ;
#2876 = ADVANCED_FACE ( 'NONE', ( #1357 ), #287, .F. ) ;
#2877 = CARTESIAN_POINT ( 'NONE',  ( 106.8284271247461845, -6.000000000000002665, 105.0000000000000000 ) ) ;
#2878 = CYLINDRICAL_SURFACE ( 'NONE', #1185, 1.000000000000000888 ) ;
#2879 = VECTOR ( 'NONE', #3282, 1000.000000000000000 ) ;
#2880 = DIRECTION ( 'NONE',  ( 0.000000000000000000, 0.000000000000000000, 1.000000000000000000 ) ) ;
#2881 = EDGE_LOOP ( 'NONE', ( #457, #267, #3485, #466 ) ) ;
#2882 = ORIENTED_EDGE ( 'NONE', *, *, #2982, .F. ) ;
#2883 = SPHERICAL_SURFACE ( 'NONE', #3506, 3.000000000000000000 ) ;
#2884 = DIRECTION ( 'NONE',  ( 0.000000000000000000, 0.000000000000000000, 1.000000000000000000 ) ) ;
#2885 = ORIENTED_EDGE ( 'NONE', *, *, #1673, .F. ) ;
#2886 = ORIENTED_EDGE ( 'NONE', *, *, #45, .T. ) ;
#2887 = LINE ( 'NONE', #4554, #2623 ) ;
#2888 = DIRECTION ( 'NONE',  ( -0.000000000000000000, -0.000000000000000000, 1.000000000000000000 ) ) ;
#2889 = CIRCLE ( 'NONE', #890, 2.500000000000002220 ) ;
#2890 = CYLINDRICAL_SURFACE ( 'NONE', #1989, 1.000000000000000888 ) ;
#2891 = CARTESIAN_POINT ( 'NONE',  ( 30.50000000000003908, -68.99999999999998579, 106.9999999999999858 ) ) ;
#2892 = EDGE_LOOP ( 'NONE', ( #2826, #27, #2420 ) ) ;
#2893 = EDGE_CURVE ( 'NONE', #2501, #458, #2409, .T. ) ;
#2894 = AXIS2_PLACEMENT_3D ( 'NONE', #2971, #3294, #4400 ) ;
#2895 = ADVANCED_FACE ( 'NONE', ( #2709 ), #3786, .F. ) ;
#2896 = DIRECTION ( 'NONE',  ( 0.000000000000000000, -1.000000000000000000, 0.000000000000000000 ) ) ;
#2897 = FACE_OUTER_BOUND ( 'NONE', #3202, .T. ) ;
#2898 = FACE_OUTER_BOUND ( 'NONE', #1440, .T. ) ;
#2899 = VERTEX_POINT ( 'NONE', #596 ) ;
#2900 = ORIENTED_EDGE ( 'NONE', *, *, #2359, .F. ) ;
#2901 = CARTESIAN_POINT ( 'NONE',  ( -29.99999999999999645, -5.000000000000000000, 104.0000000000003126 ) ) ;
#2902 = CARTESIAN_POINT ( 'NONE',  ( -29.99999999999999289, -15.00000000000000000, 105.0000000000003268 ) ) ;
#2903 = FACE_OUTER_BOUND ( 'NONE', #3736, .T. ) ;
#2904 = ORIENTED_EDGE ( 'NONE', *, *, #3551, .T. ) ;
#2905 = ORIENTED_EDGE ( 'NONE', *, *, #3350, .T. ) ;
#2906 = CARTESIAN_POINT ( 'NONE',  ( 106.6034947831782773, -66.86783159439285384, 105.5034520432443372 ) ) ;
#2907 = AXIS2_PLACEMENT_3D ( 'NONE', #138, #1562, #1492 ) ;
#2908 = DIRECTION ( 'NONE',  ( -0.000000000000000000, -0.000000000000000000, 1.000000000000000000 ) ) ;
#2909 = VECTOR ( 'NONE', #4612, 1000.000000000000000 ) ;
#2910 = ORIENTED_EDGE ( 'NONE', *, *, #4100, .T. ) ;
#2911 = DIRECTION ( 'NONE',  ( 0.000000000000000000, -1.000000000000000000, 0.000000000000000000 ) ) ;
#2912 = CARTESIAN_POINT ( 'NONE',  ( 107.0000000000000142, -15.00000000000000000, 103.9999999999999858 ) ) ;
#2913 = VERTEX_POINT ( 'NONE', #1685 ) ;
#2914 = EDGE_CURVE ( 'NONE', #1268, #1962, #2949, .T. ) ;
#2915 = CARTESIAN_POINT ( 'NONE',  ( -39.99999999999997868, -72.00000000000000000, 109.9999999999999858 ) ) ;
#2916 = DIRECTION ( 'NONE',  ( 0.000000000000000000, 0.000000000000000000, 1.000000000000000000 ) ) ;
#2917 = DIRECTION ( 'NONE',  ( 0.000000000000000000, 0.000000000000000000, 1.000000000000000000 ) ) ;
#2918 = EDGE_CURVE ( 'NONE', #4372, #60, #3318, .T. ) ;
#2919 = ORIENTED_EDGE ( 'NONE', *, *, #2956, .T. ) ;
#2920 = VERTEX_POINT ( 'NONE', #3452 ) ;
#2921 = EDGE_CURVE ( 'NONE', #3550, #2863, #1908, .T. ) ;
#2922 = CYLINDRICAL_SURFACE ( 'NONE', #570, 1.000000000000000888 ) ;
#2923 = CARTESIAN_POINT ( 'NONE',  ( 94.00000000000000000, -5.999999999999998224, 103.9999999999999858 ) ) ;
#2924 = ADVANCED_FACE ( 'NONE', ( #3105 ), #873, .F. ) ;
#2925 = ORIENTED_EDGE ( 'NONE', *, *, #2835, .F. ) ;
#2926 = ORIENTED_EDGE ( 'NONE', *, *, #4295, .F. ) ;
#2927 = AXIS2_PLACEMENT_3D ( 'NONE', #275, #1694, #3114 ) ;
#2928 = DIRECTION ( 'NONE',  ( -1.000000000000000000, 0.000000000000000000, 0.000000000000000000 ) ) ;
#2929 = CARTESIAN_POINT ( 'NONE',  ( -29.99999999999999289, -40.00000000000000000, 105.0000000000003126 ) ) ;
#2930 = AXIS2_PLACEMENT_3D ( 'NONE', #3106, #3408, #3083 ) ;
#2931 = PRODUCT_DEFINITION_SHAPE ( 'NONE', 'NONE',  #4463 ) ;
#2932 = ORIENTED_EDGE ( 'NONE', *, *, #3693, .F. ) ;
#2933 = AXIS2_PLACEMENT_3D ( 'NONE', #252, #2425, #324 ) ;
#2934 = CARTESIAN_POINT ( 'NONE',  ( -36.82842712474639058, -4.999999999999747757, 106.0000000000011227 ) ) ;
#2935 = LINE ( 'NONE', #517, #2063 ) ;
#2936 = VERTEX_POINT ( 'NONE', #2802 ) ;
#2937 = AXIS2_PLACEMENT_3D ( 'NONE', #438, #3278, #3964 ) ;
#2938 = AXIS2_PLACEMENT_3D ( 'NONE', #2136, #2205, #3913 ) ;
#2939 = CIRCLE ( 'NONE', #2124, 1.000000000000000888 ) ;
#2940 = COLOUR_RGB ( '',0.7921568627450980005, 0.8196078431372548767, 0.9333333333333333481 ) ;
#2941 = FACE_BOUND ( 'NONE', #280, .T. ) ;
#2942 = CARTESIAN_POINT ( 'NONE',  ( 100.2720305973168706, -68.26257822400678776, 105.9710819721204729 ) ) ;
#2943 = AXIS2_PLACEMENT_3D ( 'NONE', #3716, #3021, #2302 ) ;
#2944 = LINE ( 'NONE', #1177, #494 ) ;
#2945 = DIRECTION ( 'NONE',  ( -0.000000000000000000, 1.000000000000000000, -0.000000000000000000 ) ) ;
#2946 = ORIENTED_EDGE ( 'NONE', *, *, #1447, .F. ) ;
#2947 = ORIENTED_EDGE ( 'NONE', *, *, #1127, .T. ) ;
#2948 = LINE ( 'NONE', #858, #4359 ) ;
#2949 = CIRCLE ( 'NONE', #1394, 0.9999999999999974465 ) ;
#2950 = DIRECTION ( 'NONE',  ( 1.000000000000000000, -0.000000000000000000, -0.000000000000000000 ) ) ;
#2951 = DIRECTION ( 'NONE',  ( 0.000000000000000000, 1.000000000000000000, 0.000000000000000000 ) ) ;
#2952 = EDGE_CURVE ( 'NONE', #1036, #1784, #576, .T. ) ;
#2953 = ORIENTED_EDGE ( 'NONE', *, *, #2074, .F. ) ;
#2954 = VERTEX_POINT ( 'NONE', #3216 ) ;
#2955 = LINE ( 'NONE', #4381, #1408 ) ;
#2956 = EDGE_CURVE ( 'NONE', #2831, #524, #1844, .T. ) ;
#2957 = FACE_OUTER_BOUND ( 'NONE', #3682, .T. ) ;
#2958 = DIRECTION ( 'NONE',  ( -1.000000000000000000, 0.000000000000000000, 0.000000000000000000 ) ) ;
#2959 = VERTEX_POINT ( 'NONE', #2105 ) ;
#2960 = LINE ( 'NONE', #3306, #4255 ) ;
#2961 = CARTESIAN_POINT ( 'NONE',  ( 22.50000000000002132, -3.000000000000000888, 99.99999999999998579 ) ) ;
#2962 = ORIENTED_EDGE ( 'NONE', *, *, #1585, .T. ) ;
#2963 = DIRECTION ( 'NONE',  ( 0.000000000000000000, 0.000000000000000000, -1.000000000000000000 ) ) ;
#2964 = CARTESIAN_POINT ( 'NONE',  ( 100.9860540420639836, -68.89785037763515163, 104.7867655394394006 ) ) ;
#2965 = VECTOR ( 'NONE', #1296, 1000.000000000000000 ) ;
#2966 = CARTESIAN_POINT ( 'NONE',  ( -36.78183713503074159, -4.868223609347219316, 104.0000000000003411 ) ) ;
#2967 = LINE ( 'NONE', #4394, #1517 ) ;
#2968 = ORIENTED_EDGE ( 'NONE', *, *, #1842, .T. ) ;
#2969 = ORIENTED_EDGE ( 'NONE', *, *, #1986, .T. ) ;
#2970 = DIRECTION ( 'NONE',  ( -1.000000000000000000, 0.000000000000000000, 0.000000000000000000 ) ) ;
#2971 = CARTESIAN_POINT ( 'NONE',  ( -39.99999999999999289, -30.00000000000000000, 105.0000000000003411 ) ) ;
#2972 = CARTESIAN_POINT ( 'NONE',  ( 25.50000000000003553, -65.99999999999998579, 99.99999999999998579 ) ) ;
#2973 = EDGE_LOOP ( 'NONE', ( #1830, #1771, #1104, #2886 ) ) ;
#2974 = B_SPLINE_CURVE_WITH_KNOTS ( 'NONE', 3,
 ( #3168, #2100, #1375, #3849, #1816, #751, #3894, #685, #3212, #664, #3516, #2820, #3191, #3495, #305, #703, #4619, #1076 ),
 .UNSPECIFIED., .F., .F.,
 ( 4, 2, 2, 2, 2, 2, 2, 2, 4 ),
 ( 0.003265085766508801779, 0.003672690097425297152, 0.004080294428341792526, 0.004487898759258288767, 0.004895503090174783273, 0.005303107421091279514, 0.005710711752007774887, 0.006118316082924270261, 0.006525920413840765634 ),
 .UNSPECIFIED. ) ;
#2975 = ORIENTED_EDGE ( 'NONE', *, *, #3099, .T. ) ;
#2976 = DIRECTION ( 'NONE',  ( 1.807003620809174262E-17, 1.000000000000000000, -0.000000000000000000 ) ) ;
#2977 = EDGE_CURVE ( 'NONE', #995, #661, #954, .T. ) ;
#2978 = VECTOR ( 'NONE', #2221, 1000.000000000000000 ) ;
#2979 = DIRECTION ( 'NONE',  ( -0.000000000000000000, -0.000000000000000000, 1.000000000000000000 ) ) ;
#2980 = DIRECTION ( 'NONE',  ( 0.000000000000000000, 0.000000000000000000, 1.000000000000000000 ) ) ;
#2981 = ORIENTED_EDGE ( 'NONE', *, *, #4100, .F. ) ;
#2982 = EDGE_CURVE ( 'NONE', #2920, #567, #2169, .T. ) ;
#2983 = EDGE_CURVE ( 'NONE', #4569, #1481, #3900, .T. ) ;
#2984 = CARTESIAN_POINT ( 'NONE',  ( 94.00000000000000000, -49.99999999999998579, 103.9999999999999858 ) ) ;
#2985 = CARTESIAN_POINT ( 'NONE',  ( -36.99999999999998579, -55.00000000000000000, 105.9999999999999858 ) ) ;
#2986 = ORIENTED_EDGE ( 'NONE', *, *, #2840, .T. ) ;
#2987 = EDGE_CURVE ( 'NONE', #2297, #4146, #3922, .T. ) ;
#2988 = DIRECTION ( 'NONE',  ( 1.000000000000000000, -0.000000000000000000, -0.000000000000000000 ) ) ;
#2989 = CARTESIAN_POINT ( 'NONE',  ( 101.0050278401555488, -68.85895827838412231, 104.9193501258490357 ) ) ;
#2990 = CARTESIAN_POINT ( 'NONE',  ( 106.8975901123435648, -15.98617446182310253, 104.7876532887341909 ) ) ;
#2991 = LINE ( 'NONE', #4371, #3084 ) ;
#2992 = EDGE_LOOP ( 'NONE', ( #2630, #1465 ) ) ;
#2993 = ORIENTED_EDGE ( 'NONE', *, *, #1585, .F. ) ;
#2994 = DIRECTION ( 'NONE',  ( -1.000000000000000000, 0.000000000000000000, 0.000000000000000000 ) ) ;
#2995 = VECTOR ( 'NONE', #4306, 1000.000000000000000 ) ;
#2996 = DIRECTION ( 'NONE',  ( 0.000000000000000000, 0.000000000000000000, 1.000000000000000000 ) ) ;
#2997 = LINE ( 'NONE', #3022, #4275 ) ;
#2998 = VERTEX_POINT ( 'NONE', #3172 ) ;
#2999 = VERTEX_POINT ( 'NONE', #358 ) ;
#3000 = CARTESIAN_POINT ( 'NONE',  ( 5.000000000000018652, -10.00000000000000000, 104.0000000000000000 ) ) ;
#3001 = VECTOR ( 'NONE', #3789, 1000.000000000000000 ) ;
#3002 = DIRECTION ( 'NONE',  ( -1.000000000000000000, 0.000000000000000000, 0.000000000000000000 ) ) ;
#3003 = CARTESIAN_POINT ( 'NONE',  ( -34.99999999999998579, -72.00000000000000000, 99.99999999999998579 ) ) ;
#3004 = ORIENTED_EDGE ( 'NONE', *, *, #3814, .T. ) ;
#3005 = AXIS2_PLACEMENT_3D ( 'NONE', #2749, #589, #918 ) ;
#3006 = DIRECTION ( 'NONE',  ( -0.000000000000000000, -0.000000000000000000, 1.000000000000000000 ) ) ;
#3007 = CARTESIAN_POINT ( 'NONE',  ( -29.99999999999999289, -40.00000000000000000, 105.0000000000003126 ) ) ;
#3008 = ORIENTED_EDGE ( 'NONE', *, *, #622, .F. ) ;
#3009 = EDGE_CURVE ( 'NONE', #2682, #2428, #2847, .T. ) ;
#3010 = FACE_BOUND ( 'NONE', #2154, .T. ) ;
#3011 = LINE ( 'NONE', #3311, #2640 ) ;
#3012 = ADVANCED_FACE ( 'NONE', ( #1776, #2541, #3966, #4271, #1103, #3592 ), #2520, .T. ) ;
#3013 = CARTESIAN_POINT ( 'NONE',  ( 106.7150858338194013, -64.01351164586959896, 105.3052575534168795 ) ) ;
#3014 = CARTESIAN_POINT ( 'NONE',  ( 83.00000000000002842, -11.99999999999999645, 106.9999999999999858 ) ) ;
#3015 = AXIS2_PLACEMENT_3D ( 'NONE', #2480, #1540, #3946 ) ;
#3016 = VECTOR ( 'NONE', #3247, 1000.000000000000000 ) ;
#3017 = VERTEX_POINT ( 'NONE', #775 ) ;
#3018 = ORIENTED_EDGE ( 'NONE', *, *, #330, .F. ) ;
#3019 = DIRECTION ( 'NONE',  ( 0.000000000000000000, -1.000000000000000000, 0.000000000000000000 ) ) ;
#3020 = CIRCLE ( 'NONE', #3940, 1.000000000000000888 ) ;
#3021 = DIRECTION ( 'NONE',  ( 1.000000000000000000, -0.000000000000000000, -0.000000000000000000 ) ) ;
#3022 = CARTESIAN_POINT ( 'NONE',  ( -36.99999999999998579, -66.99999999999998579, 105.9999999999999858 ) ) ;
#3023 = EDGE_LOOP ( 'NONE', ( #493, #835, #4597, #2364 ) ) ;
#3024 = ORIENTED_EDGE ( 'NONE', *, *, #1536, .F. ) ;
#3025 = CARTESIAN_POINT ( 'NONE',  ( 104.3927698597734235, -66.13092328659112695, 106.9999999999999858 ) ) ;
#3026 = AXIS2_PLACEMENT_3D ( 'NONE', #3711, #3645, #4041 ) ;
#3027 = DIRECTION ( 'NONE',  ( 0.000000000000000000, 0.000000000000000000, -1.000000000000000000 ) ) ;
#3028 = ORIENTED_EDGE ( 'NONE', *, *, #3956, .T. ) ;
#3029 = VECTOR ( 'NONE', #3546, 1000.000000000000000 ) ;
#3030 = CARTESIAN_POINT ( 'NONE',  ( 110.0000000000000142, -66.99999999999998579, 109.9999999999999858 ) ) ;
#3031 = CARTESIAN_POINT ( 'NONE',  ( 110.0000000000000000, -49.99999999999998579, 99.99999999999998579 ) ) ;
#3032 = VERTEX_POINT ( 'NONE', #2500 ) ;
#3033 = CARTESIAN_POINT ( 'NONE',  ( 106.7201586380216582, -5.971117195008274869, 105.2736915636220942 ) ) ;
#3034 = CARTESIAN_POINT ( 'NONE',  ( 106.9936923020593866, -14.36151076500981461, 104.2185113105283136 ) ) ;
#3035 = EDGE_CURVE ( 'NONE', #919, #2763, #1084, .T. ) ;
#3036 = CARTESIAN_POINT ( 'NONE',  ( 106.4048958740677762, -15.61691430280136750, 105.7965305847017845 ) ) ;
#3037 = DIRECTION ( 'NONE',  ( 0.000000000000000000, -1.000000000000000000, 0.000000000000000000 ) ) ;
#3038 = ORIENTED_EDGE ( 'NONE', *, *, #221, .T. ) ;
#3039 = EDGE_CURVE ( 'NONE', #2323, #829, #3545, .T. ) ;
#3040 = DIRECTION ( 'NONE',  ( -1.000000000000000000, -0.000000000000000000, 2.312964634635740294E-15 ) ) ;
#3041 = AXIS2_PLACEMENT_3D ( 'NONE', #647, #2016, #2690 ) ;
#3042 = CARTESIAN_POINT ( 'NONE',  ( 83.00000000000002842, -11.99999999999999645, 106.9999999999999858 ) ) ;
#3043 = ADVANCED_FACE ( 'NONE', ( #424 ), #1451, .F. ) ;
#3044 = CARTESIAN_POINT ( 'NONE',  ( -39.99999999999998579, -65.99999999999998579, 106.9999999999999858 ) ) ;
#3045 = ORIENTED_EDGE ( 'NONE', *, *, #1702, .T. ) ;
#3046 = CIRCLE ( 'NONE', #2894, 1.000000000000000888 ) ;
#3047 = ORIENTED_EDGE ( 'NONE', *, *, #4531, .T. ) ;
#3048 = CARTESIAN_POINT ( 'NONE',  ( 99.38308569719863783, -68.40489587406776195, 105.7965305847017987 ) ) ;
#3049 = CARTESIAN_POINT ( 'NONE',  ( 104.2617478952330146, -66.78524368569932790, 106.9219180164926684 ) ) ;
#3050 = DIRECTION ( 'NONE',  ( 1.000000000000000000, 0.000000000000000000, 0.000000000000000000 ) ) ;
#3051 = EDGE_LOOP ( 'NONE', ( #4218, #4378, #2589, #4412 ) ) ;
#3052 = DIRECTION ( 'NONE',  ( 1.000000000000000000, -0.000000000000000000, -0.000000000000000000 ) ) ;
#3053 = CARTESIAN_POINT ( 'NONE',  ( 110.0000000000000142, -66.99999999999998579, 109.9999999999999858 ) ) ;
#3054 = EDGE_LOOP ( 'NONE', ( #2350, #2542, #181, #272 ) ) ;
#3055 = FACE_OUTER_BOUND ( 'NONE', #1714, .T. ) ;
#3056 = CARTESIAN_POINT ( 'NONE',  ( 30.50000000000003553, -11.99999999999999645, 106.9999999999999858 ) ) ;
#3057 = CYLINDRICAL_SURFACE ( 'NONE', #1911, 3.000000000000002665 ) ;
#3058 = AXIS2_PLACEMENT_3D ( 'NONE', #1514, #4060, #4409 ) ;
#3059 = CARTESIAN_POINT ( 'NONE',  ( 104.5857864376269220, -67.75735931288070901, 106.9999999999999858 ) ) ;
#3060 = ORIENTED_EDGE ( 'NONE', *, *, #3343, .T. ) ;
#3061 = EDGE_CURVE ( 'NONE', #1906, #3032, #1473, .T. ) ;
#3062 = CYLINDRICAL_SURFACE ( 'NONE', #1627, 3.000000000000002665 ) ;
#3063 = CARTESIAN_POINT ( 'NONE',  ( -29.99999999999999645, -30.00000000000000000, 104.0000000000003126 ) ) ;
#3064 = EDGE_CURVE ( 'NONE', #1916, #3632, #2287, .T. ) ;
#3065 = DIRECTION ( 'NONE',  ( -0.000000000000000000, 1.000000000000000000, -0.000000000000000000 ) ) ;
#3066 = ORIENTED_EDGE ( 'NONE', *, *, #2893, .F. ) ;
#3067 = VERTEX_POINT ( 'NONE', #4296 ) ;
#3068 = EDGE_CURVE ( 'NONE', #2129, #105, #3944, .T. ) ;
#3069 = CARTESIAN_POINT ( 'NONE',  ( 106.2360679774997720, -38.00000000000000000, 106.0000000000000142 ) ) ;
#3070 = B_SPLINE_CURVE_WITH_KNOTS ( 'NONE', 3,
 ( #4366, #1173, #1583, #3307, #1864, #1888, #115, #801, #2633, #4438, #444, #139, #1563, #1543 ),
 .UNSPECIFIED., .F., .F.,
 ( 4, 2, 2, 2, 2, 2, 4 ),
 ( 0.004184944387221362083, 0.005035611543827265071, 0.005886278700433168060, 0.006311612278736119554, 0.006736945857039071048, 0.007162279435342022542, 0.007587613013644974036 ),
 .UNSPECIFIED. ) ;
#3072 = AXIS2_PLACEMENT_3D ( 'NONE', #3103, #1988, #2367 ) ;
#3071 = CARTESIAN_POINT ( 'NONE',  ( 65.00000000000001421, 0.000000000000000000, 106.0000000000000000 ) ) ;
#3073 = FACE_BOUND ( 'NONE', #3270, .T. ) ;
#3074 = VERTEX_POINT ( 'NONE', #3878 ) ;
#3075 = ORIENTED_EDGE ( 'NONE', *, *, #2448, .T. ) ;
#3076 = EDGE_LOOP ( 'NONE', ( #2719, #909, #1651, #1998 ) ) ;
#3077 = FACE_OUTER_BOUND ( 'NONE', #714, .T. ) ;
#3078 = CARTESIAN_POINT ( 'NONE',  ( 86.00000000000001421, -3.000000000000002220, 99.99999999999998579 ) ) ;
#3079 = AXIS2_PLACEMENT_3D ( 'NONE', #2843, #3588, #306 ) ;
#3080 = CARTESIAN_POINT ( 'NONE',  ( 100.0000000000000142, -61.99999999999999289, 106.0000000000000000 ) ) ;
#3081 = DIRECTION ( 'NONE',  ( 0.000000000000000000, 0.000000000000000000, 1.000000000000000000 ) ) ;
#3082 = CARTESIAN_POINT ( 'NONE',  ( 106.9936607278121841, -30.63932977172264671, 104.2191326216288587 ) ) ;
#3083 = DIRECTION ( 'NONE',  ( 0.000000000000000000, 0.000000000000000000, -1.000000000000000000 ) ) ;
#3084 = VECTOR ( 'NONE', #1873, 1000.000000000000000 ) ;
#3085 = EDGE_LOOP ( 'NONE', ( #879, #4519, #368, #2450 ) ) ;
#3086 = VECTOR ( 'NONE', #1498, 1000.000000000000000 ) ;
#3087 = CARTESIAN_POINT ( 'NONE',  ( 92.24264068711930520, -41.99999999999999289, 106.9999999999999858 ) ) ;
#3088 = DIRECTION ( 'NONE',  ( 1.807003620809174262E-17, 1.000000000000000000, -0.000000000000000000 ) ) ;
#3089 = AXIS2_PLACEMENT_3D ( 'NONE', #351, #2075, #631 ) ;
#3090 = VERTEX_POINT ( 'NONE', #1515 ) ;
#3091 = EDGE_LOOP ( 'NONE', ( #4427, #3954, #3932, #414 ) ) ;
#3092 = ORIENTED_EDGE ( 'NONE', *, *, #2871, .T. ) ;
#3093 = AXIS2_PLACEMENT_3D ( 'NONE', #4285, #1533, #413 ) ;
#3094 = DIRECTION ( 'NONE',  ( 1.000000000000000000, 0.000000000000000000, 0.000000000000000000 ) ) ;
#3095 = CARTESIAN_POINT ( 'NONE',  ( -39.99999999999999289, -30.00000000000000000, 105.0000000000003411 ) ) ;
#3096 = DIRECTION ( 'NONE',  ( -1.927470528863119049E-16, 1.000000000000000000, 0.000000000000000000 ) ) ;
#3097 = ORIENTED_EDGE ( 'NONE', *, *, #3582, .F. ) ;
#3098 = ORIENTED_EDGE ( 'NONE', *, *, #2310, .T. ) ;
#3099 = EDGE_CURVE ( 'NONE', #1784, #2546, #1915, .T. ) ;
#3100 = AXIS2_PLACEMENT_3D ( 'NONE', #2, #379, #333 ) ;
#3101 = FACE_OUTER_BOUND ( 'NONE', #1322, .T. ) ;
#3102 = CARTESIAN_POINT ( 'NONE',  ( 86.00000000000001421, -36.99999999999998579, 99.99999999999998579 ) ) ;
#3103 = CARTESIAN_POINT ( 'NONE',  ( 100.0000000000000142, -55.00000000000000000, 105.0000000000000000 ) ) ;
#3104 = CARTESIAN_POINT ( 'NONE',  ( 33.00000000000002842, -11.99999999999999645, 109.9999999999999858 ) ) ;
#3105 = FACE_OUTER_BOUND ( 'NONE', #1609, .T. ) ;
#3106 = CARTESIAN_POINT ( 'NONE',  ( 0.000000000000000000, -72.00000000000000000, 0.000000000000000000 ) ) ;
#3107 = VERTEX_POINT ( 'NONE', #2266 ) ;
#3108 = CARTESIAN_POINT ( 'NONE',  ( 94.00000000000000000, -5.999999999999998224, 99.99999999999998579 ) ) ;
#3109 = DIRECTION ( 'NONE',  ( 0.000000000000000000, -1.000000000000000000, 0.000000000000000000 ) ) ;
#3110 = CYLINDRICAL_SURFACE ( 'NONE', #3239, 2.500000000000002220 ) ;
#3111 = CARTESIAN_POINT ( 'NONE',  ( -34.99999999999998579, -68.99999999999998579, 105.9999999999999858 ) ) ;
#3112 = EDGE_LOOP ( 'NONE', ( #4238, #2170, #1806, #113 ) ) ;
#3113 = ORIENTED_EDGE ( 'NONE', *, *, #1931, .T. ) ;
#3114 = DIRECTION ( 'NONE',  ( 0.000000000000000000, 0.000000000000000000, 1.000000000000000000 ) ) ;
#3115 = LINE ( 'NONE', #1347, #165 ) ;
#3116 = CYLINDRICAL_SURFACE ( 'NONE', #3089, 28.00000000000000000 ) ;
#3117 = ORIENTED_EDGE ( 'NONE', *, *, #1188, .F. ) ;
#3118 = VERTEX_POINT ( 'NONE', #3992 ) ;
#3119 = DIRECTION ( 'NONE',  ( 0.000000000000000000, 0.000000000000000000, -1.000000000000000000 ) ) ;
#3120 = DIRECTION ( 'NONE',  ( -1.000000000000000000, 0.000000000000000000, 2.312964634635740294E-15 ) ) ;
#3121 = EDGE_CURVE ( 'NONE', #4188, #95, #3070, .T. ) ;
#3122 = EDGE_CURVE ( 'NONE', #2657, #3118, #2935, .T. ) ;
#3123 = LINE ( 'NONE', #3256, #463 ) ;
#3124 = DIRECTION ( 'NONE',  ( 0.000000000000000000, 0.000000000000000000, -1.000000000000000000 ) ) ;
#3125 = AXIS2_PLACEMENT_3D ( 'NONE', #2638, #1128, #1545 ) ;
#3126 = CARTESIAN_POINT ( 'NONE',  ( -36.99999999999998579, -40.00000000000000000, 105.0000000000003268 ) ) ;
#3127 = DIRECTION ( 'NONE',  ( 0.000000000000000000, 0.000000000000000000, 1.000000000000000000 ) ) ;
#3128 = EDGE_LOOP ( 'NONE', ( #3776, #74 ) ) ;
#3129 = DIRECTION ( 'NONE',  ( 0.000000000000000000, 0.000000000000000000, -1.000000000000000000 ) ) ;
#3130 = AXIS2_PLACEMENT_3D ( 'NONE', #2984, #1196, #85 ) ;
#3131 = CARTESIAN_POINT ( 'NONE',  ( -27.49999999999997513, -11.99999999999999645, 106.9999999999999858 ) ) ;
#3132 = CLOSED_SHELL ( 'NONE', ( #2643, #3462, #3236, #1680, #2727, #4128, #600, #1134, #3467, #789, #13, #561, #3152, #2753, #3751, #1333, #1846, #4586, #2238, #1309, #24, #4413, #4299, #2732, #1502, #3494, #2360, #1033, #1897, #4614, #241, #4605, #906, #3698, #2789, #593, #395, #765, #3012, #2078, #2183, #1634, #4117, #657, #3832, #4320, #1138, #3320, #3722, #1667, #1475, #598, #4010, #3867, #1820, #4440, #3984, #1618, #103, #4187, #2637, #1163, #1610, #1131, #2635, #3841, #4217, #4376, #2473, #1838, #3520, #796, #2842, #1195, #1415, #446, #1952, #768, #886, #4529, #3409, #1559, #309, #1056, #4355, #2876, #857, #1809, #1277, #4408, #2187, #46, #1493, #1612, #4166, #663, #4212, #193, #732, #2844, #2552, #2895, #3208, #2469, #1221, #3497, #4246, #2128, #651, #1926, #1153, #1869, #2451, #2010, #3043, #881, #2303, #510, #1866, #3748, #2924, #1676, #996, #2335, #155, #2668, #1106, #2279, #2365 ) ) ;
#3133 = LINE ( 'NONE', #1000, #3542 ) ;
#3134 = SURFACE_STYLE_FILL_AREA ( #3508 ) ;
#3135 = ORIENTED_EDGE ( 'NONE', *, *, #625, .F. ) ;
#3136 = ORIENTED_EDGE ( 'NONE', *, *, #3559, .T. ) ;
#3137 = DIRECTION ( 'NONE',  ( 0.000000000000000000, 0.000000000000000000, 1.000000000000000000 ) ) ;
#3138 = CARTESIAN_POINT ( 'NONE',  ( 104.0000000000000142, -49.99999999999998579, 106.9999999999999858 ) ) ;
#3139 = DIRECTION ( 'NONE',  ( 1.000000000000000000, -0.000000000000000000, -0.000000000000000000 ) ) ;
#3140 = VERTEX_POINT ( 'NONE', #2985 ) ;
#3141 = VERTEX_POINT ( 'NONE', #2961 ) ;
#3142 = CARTESIAN_POINT ( 'NONE',  ( 20.00000000000003553, -11.99999999999999645, 99.99999999999998579 ) ) ;
#3143 = CARTESIAN_POINT ( 'NONE',  ( 22.50000000000002132, -6.000000000000000888, 105.9999999999999858 ) ) ;
#3144 = EDGE_CURVE ( 'NONE', #1350, #966, #604, .T. ) ;
#3145 = CARTESIAN_POINT ( 'NONE',  ( 106.9973156942203474, -38.52575064371125535, 104.1382964627071743 ) ) ;
#3146 = DIRECTION ( 'NONE',  ( 0.000000000000000000, 0.000000000000000000, -1.000000000000000000 ) ) ;
#3147 = CARTESIAN_POINT ( 'NONE',  ( 106.5884197527417285, -30.86174059526419455, 105.5218433066369386 ) ) ;
#3148 = DIRECTION ( 'NONE',  ( 1.000000000000000000, -0.000000000000000000, -0.000000000000000000 ) ) ;
#3149 = EDGE_CURVE ( 'NONE', #1491, #4286, #86, .T. ) ;
#3150 = VECTOR ( 'NONE', #1368, 1000.000000000000000 ) ;
#3151 = VERTEX_POINT ( 'NONE', #4389 ) ;
#3152 = ADVANCED_FACE ( 'NONE', ( #4013 ), #1197, .F. ) ;
#3153 = CYLINDRICAL_SURFACE ( 'NONE', #3596, 3.000000000000002665 ) ;
#3154 = CARTESIAN_POINT ( 'NONE',  ( -36.99999999999997868, -3.000000000000000000, 99.99999999999998579 ) ) ;
#3155 = CIRCLE ( 'NONE', #3005, 3.000000000000002665 ) ;
#3156 = SURFACE_STYLE_FILL_AREA ( #3811 ) ;
#3157 = VERTEX_POINT ( 'NONE', #2659 ) ;
#3158 = VERTEX_POINT ( 'NONE', #2912 ) ;
#3159 = PLANE ( 'NONE',  #3538 ) ;
#3160 = CIRCLE ( 'NONE', #1152, 2.500000000000002220 ) ;
#3161 = CARTESIAN_POINT ( 'NONE',  ( -39.99999999999998579, -67.99999999999998579, 105.9999999999999858 ) ) ;
#3162 = VECTOR ( 'NONE', #729, 1000.000000000000000 ) ;
#3163 = CYLINDRICAL_SURFACE ( 'NONE', #1379, 2.499999999999995115 ) ;
#3164 = AXIS2_PLACEMENT_3D ( 'NONE', #3532, #2832, #1787 ) ;
#3165 = CIRCLE ( 'NONE', #4139, 2.499999999999998668 ) ;
#3166 = ORIENTED_EDGE ( 'NONE', *, *, #69, .F. ) ;
#3167 = VECTOR ( 'NONE', #4350, 1000.000000000000000 ) ;
#3168 = CARTESIAN_POINT ( 'NONE',  ( 106.2360679774997863, -55.00000000000000000, 106.0000000000000000 ) ) ;
#3169 = LINE ( 'NONE', #4600, #1444 ) ;
#3170 = VECTOR ( 'NONE', #3659, 1000.000000000000000 ) ;
#3171 = DIRECTION ( 'NONE',  ( -1.000000000000000000, 0.000000000000000000, 0.000000000000000000 ) ) ;
#3172 = CARTESIAN_POINT ( 'NONE',  ( 86.00000000000001421, -68.99999999999998579, 99.99999999999998579 ) ) ;
#3173 = FACE_OUTER_BOUND ( 'NONE', #2267, .T. ) ;
#3174 = ORIENTED_EDGE ( 'NONE', *, *, #4007, .F. ) ;
#3175 = EDGE_CURVE ( 'NONE', #105, #1350, #2655, .T. ) ;
#3176 = FACE_OUTER_BOUND ( 'NONE', #175, .T. ) ;
#3177 = EDGE_CURVE ( 'NONE', #2778, #2534, #235, .T. ) ;
#3178 = CARTESIAN_POINT ( 'NONE',  ( 106.9545467547174979, -54.10424111007161940, 104.5359013896212872 ) ) ;
#3179 = CARTESIAN_POINT ( 'NONE',  ( -36.82842712474639058, -4.999999999999747757, 106.0000000000011227 ) ) ;
#3180 =( LENGTH_UNIT ( ) NAMED_UNIT ( * ) SI_UNIT ( .MILLI., .METRE. ) );
#3181 = EDGE_CURVE ( 'NONE', #2848, #84, #2804, .T. ) ;
#3182 = ORIENTED_EDGE ( 'NONE', *, *, #369, .T. ) ;
#3183 = ORIENTED_EDGE ( 'NONE', *, *, #3960, .T. ) ;
#3184 = EDGE_CURVE ( 'NONE', #302, #1945, #2561, .T. ) ;
#3185 = CYLINDRICAL_SURFACE ( 'NONE', #910, 2.500000000000002220 ) ;
#3186 = CYLINDRICAL_SURFACE ( 'NONE', #2403, 1.000000000000000888 ) ;
#3187 = CARTESIAN_POINT ( 'NONE',  ( 22.50000000000002132, -6.000000000000000888, 106.9999999999999858 ) ) ;
#3188 = ORIENTED_EDGE ( 'NONE', *, *, #1058, .T. ) ;
#3189 = VERTEX_POINT ( 'NONE', #2007 ) ;
#3190 = VECTOR ( 'NONE', #4170, 1000.000000000000000 ) ;
#3191 = CARTESIAN_POINT ( 'NONE',  ( 106.9723899862425327, -55.82464972876942255, 104.4182360921682431 ) ) ;
#3192 = FACE_OUTER_BOUND ( 'NONE', #1592, .T. ) ;
#3193 = VECTOR ( 'NONE', #226, 1000.000000000000000 ) ;
#3194 = CARTESIAN_POINT ( 'NONE',  ( 20.00000000000003553, -11.99999999999999645, 109.9999999999999858 ) ) ;
#3195 = DIRECTION ( 'NONE',  ( 0.000000000000000000, 0.000000000000000000, 1.000000000000000000 ) ) ;
#3196 = DIRECTION ( 'NONE',  ( -0.000000000000000000, 1.000000000000000000, -0.000000000000000000 ) ) ;
#3197 = ORIENTED_EDGE ( 'NONE', *, *, #1107, .T. ) ;
#3198 = DIRECTION ( 'NONE',  ( 0.000000000000000000, 0.000000000000000000, 1.000000000000000000 ) ) ;
#3199 = CARTESIAN_POINT ( 'NONE',  ( 106.9725781311756521, -54.17642986610095335, 104.4167973683872361 ) ) ;
#3200 = CARTESIAN_POINT ( 'NONE',  ( 110.0000000000000142, -30.00000000000000000, 106.0000000000000000 ) ) ;
#3201 = EDGE_CURVE ( 'NONE', #841, #1481, #1654, .T. ) ;
#3202 = EDGE_LOOP ( 'NONE', ( #1148, #4331, #3628, #1002 ) ) ;
#3203 = ORIENTED_EDGE ( 'NONE', *, *, #1107, .F. ) ;
#3204 = LINE ( 'NONE', #1435, #1016 ) ;
#3205 = CARTESIAN_POINT ( 'NONE',  ( 110.0000000000000000, -41.99999999999998579, 99.99999999999998579 ) ) ;
#3206 = EDGE_CURVE ( 'NONE', #931, #3886, #614, .T. ) ;
#3207 = FACE_BOUND ( 'NONE', #1765, .T. ) ;
#3208 = ADVANCED_FACE ( 'NONE', ( #1701 ), #2772, .F. ) ;
#3209 = EDGE_LOOP ( 'NONE', ( #1073, #1439, #1501, #4084 ) ) ;
#3210 = ORIENTED_EDGE ( 'NONE', *, *, #214, .F. ) ;
#3211 = EDGE_CURVE ( 'NONE', #2307, #1570, #3850, .T. ) ;
#3212 = CARTESIAN_POINT ( 'NONE',  ( 106.7637123023369981, -55.99274977412894572, 105.1748220554701021 ) ) ;
#3213 = CARTESIAN_POINT ( 'NONE',  ( 104.0000000000000142, -49.99999999999998579, 103.9999999999999858 ) ) ;
#3214 = LINE ( 'NONE', #357, #3249 ) ;
#3215 = VECTOR ( 'NONE', #3802, 1000.000000000000000 ) ;
#3216 = CARTESIAN_POINT ( 'NONE',  ( -39.99999999999999289, -30.00000000000000000, 106.0000000000003411 ) ) ;
#3217 = ORIENTED_EDGE ( 'NONE', *, *, #3578, .T. ) ;
#3218 = CARTESIAN_POINT ( 'NONE',  ( 22.50000000000003908, -68.99999999999998579, 105.9999999999999858 ) ) ;
#3219 = DIRECTION ( 'NONE',  ( 1.000000000000000000, -0.000000000000000000, -0.000000000000000000 ) ) ;
#3220 = CIRCLE ( 'NONE', #2259, 3.000000000000002665 ) ;
#3221 = PLANE ( 'NONE',  #2379 ) ;
#3222 = DIRECTION ( 'NONE',  ( 0.000000000000000000, 0.000000000000000000, 1.000000000000000000 ) ) ;
#3223 = ORIENTED_EDGE ( 'NONE', *, *, #4155, .T. ) ;
#3224 = EDGE_LOOP ( 'NONE', ( #4237, #2086 ) ) ;
#3225 = CIRCLE ( 'NONE', #1227, 3.000000000000002665 ) ;
#3226 = DIRECTION ( 'NONE',  ( -1.000000000000000000, 0.000000000000000000, 0.000000000000000000 ) ) ;
#3227 = AXIS2_PLACEMENT_3D ( 'NONE', #905, #1925, #1258 ) ;
#3228 = LINE ( 'NONE', #700, #2995 ) ;
#3229 = CARTESIAN_POINT ( 'NONE',  ( 27.50000000000002487, -6.000000000000001776, 106.9999999999999858 ) ) ;
#3230 = VERTEX_POINT ( 'NONE', #4484 ) ;
#3231 = EDGE_LOOP ( 'NONE', ( #3771, #3297, #3492, #1085 ) ) ;
#3232 = VECTOR ( 'NONE', #376, 1000.000000000000000 ) ;
#3233 = CARTESIAN_POINT ( 'NONE',  ( 106.8467783028457490, -66.94892610094878194, 104.9666470014585542 ) ) ;
#3235 = EDGE_LOOP ( 'NONE', ( #2328, #1317, #3741, #4395 ) ) ;
#3234 = CIRCLE ( 'NONE', #1235, 2.999999999999999112 ) ;
#3236 = ADVANCED_FACE ( 'NONE', ( #3401 ), #188, .F. ) ;
#3237 = CARTESIAN_POINT ( 'NONE',  ( 30.50000000000003908, -65.99999999999998579, 99.99999999999998579 ) ) ;
#3238 = CIRCLE ( 'NONE', #1238, 2.999999999999999112 ) ;
#3239 = AXIS2_PLACEMENT_3D ( 'NONE', #295, #1665, #1241 ) ;
#3240 = EDGE_CURVE ( 'NONE', #3151, #1366, #93, .T. ) ;
#3241 = DIRECTION ( 'NONE',  ( 1.000000000000000000, 0.000000000000000000, 0.000000000000000000 ) ) ;
#3242 = CARTESIAN_POINT ( 'NONE',  ( -36.99999999999998579, -66.99999999999998579, 99.99999999999998579 ) ) ;
#3243 = EDGE_LOOP ( 'NONE', ( #4119, #4548, #1093, #4470, #3707, #4245, #4153 ) ) ;
#3244 = CARTESIAN_POINT ( 'NONE',  ( 22.50000000000002132, -3.000000000000000888, 105.9999999999999858 ) ) ;
#3245 = FACE_OUTER_BOUND ( 'NONE', #1495, .T. ) ;
#3246 = VECTOR ( 'NONE', #667, 1000.000000000000000 ) ;
#3247 = DIRECTION ( 'NONE',  ( 0.000000000000000000, 0.000000000000000000, -1.000000000000000000 ) ) ;
#3248 = ORIENTED_EDGE ( 'NONE', *, *, #443, .F. ) ;
#3249 = VECTOR ( 'NONE', #1471, 1000.000000000000000 ) ;
#3250 = VERTEX_POINT ( 'NONE', #3078 ) ;
#3251 = CARTESIAN_POINT ( 'NONE',  ( 83.00000000000004263, -62.00000000000000000, 99.99999999999998579 ) ) ;
#3252 = CARTESIAN_POINT ( 'NONE',  ( -29.99999999999998579, -68.99999999999998579, 105.9999999999999858 ) ) ;
#3253 = CARTESIAN_POINT ( 'NONE',  ( 30.50000000000003908, -67.99999999999998579, 106.9999999999999858 ) ) ;
#3254 = ORIENTED_EDGE ( 'NONE', *, *, #3430, .T. ) ;
#3255 = ORIENTED_EDGE ( 'NONE', *, *, #3327, .F. ) ;
#3256 = CARTESIAN_POINT ( 'NONE',  ( -39.99999999999997868, 0.000000000000000000, 109.9999999999999858 ) ) ;
#3257 = CARTESIAN_POINT ( 'NONE',  ( -34.99999999999998579, -68.99999999999998579, 105.9999999999999858 ) ) ;
#3258 = EDGE_CURVE ( 'NONE', #2999, #1204, #1591, .T. ) ;
#3259 = VECTOR ( 'NONE', #2372, 1000.000000000000000 ) ;
#3260 = CARTESIAN_POINT ( 'NONE',  ( -36.82842712474639058, -4.999999999999747757, 106.0000000000011227 ) ) ;
#3261 = EDGE_CURVE ( 'NONE', #4604, #1366, #3155, .T. ) ;
#3262 = CARTESIAN_POINT ( 'NONE',  ( -39.99999999999999289, -65.00000000000000000, 105.0000000000003553 ) ) ;
#3263 = ORIENTED_EDGE ( 'NONE', *, *, #3061, .T. ) ;
#3264 = AXIS2_PLACEMENT_3D ( 'NONE', #3505, #4190, #927 ) ;
#3265 = EDGE_CURVE ( 'NONE', #4407, #4031, #1886, .T. ) ;
#3266 = DIRECTION ( 'NONE',  ( -0.000000000000000000, -1.000000000000000000, -0.000000000000000000 ) ) ;
#3267 = DIRECTION ( 'NONE',  ( -0.000000000000000000, 1.000000000000000000, -0.000000000000000000 ) ) ;
#3268 = LINE ( 'NONE', #3997, #421 ) ;
#3269 = VERTEX_POINT ( 'NONE', #3423 ) ;
#3270 = EDGE_LOOP ( 'NONE', ( #3961, #3329 ) ) ;
#3271 = DIRECTION ( 'NONE',  ( 1.000000000000000000, -0.000000000000000000, -0.000000000000000000 ) ) ;
#3272 = DIRECTION ( 'NONE',  ( -1.000000000000000000, -0.000000000000000000, 2.312964634635740294E-15 ) ) ;
#3273 = CARTESIAN_POINT ( 'NONE',  ( 94.00000000000000000, -65.99999999999998579, 103.9999999999999858 ) ) ;
#3274 = EDGE_LOOP ( 'NONE', ( #2096, #1418, #3967, #3188 ) ) ;
#3275 = VERTEX_POINT ( 'NONE', #4509 ) ;
#3276 = DIRECTION ( 'NONE',  ( 0.000000000000000000, 0.000000000000000000, -1.000000000000000000 ) ) ;
#3277 = CIRCLE ( 'NONE', #4182, 1.000000000000000888 ) ;
#3278 = DIRECTION ( 'NONE',  ( -0.000000000000000000, 1.000000000000000000, -0.000000000000000000 ) ) ;
#3279 = ORIENTED_EDGE ( 'NONE', *, *, #4528, .F. ) ;
#3280 = FACE_OUTER_BOUND ( 'NONE', #2188, .T. ) ;
#3281 = EDGE_CURVE ( 'NONE', #4020, #3118, #665, .T. ) ;
#3282 = DIRECTION ( 'NONE',  ( -0.000000000000000000, -0.000000000000000000, 1.000000000000000000 ) ) ;
#3283 = ORIENTED_EDGE ( 'NONE', *, *, #798, .F. ) ;
#3284 = CARTESIAN_POINT ( 'NONE',  ( -29.99999999999997513, -11.99999999999999645, 106.9999999999999858 ) ) ;
#3285 = ORIENTED_EDGE ( 'NONE', *, *, #3979, .F. ) ;
#3286 = CARTESIAN_POINT ( 'NONE',  ( 106.9973156942203474, -65.52575064371129088, 104.1382964627071743 ) ) ;
#3287 = EDGE_CURVE ( 'NONE', #975, #966, #3801, .T. ) ;
#3288 = DIRECTION ( 'NONE',  ( 0.000000000000000000, 0.000000000000000000, 1.000000000000000000 ) ) ;
#3289 = CARTESIAN_POINT ( 'NONE',  ( -29.99999999999998934, -65.00000000000000000, 106.0000000000003268 ) ) ;
#3290 = ORIENTED_EDGE ( 'NONE', *, *, #571, .F. ) ;
#3291 = ORIENTED_EDGE ( 'NONE', *, *, #366, .F. ) ;
#3292 = EDGE_CURVE ( 'NONE', #537, #3464, #1663, .T. ) ;
#3293 = DIRECTION ( 'NONE',  ( 1.000000000000000000, 0.000000000000000000, 0.000000000000000000 ) ) ;
#3294 = DIRECTION ( 'NONE',  ( -1.000000000000000000, 0.000000000000000000, 2.312964634635740294E-15 ) ) ;
#3295 = DIRECTION ( 'NONE',  ( 1.000000000000000000, 0.000000000000000000, 0.000000000000000000 ) ) ;
#3296 = ORIENTED_EDGE ( 'NONE', *, *, #3928, .F. ) ;
#3297 = ORIENTED_EDGE ( 'NONE', *, *, #2548, .F. ) ;
#3298 = AXIS2_PLACEMENT_3D ( 'NONE', #566, #210, #4202 ) ;
#3299 = VECTOR ( 'NONE', #481, 1000.000000000000000 ) ;
#3300 = CARTESIAN_POINT ( 'NONE',  ( 91.00000000000000000, -44.99999999999999289, 109.9999999999999858 ) ) ;
#3301 = DIRECTION ( 'NONE',  ( 0.000000000000000000, 0.000000000000000000, -1.000000000000000000 ) ) ;
#3302 = VECTOR ( 'NONE', #3313, 1000.000000000000000 ) ;
#3303 = CARTESIAN_POINT ( 'NONE',  ( 83.00000000000004263, -62.00000000000000000, 106.9999999999999858 ) ) ;
#3304 = EDGE_LOOP ( 'NONE', ( #1668, #4373, #2953, #4092 ) ) ;
#3305 = CIRCLE ( 'NONE', #3607, 1.000000000000000888 ) ;
#3306 = CARTESIAN_POINT ( 'NONE',  ( 25.50000000000002132, -6.000000000000000000, 99.99999999999998579 ) ) ;
#3307 = CARTESIAN_POINT ( 'NONE',  ( 106.3154363279148527, -4.125775400954252881, 104.4552535294757121 ) ) ;
#3308 = EDGE_LOOP ( 'NONE', ( #1534, #1969, #3938, #2796 ) ) ;
#3309 = VECTOR ( 'NONE', #1464, 1000.000000000000000 ) ;
#3310 = DIRECTION ( 'NONE',  ( -0.000000000000000000, -0.000000000000000000, 1.000000000000000000 ) ) ;
#3311 = CARTESIAN_POINT ( 'NONE',  ( 110.0000000000000000, -49.99999999999998579, 109.9999999999999858 ) ) ;
#3312 = CARTESIAN_POINT ( 'NONE',  ( -36.26448697574056723, -4.030983833640444658, 104.7190424807529041 ) ) ;
#3313 = DIRECTION ( 'NONE',  ( -1.000000000000000000, -0.000000000000000000, 2.312964634635740294E-15 ) ) ;
#3314 = ORIENTED_EDGE ( 'NONE', *, *, #366, .T. ) ;
#3315 = ORIENTED_EDGE ( 'NONE', *, *, #4524, .F. ) ;
#3316 = EDGE_CURVE ( 'NONE', #3269, #2795, #2405, .T. ) ;
#3317 = CYLINDRICAL_SURFACE ( 'NONE', #3383, 1.000000000000000888 ) ;
#3318 = CIRCLE ( 'NONE', #4226, 1.000000000000000888 ) ;
#3319 = DIRECTION ( 'NONE',  ( 0.000000000000000000, 0.000000000000000000, -1.000000000000000000 ) ) ;
#3320 = ADVANCED_FACE ( 'NONE', ( #637 ), #2058, .T. ) ;
#3321 = DIRECTION ( 'NONE',  ( 0.000000000000000000, 0.000000000000000000, -1.000000000000000000 ) ) ;
#3322 = ORIENTED_EDGE ( 'NONE', *, *, #4386, .F. ) ;
#3323 = ORIENTED_EDGE ( 'NONE', *, *, #3718, .T. ) ;
#3324 = EDGE_CURVE ( 'NONE', #4390, #523, #3745, .T. ) ;
#3325 = CARTESIAN_POINT ( 'NONE',  ( 104.7951076302122289, -68.38532289063701342, 105.8299693548732279 ) ) ;
#3326 = CARTESIAN_POINT ( 'NONE',  ( 100.0000000000000142, -3.763932022500229291, 106.0000000000000000 ) ) ;
#3327 = EDGE_CURVE ( 'NONE', #2428, #2307, #177, .T. ) ;
#3328 = LINE ( 'NONE', #1756, #781 ) ;
#3329 = ORIENTED_EDGE ( 'NONE', *, *, #3181, .F. ) ;
#3330 = DIRECTION ( 'NONE',  ( 0.000000000000000000, 0.000000000000000000, -1.000000000000000000 ) ) ;
#3331 = CARTESIAN_POINT ( 'NONE',  ( 30.50000000000003553, -11.99999999999999645, 99.99999999999998579 ) ) ;
#3332 = ORIENTED_EDGE ( 'NONE', *, *, #3554, .T. ) ;
#3333 = CARTESIAN_POINT ( 'NONE',  ( 80.50000000000004263, -62.00000000000000000, 109.9999999999999858 ) ) ;
#3334 = ORIENTED_EDGE ( 'NONE', *, *, #2177, .T. ) ;
#3335 = DIRECTION ( 'NONE',  ( 1.000000000000000000, -0.000000000000000000, -0.000000000000000000 ) ) ;
#3336 = VECTOR ( 'NONE', #738, 1000.000000000000000 ) ;
#3337 = CARTESIAN_POINT ( 'NONE',  ( 22.50000000000003908, -62.00000000000000000, 106.9999999999999858 ) ) ;
#3338 = DIRECTION ( 'NONE',  ( 0.000000000000000000, -1.000000000000000000, 0.000000000000000000 ) ) ;
#3339 = ORIENTED_EDGE ( 'NONE', *, *, #502, .F. ) ;
#3340 = ORIENTED_EDGE ( 'NONE', *, *, #4007, .T. ) ;
#3341 = DIRECTION ( 'NONE',  ( -1.000000000000000000, -0.000000000000000000, -0.000000000000000000 ) ) ;
#3342 = DIRECTION ( 'NONE',  ( 0.000000000000000000, 0.000000000000000000, -1.000000000000000000 ) ) ;
#3343 = EDGE_CURVE ( 'NONE', #1851, #980, #4460, .T. ) ;
#3344 = CARTESIAN_POINT ( 'NONE',  ( 22.50000000000003553, -11.99999999999999645, 99.99999999999998579 ) ) ;
#3345 = ORIENTED_EDGE ( 'NONE', *, *, #2779, .T. ) ;
#3346 = ORIENTED_EDGE ( 'NONE', *, *, #4380, .F. ) ;
#3347 = CARTESIAN_POINT ( 'NONE',  ( 105.5039752219266802, -67.50397522192665178, 106.6782763149115425 ) ) ;
#3348 = CIRCLE ( 'NONE', #525, 1.000000000000000888 ) ;
#3349 = DIRECTION ( 'NONE',  ( 1.000000000000000000, 0.000000000000000000, 0.000000000000000000 ) ) ;
#3350 = EDGE_CURVE ( 'NONE', #2657, #975, #2114, .T. ) ;
#3351 = FACE_BOUND ( 'NONE', #3224, .T. ) ;
#3352 = ORIENTED_EDGE ( 'NONE', *, *, #133, .T. ) ;
#3353 = EDGE_CURVE ( 'NONE', #2251, #3141, #2856, .T. ) ;
#3354 = CIRCLE ( 'NONE', #638, 3.000000000000002665 ) ;
#3355 = LINE ( 'NONE', #161, #3726 ) ;
#3356 = DIRECTION ( 'NONE',  ( -1.000000000000000000, -0.000000000000000000, 2.312964634635740294E-15 ) ) ;
#3357 = ORIENTED_EDGE ( 'NONE', *, *, #2648, .F. ) ;
#3358 = FACE_OUTER_BOUND ( 'NONE', #880, .T. ) ;
#3359 = DIRECTION ( 'NONE',  ( -0.000000000000000000, -0.000000000000000000, 1.000000000000000000 ) ) ;
#3360 = CARTESIAN_POINT ( 'NONE',  ( -36.41377420495975770, -4.215110484104358513, 104.3676273440066069 ) ) ;
#3361 = LINE ( 'NONE', #3289, #31 ) ;
#3362 = ORIENTED_EDGE ( 'NONE', *, *, #622, .T. ) ;
#3363 = ORIENTED_EDGE ( 'NONE', *, *, #1874, .T. ) ;
#3364 = CARTESIAN_POINT ( 'NONE',  ( -4.999999999999976907, -36.99999999999999289, 109.9999999999999858 ) ) ;
#3365 = CARTESIAN_POINT ( 'NONE',  ( 27.50000000000003908, -65.99999999999998579, 99.99999999999998579 ) ) ;
#3366 = CARTESIAN_POINT ( 'NONE',  ( 30.50000000000002487, -6.000000000000000888, 99.99999999999998579 ) ) ;
#3367 = ORIENTED_EDGE ( 'NONE', *, *, #221, .F. ) ;
#3368 = ORIENTED_EDGE ( 'NONE', *, *, #2448, .F. ) ;
#3369 = CARTESIAN_POINT ( 'NONE',  ( 106.3853228906370276, -66.79510763021221464, 105.8299693548732279 ) ) ;
#3370 = CARTESIAN_POINT ( 'NONE',  ( -36.99999999999997868, -3.000000000000000000, 103.9999999999999858 ) ) ;
#3371 = ORIENTED_EDGE ( 'NONE', *, *, #3175, .F. ) ;
#3372 = EDGE_CURVE ( 'NONE', #279, #50, #706, .T. ) ;
#3373 = AXIS2_PLACEMENT_3D ( 'NONE', #2072, #2354, #1302 ) ;
#3374 = CARTESIAN_POINT ( 'NONE',  ( -36.99999999999998579, -66.99999999999998579, 99.99999999999998579 ) ) ;
#3375 = CARTESIAN_POINT ( 'NONE',  ( 100.0000000000000142, -3.763932022500229291, 106.0000000000000000 ) ) ;
#3376 = EDGE_LOOP ( 'NONE', ( #3822, #4173 ) ) ;
#3377 = EDGE_CURVE ( 'NONE', #3107, #445, #1371, .T. ) ;
#3378 = UNCERTAINTY_MEASURE_WITH_UNIT (LENGTH_MEASURE( 1.000000000000000082E-05 ), #1691, 'distance_accuracy_value', 'NONE');
#3379 = CARTESIAN_POINT ( 'NONE',  ( 24.50000000000003908, -65.99999999999998579, 105.9999999999999858 ) ) ;
#3380 = VECTOR ( 'NONE', #109, 1000.000000000000000 ) ;
#3381 = CARTESIAN_POINT ( 'NONE',  ( 106.8589582783840939, -13.99497215984448140, 104.9193501258490073 ) ) ;
#3382 = CARTESIAN_POINT ( 'NONE',  ( -36.72487681667502102, -4.738103726387405068, 104.0266679183468455 ) ) ;
#3383 = AXIS2_PLACEMENT_3D ( 'NONE', #172, #3271, #77 ) ;
#3384 = CARTESIAN_POINT ( 'NONE',  ( -36.99999999999997868, -15.00000000000000000, 105.0000000000003411 ) ) ;
#3385 = AXIS2_PLACEMENT_3D ( 'NONE', #725, #1008, #2095 ) ;
#3386 = CIRCLE ( 'NONE', #788, 2.500000000000002220 ) ;
#3387 = ORIENTED_EDGE ( 'NONE', *, *, #2987, .T. ) ;
#3388 = FACE_OUTER_BOUND ( 'NONE', #151, .T. ) ;
#3389 = AXIS2_PLACEMENT_3D ( 'NONE', #4047, #3672, #1530 ) ;
#3390 = DIRECTION ( 'NONE',  ( 1.000000000000000000, 0.000000000000000000, 0.000000000000000000 ) ) ;
#3391 = LINE ( 'NONE', #2348, #1819 ) ;
#3392 = ORIENTED_EDGE ( 'NONE', *, *, #972, .F. ) ;
#3393 = ORIENTED_EDGE ( 'NONE', *, *, #684, .T. ) ;
#3394 = LINE ( 'NONE', #2604, #439 ) ;
#3395 = VECTOR ( 'NONE', #2126, 1000.000000000000000 ) ;
#3396 = DIRECTION ( 'NONE',  ( 0.000000000000000000, 0.000000000000000000, -1.000000000000000000 ) ) ;
#3397 = ORIENTED_EDGE ( 'NONE', *, *, #1725, .T. ) ;
#3398 = ORIENTED_EDGE ( 'NONE', *, *, #2273, .T. ) ;
#3399 = AXIS2_PLACEMENT_3D ( 'NONE', #1775, #731, #1102 ) ;
#3400 = DIRECTION ( 'NONE',  ( -0.000000000000000000, -0.000000000000000000, 1.000000000000000000 ) ) ;
#3401 = FACE_OUTER_BOUND ( 'NONE', #2134, .T. ) ;
#3402 = ORIENTED_EDGE ( 'NONE', *, *, #3555, .F. ) ;
#3403 = EDGE_CURVE ( 'NONE', #523, #3420, #4502, .T. ) ;
#3404 = EDGE_CURVE ( 'NONE', #676, #2297, #3517, .T. ) ;
#3405 = DIRECTION ( 'NONE',  ( 1.000000000000000000, 0.000000000000000000, 0.000000000000000000 ) ) ;
#3406 = DIRECTION ( 'NONE',  ( 1.000000000000000000, 0.000000000000000000, 0.000000000000000000 ) ) ;
#3407 = DIRECTION ( 'NONE',  ( -1.000000000000000000, 1.084202172485504681E-16, 0.000000000000000000 ) ) ;
#3408 = DIRECTION ( 'NONE',  ( 0.000000000000000000, -1.000000000000000000, 0.000000000000000000 ) ) ;
#3409 = ADVANCED_FACE ( 'NONE', ( #3192 ), #2122, .F. ) ;
#3410 = EDGE_LOOP ( 'NONE', ( #1111, #284, #1054, #1981 ) ) ;
#3411 = CARTESIAN_POINT ( 'NONE',  ( 91.00000000000002842, -5.999999999999998224, 99.99999999999998579 ) ) ;
#3412 = LINE ( 'NONE', #243, #3490 ) ;
#3413 = DIRECTION ( 'NONE',  ( -1.084202172485504681E-16, -1.000000000000000000, -0.000000000000000000 ) ) ;
#3414 = ORIENTED_EDGE ( 'NONE', *, *, #3211, .T. ) ;
#3415 = EDGE_LOOP ( 'NONE', ( #1693, #558, #393, #1243 ) ) ;
#3416 = AXIS2_PLACEMENT_3D ( 'NONE', #3161, #276, #2378 ) ;
#3417 = CARTESIAN_POINT ( 'NONE',  ( 106.2360679774997720, -37.86386992085733283, 106.0000000000000000 ) ) ;
#3418 = CARTESIAN_POINT ( 'NONE',  ( -36.99999999999998579, -40.00000000000000000, 105.9999999999999858 ) ) ;
#3419 = DIRECTION ( 'NONE',  ( -1.000000000000000000, 1.807003620809174262E-17, -0.000000000000000000 ) ) ;
#3420 = VERTEX_POINT ( 'NONE', #1377 ) ;
#3421 = ORIENTED_EDGE ( 'NONE', *, *, #2047, .F. ) ;
#3422 = CARTESIAN_POINT ( 'NONE',  ( -33.99999999999997158, -5.999999999999998224, 105.9999999999999858 ) ) ;
#3423 = CARTESIAN_POINT ( 'NONE',  ( 107.0000000000000142, -55.00000000000000000, 103.9999999999999858 ) ) ;
#3424 = DIRECTION ( 'NONE',  ( -1.927470528863119049E-16, 1.000000000000000000, 0.000000000000000000 ) ) ;
#3425 = DIRECTION ( 'NONE',  ( 0.000000000000000000, 0.000000000000000000, -1.000000000000000000 ) ) ;
#3426 = CARTESIAN_POINT ( 'NONE',  ( -36.99999999999997868, -30.00000000000000000, 105.0000000000003268 ) ) ;
#3427 = TOROIDAL_SURFACE ( 'NONE', #1349, 2.000000000000000000, 1.000000000000000000 ) ;
#3428 = DIRECTION ( 'NONE',  ( 0.000000000000000000, 1.000000000000000000, 0.000000000000000000 ) ) ;
#3429 = ORIENTED_EDGE ( 'NONE', *, *, #4321, .T. ) ;
#3430 = EDGE_CURVE ( 'NONE', #3605, #919, #3169, .T. ) ;
#3431 = CARTESIAN_POINT ( 'NONE',  ( 23.00000000000002487, -36.99999999999999289, 99.99999999999998579 ) ) ;
#3432 = LINE ( 'NONE', #2739, #3190 ) ;
#3433 = SURFACE_STYLE_USAGE ( .BOTH. , #4171 ) ;
#3434 = PRODUCT_CONTEXT ( 'NONE', #4589, 'mechanical' ) ;
#3435 = EDGE_CURVE ( 'NONE', #1092, #2352, #2487, .T. ) ;
#3436 = VERTEX_POINT ( 'NONE', #3544 ) ;
#3437 = ORIENTED_EDGE ( 'NONE', *, *, #3614, .F. ) ;
#3438 = AXIS2_PLACEMENT_3D ( 'NONE', #1672, #3797, #609 ) ;
#3439 = FACE_OUTER_BOUND ( 'NONE', #2595, .T. ) ;
#3441 = AXIS2_PLACEMENT_3D ( 'NONE', #4288, #19, #2928 ) ;
#3440 = DIRECTION ( 'NONE',  ( 0.000000000000000000, 0.000000000000000000, 1.000000000000000000 ) ) ;
#3442 = DIRECTION ( 'NONE',  ( -1.000000000000000000, 0.000000000000000000, 0.000000000000000000 ) ) ;
#3443 = ORIENTED_EDGE ( 'NONE', *, *, #3327, .T. ) ;
#3444 = ORIENTED_EDGE ( 'NONE', *, *, #819, .F. ) ;
#3445 = VECTOR ( 'NONE', #759, 1000.000000000000000 ) ;
#3446 = CARTESIAN_POINT ( 'NONE',  ( 86.00000000000001421, -6.000000000000002665, 105.9999999999999858 ) ) ;
#3447 = DIRECTION ( 'NONE',  ( 0.000000000000000000, 1.000000000000000000, -0.000000000000000000 ) ) ;
#3448 = AXIS2_PLACEMENT_3D ( 'NONE', #1984, #3474, #1014 ) ;
#3449 = PRESENTATION_LAYER_ASSIGNMENT (  '', '', ( #402 ) ) ;
#3450 = CARTESIAN_POINT ( 'NONE',  ( 106.5873165779432981, -5.864727127060273659, 105.5198294664260033 ) ) ;
#3451 = CARTESIAN_POINT ( 'NONE',  ( 106.8978503776352085, -14.01394595793606257, 104.7867655394393864 ) ) ;
#3452 = CARTESIAN_POINT ( 'NONE',  ( -36.99999999999997868, -5.999999999999998224, 99.99999999999998579 ) ) ;
#3453 = DIRECTION ( 'NONE',  ( 0.000000000000000000, 0.000000000000000000, -1.000000000000000000 ) ) ;
#3454 = AXIS2_PLACEMENT_3D ( 'NONE', #1178, #3338, #900 ) ;
#3455 = ORIENTED_EDGE ( 'NONE', *, *, #4011, .F. ) ;
#3456 = CIRCLE ( 'NONE', #2563, 2.999999999999999112 ) ;
#3457 = AXIS2_PLACEMENT_3D ( 'NONE', #4111, #236, #2341 ) ;
#3458 = LINE ( 'NONE', #4300, #3445 ) ;
#3459 = CARTESIAN_POINT ( 'NONE',  ( -39.99999999999997868, 0.000000000000000000, 109.9999999999999858 ) ) ;
#3460 = AXIS2_PLACEMENT_3D ( 'NONE', #1980, #227, #556 ) ;
#3461 = FACE_OUTER_BOUND ( 'NONE', #223, .T. ) ;
#3462 = ADVANCED_FACE ( 'NONE', ( #2166 ), #3496, .F. ) ;
#3463 = EDGE_LOOP ( 'NONE', ( #490, #812 ) ) ;
#3464 = VERTEX_POINT ( 'NONE', #752 ) ;
#3465 = DIRECTION ( 'NONE',  ( 0.000000000000000000, 1.000000000000000000, 0.000000000000000000 ) ) ;
#3466 = DIRECTION ( 'NONE',  ( -1.000000000000000000, 0.000000000000000000, 0.000000000000000000 ) ) ;
#3467 = ADVANCED_FACE ( 'NONE', ( #730 ), #1774, .F. ) ;
#3468 = DIRECTION ( 'NONE',  ( 0.000000000000000000, 0.000000000000000000, -1.000000000000000000 ) ) ;
#3469 = EDGE_CURVE ( 'NONE', #2811, #1907, #2039, .T. ) ;
#3470 = ORIENTED_EDGE ( 'NONE', *, *, #4581, .F. ) ;
#3471 = ORIENTED_EDGE ( 'NONE', *, *, #4155, .F. ) ;
#3472 = EDGE_CURVE ( 'NONE', #3605, #4324, #2454, .T. ) ;
#3473 = LINE ( 'NONE', #3800, #688 ) ;
#3474 = DIRECTION ( 'NONE',  ( 0.000000000000000000, 1.000000000000000000, 0.000000000000000000 ) ) ;
#3475 = CARTESIAN_POINT ( 'NONE',  ( -29.99999999999999289, -30.00000000000000000, 105.0000000000003126 ) ) ;
#3476 = CARTESIAN_POINT ( 'NONE',  ( 91.00000000000000000, -5.999999999999998224, 103.9999999999999858 ) ) ;
#3477 = CARTESIAN_POINT ( 'NONE',  ( 106.4048958740677762, -30.61691430280136217, 105.7965305847017987 ) ) ;
#3478 = CARTESIAN_POINT ( 'NONE',  ( -36.99999999999997868, -3.000000000000000000, 99.99999999999998579 ) ) ;
#3479 = ORIENTED_EDGE ( 'NONE', *, *, #4156, .T. ) ;
#3480 = CARTESIAN_POINT ( 'NONE',  ( 94.00000000000000000, -41.99999999999998579, 106.9999999999999858 ) ) ;
#3481 = CYLINDRICAL_SURFACE ( 'NONE', #2523, 3.000000000000002665 ) ;
#3482 =( NAMED_UNIT ( * ) PLANE_ANGLE_UNIT ( ) SI_UNIT ( $, .RADIAN. ) );
#3483 = APPLICATION_PROTOCOL_DEFINITION ( 'draft international standard', 'automotive_design', 1998, #504 ) ;
#3484 = EDGE_LOOP ( 'NONE', ( #116, #2237, #791, #3794 ) ) ;
#3485 = ORIENTED_EDGE ( 'NONE', *, *, #4495, .F. ) ;
#3486 = CIRCLE ( 'NONE', #3041, 1.000000000000000888 ) ;
#3487 = CARTESIAN_POINT ( 'NONE',  ( 22.50000000000003908, -67.99999999999998579, 105.9999999999999858 ) ) ;
#3488 = DIRECTION ( 'NONE',  ( -1.000000000000000000, -0.000000000000000000, 2.312964634635740294E-15 ) ) ;
#3489 = EDGE_CURVE ( 'NONE', #3420, #4188, #3225, .T. ) ;
#3490 = VECTOR ( 'NONE', #1025, 1000.000000000000000 ) ;
#3491 = FACE_OUTER_BOUND ( 'NONE', #2973, .T. ) ;
#3492 = ORIENTED_EDGE ( 'NONE', *, *, #660, .F. ) ;
#3493 = EDGE_LOOP ( 'NONE', ( #626, #4259 ) ) ;
#3494 = ADVANCED_FACE ( 'NONE', ( #1101 ), #3942, .F. ) ;
#3495 = CARTESIAN_POINT ( 'NONE',  ( 106.9936607278121841, -55.63932977172264316, 104.2191326216288587 ) ) ;
#3496 = CYLINDRICAL_SURFACE ( 'NONE', #1966, 1.000000000000000888 ) ;
#3497 = ADVANCED_FACE ( 'NONE', ( #3439 ), #4221, .F. ) ;
#3498 = CARTESIAN_POINT ( 'NONE',  ( -36.99999999999998579, -65.00000000000000000, 105.9999999999999858 ) ) ;
#3499 = DIRECTION ( 'NONE',  ( -0.000000000000000000, 1.000000000000000000, -0.000000000000000000 ) ) ;
#3500 = DIRECTION ( 'NONE',  ( 0.000000000000000000, 0.000000000000000000, 1.000000000000000000 ) ) ;
#3501 = CARTESIAN_POINT ( 'NONE',  ( 91.00000000000000000, -49.99999999999998579, 109.9999999999999858 ) ) ;
#3502 = VERTEX_POINT ( 'NONE', #1323 ) ;
#3503 = CARTESIAN_POINT ( 'NONE',  ( 106.9712123399970807, -5.802055253557142578, 104.3880038703618141 ) ) ;
#3504 = CIRCLE ( 'NONE', #1423, 1.000000000000000888 ) ;
#3505 = CARTESIAN_POINT ( 'NONE',  ( 65.00000000000001421, -3.000000000000001776, 105.0000000000000000 ) ) ;
#3506 = AXIS2_PLACEMENT_3D ( 'NONE', #1484, #2115, #3560 ) ;
#3507 = CARTESIAN_POINT ( 'NONE',  ( 33.00000000000004263, -62.00000000000000000, 109.9999999999999858 ) ) ;
#3508 = FILL_AREA_STYLE ('',( #2417 ) ) ;
#3509 = ORIENTED_EDGE ( 'NONE', *, *, #281, .T. ) ;
#3510 = ORIENTED_EDGE ( 'NONE', *, *, #2074, .T. ) ;
#3511 = CARTESIAN_POINT ( 'NONE',  ( 100.0000000000000142, -68.23606797749977204, 106.0000000000000000 ) ) ;
#3512 = DIRECTION ( 'NONE',  ( 1.000000000000000000, 0.000000000000000000, 0.000000000000000000 ) ) ;
#3513 = CARTESIAN_POINT ( 'NONE',  ( 33.00000000000002842, -11.99999999999999645, 99.99999999999998579 ) ) ;
#3514 = ORIENTED_EDGE ( 'NONE', *, *, #3844, .F. ) ;
#3515 = VERTEX_POINT ( 'NONE', #4498 ) ;
#3516 = CARTESIAN_POINT ( 'NONE',  ( 106.8975901123435648, -55.98617446182310431, 104.7876532887341767 ) ) ;
#3517 = LINE ( 'NONE', #4249, #852 ) ;
#3518 = EDGE_CURVE ( 'NONE', #2352, #1092, #2339, .T. ) ;
#3519 = DIRECTION ( 'NONE',  ( 0.000000000000000000, 0.000000000000000000, 1.000000000000000000 ) ) ;
#3520 = ADVANCED_FACE ( 'NONE', ( #583 ), #2720, .F. ) ;
#3521 = DIRECTION ( 'NONE',  ( 0.000000000000000000, -0.000000000000000000, 1.000000000000000000 ) ) ;
#3522 = DIRECTION ( 'NONE',  ( 0.000000000000000000, 0.000000000000000000, -1.000000000000000000 ) ) ;
#3523 = AXIS2_PLACEMENT_3D ( 'NONE', #3143, #22, #4267 ) ;
#3524 = ORIENTED_EDGE ( 'NONE', *, *, #949, .T. ) ;
#3525 = CARTESIAN_POINT ( 'NONE',  ( -29.99999999999998579, -3.000000000000000000, 105.0000000000000000 ) ) ;
#3526 = DIRECTION ( 'NONE',  ( -0.000000000000000000, -0.000000000000000000, 1.000000000000000000 ) ) ;
#3527 = CIRCLE ( 'NONE', #709, 1.000000000000000888 ) ;
#3528 = LINE ( 'NONE', #343, #1247 ) ;
#3529 = CYLINDRICAL_SURFACE ( 'NONE', #1297, 28.00000000000000000 ) ;
#3530 = ORIENTED_EDGE ( 'NONE', *, *, #3893, .T. ) ;
#3531 = EDGE_LOOP ( 'NONE', ( #2702, #1433 ) ) ;
#3532 = CARTESIAN_POINT ( 'NONE',  ( 20.00000000000004263, -62.00000000000000000, 109.9999999999999858 ) ) ;
#3533 = AXIS2_PLACEMENT_3D ( 'NONE', #381, #4298, #3594 ) ;
#3534 = DIRECTION ( 'NONE',  ( -0.000000000000000000, -0.000000000000000000, 1.000000000000000000 ) ) ;
#3535 = EDGE_LOOP ( 'NONE', ( #3255, #211, #1601, #1652 ) ) ;
#3536 = VECTOR ( 'NONE', #3874, 1000.000000000000000 ) ;
#3537 = FACE_BOUND ( 'NONE', #2992, .T. ) ;
#3538 = AXIS2_PLACEMENT_3D ( 'NONE', #1395, #2467, #370 ) ;
#3539 = ORIENTED_EDGE ( 'NONE', *, *, #4189, .T. ) ;
#3540 = AXIS2_PLACEMENT_3D ( 'NONE', #1904, #2651, #4401 ) ;
#3541 = ORIENTED_EDGE ( 'NONE', *, *, #1189, .F. ) ;
#3542 = VECTOR ( 'NONE', #1047, 1000.000000000000000 ) ;
#3543 = CARTESIAN_POINT ( 'NONE',  ( 86.00000000000001421, -67.99999999999998579, 106.9999999999999858 ) ) ;
#3544 = CARTESIAN_POINT ( 'NONE',  ( 104.0000000000000142, -3.000000000000002665, 99.99999999999998579 ) ) ;
#3545 = CIRCLE ( 'NONE', #1539, 1.000000000000000888 ) ;
#3546 = DIRECTION ( 'NONE',  ( -1.084202172485504681E-16, -1.000000000000000000, -0.000000000000000000 ) ) ;
#3547 = EDGE_CURVE ( 'NONE', #4324, #3973, #2415, .T. ) ;
#3548 = DIRECTION ( 'NONE',  ( -1.000000000000000000, 0.000000000000000000, 2.312964634635740294E-15 ) ) ;
#3549 = DIRECTION ( 'NONE',  ( 0.000000000000000000, -1.000000000000000000, -0.000000000000000000 ) ) ;
#3550 = VERTEX_POINT ( 'NONE', #4566 ) ;
#3551 = EDGE_CURVE ( 'NONE', #4439, #5, #4149, .T. ) ;
#3552 = DIRECTION ( 'NONE',  ( 0.000000000000000000, 1.000000000000000000, 0.000000000000000000 ) ) ;
#3553 = CARTESIAN_POINT ( 'NONE',  ( 107.0000000000000426, -54.86199979492138823, 104.0000000000000000 ) ) ;
#3554 = EDGE_CURVE ( 'NONE', #3704, #931, #2503, .T. ) ;
#3555 = EDGE_CURVE ( 'NONE', #726, #2129, #2232, .T. ) ;
#3556 = FACE_OUTER_BOUND ( 'NONE', #3415, .T. ) ;
#3557 = ORIENTED_EDGE ( 'NONE', *, *, #441, .T. ) ;
#3558 = EDGE_LOOP ( 'NONE', ( #863, #1004, #2076, #2946 ) ) ;
#3559 = EDGE_CURVE ( 'NONE', #1576, #1099, #1145, .T. ) ;
#3560 = DIRECTION ( 'NONE',  ( -1.000000000000000000, 0.000000000000000000, 0.000000000000000000 ) ) ;
#3561 = LINE ( 'NONE', #78, #3815 ) ;
#3562 = CARTESIAN_POINT ( 'NONE',  ( -32.49999999999995737, -62.00000000000000000, 99.99999999999998579 ) ) ;
#3563 = VERTEX_POINT ( 'NONE', #2421 ) ;
#3564 = ORIENTED_EDGE ( 'NONE', *, *, #2726, .F. ) ;
#3565 = VECTOR ( 'NONE', #3526, 1000.000000000000000 ) ;
#3566 = LINE ( 'NONE', #20, #1156 ) ;
#3567 = DIRECTION ( 'NONE',  ( -0.000000000000000000, 1.000000000000000000, -0.000000000000000000 ) ) ;
#3568 = CARTESIAN_POINT ( 'NONE',  ( 91.00000000000002842, -65.99999999999998579, 99.99999999999998579 ) ) ;
#3569 = CARTESIAN_POINT ( 'NONE',  ( -33.99999999999997158, -3.000000000000000000, 99.99999999999998579 ) ) ;
#3570 = ORIENTED_EDGE ( 'NONE', *, *, #4244, .T. ) ;
#3571 = LINE ( 'NONE', #28, #1825 ) ;
#3572 = AXIS2_PLACEMENT_3D ( 'NONE', #1269, #1334, #4442 ) ;
#3573 = CARTESIAN_POINT ( 'NONE',  ( -34.99999999999998579, -67.99999999999998579, 105.9999999999999858 ) ) ;
#3574 = CARTESIAN_POINT ( 'NONE',  ( 106.2360679774997720, -65.13595283871730146, 106.0000000000000142 ) ) ;
#3575 = CARTESIAN_POINT ( 'NONE',  ( 65.00000000000001421, -61.99999999999999289, 105.0000000000000000 ) ) ;
#3576 = ORIENTED_EDGE ( 'NONE', *, *, #3035, .F. ) ;
#3577 = EDGE_LOOP ( 'NONE', ( #1944, #2718, #1461, #2220 ) ) ;
#3578 = EDGE_CURVE ( 'NONE', #2653, #3953, #928, .T. ) ;
#3579 = AXIS2_PLACEMENT_3D ( 'NONE', #1146, #1843, #1582 ) ;
#3580 = DIRECTION ( 'NONE',  ( 0.000000000000000000, -1.000000000000000000, 0.000000000000000000 ) ) ;
#3581 = CYLINDRICAL_SURFACE ( 'NONE', #994, 2.499999999999998668 ) ;
#3582 = EDGE_CURVE ( 'NONE', #1405, #628, #851, .T. ) ;
#3583 = DIRECTION ( 'NONE',  ( 1.000000000000000000, 0.000000000000000000, 0.000000000000000000 ) ) ;
#3584 = ORIENTED_EDGE ( 'NONE', *, *, #1818, .T. ) ;
#3585 = EDGE_LOOP ( 'NONE', ( #599, #807 ) ) ;
#3586 = CARTESIAN_POINT ( 'NONE',  ( 105.0000000000000142, -68.99999999999998579, 103.9999999999999858 ) ) ;
#3587 = CARTESIAN_POINT ( 'NONE',  ( 17.50000000000003553, -11.99999999999999645, 106.9999999999999858 ) ) ;
#3588 = DIRECTION ( 'NONE',  ( -1.000000000000000000, -0.000000000000000000, 2.312964634635740294E-15 ) ) ;
#3589 = AXIS2_PLACEMENT_3D ( 'NONE', #2137, #1463, #2859 ) ;
#3590 = B_SPLINE_CURVE_WITH_KNOTS ( 'NONE', 3,
 ( #1355, #2186, #2773, #2082, #1727, #3654, #1441, #2865, #3852, #1100, #1508, #4333, #2163, #1815, #3145, #4005, #459, #2536 ),
 .UNSPECIFIED., .F., .F.,
 ( 4, 2, 2, 2, 2, 2, 2, 2, 4 ),
 ( 0.003265085766508816090, 0.003672690097425310163, 0.004080294428341804669, 0.004487898759258299175, 0.004895503090174792814, 0.005303107421091287320, 0.005710711752007780959, 0.006118316082924275465, 0.006525920413840769971 ),
 .UNSPECIFIED. ) ;
#3591 = DIRECTION ( 'NONE',  ( -1.000000000000000000, 1.807003620809174262E-17, -0.000000000000000000 ) ) ;
#3592 = FACE_BOUND ( 'NONE', #606, .T. ) ;
#3593 = ORIENTED_EDGE ( 'NONE', *, *, #1955, .F. ) ;
#3594 = DIRECTION ( 'NONE',  ( 1.000000000000000000, 0.000000000000000000, 0.000000000000000000 ) ) ;
#3595 = CARTESIAN_POINT ( 'NONE',  ( 106.9092996026328848, -5.256242832585139801, 104.0245310786565653 ) ) ;
#3596 = AXIS2_PLACEMENT_3D ( 'NONE', #2827, #4583, #3857 ) ;
#3597 = CARTESIAN_POINT ( 'NONE',  ( 106.5247240203470653, -65.79112817881835440, 105.6238272469569637 ) ) ;
#3598 = LINE ( 'NONE', #1151, #1161 ) ;
#3599 = ORIENTED_EDGE ( 'NONE', *, *, #51, .T. ) ;
#3600 = ORIENTED_EDGE ( 'NONE', *, *, #2840, .F. ) ;
#3601 = AXIS2_PLACEMENT_3D ( 'NONE', #3781, #3447, #1353 ) ;
#3602 = LINE ( 'NONE', #1094, #340 ) ;
#3603 = CYLINDRICAL_SURFACE ( 'NONE', #4220, 3.000000000000002665 ) ;
#3604 = PLANE ( 'NONE',  #1310 ) ;
#3605 = VERTEX_POINT ( 'NONE', #4419 ) ;
#3606 = EDGE_LOOP ( 'NONE', ( #3981, #2975, #587, #3747 ) ) ;
#3607 = AXIS2_PLACEMENT_3D ( 'NONE', #3744, #868, #3442 ) ;
#3608 = EDGE_CURVE ( 'NONE', #4485, #661, #2616, .T. ) ;
#3609 = AXIS2_PLACEMENT_3D ( 'NONE', #2120, #4571, #1421 ) ;
#3610 = CARTESIAN_POINT ( 'NONE',  ( 30.50000000000002487, -6.000000000000000888, 99.99999999999998579 ) ) ;
#3611 = VERTEX_POINT ( 'NONE', #1590 ) ;
#3612 = VECTOR ( 'NONE', #409, 1000.000000000000000 ) ;
#3613 = DIRECTION ( 'NONE',  ( 1.000000000000000000, 0.000000000000000000, 0.000000000000000000 ) ) ;
#3614 = EDGE_CURVE ( 'NONE', #841, #4146, #3361, .T. ) ;
#3615 = AXIS2_PLACEMENT_3D ( 'NONE', #2147, #2459, #4273 ) ;
#3616 = VECTOR ( 'NONE', #405, 1000.000000000000000 ) ;
#3617 = EDGE_CURVE ( 'NONE', #385, #1922, #1895, .T. ) ;
#3618 = CIRCLE ( 'NONE', #2798, 2.999999999999999112 ) ;
#3619 = DIRECTION ( 'NONE',  ( 1.000000000000000000, -0.000000000000000000, 0.000000000000000000 ) ) ;
#3620 = CARTESIAN_POINT ( 'NONE',  ( 20.00000000000003553, -11.99999999999999645, 109.9999999999999858 ) ) ;
#3621 = ORIENTED_EDGE ( 'NONE', *, *, #3896, .F. ) ;
#3622 = CARTESIAN_POINT ( 'NONE',  ( 100.0000000000000142, -61.99999999999999289, 104.0000000000000000 ) ) ;
#3623 = DIRECTION ( 'NONE',  ( -0.000000000000000000, 1.000000000000000000, 0.000000000000000000 ) ) ;
#3624 = CIRCLE ( 'NONE', #1098, 1.000000000000000888 ) ;
#3625 = DIRECTION ( 'NONE',  ( 3.469446951953611033E-15, 0.000000000000000000, 1.000000000000000000 ) ) ;
#3626 = ORIENTED_EDGE ( 'NONE', *, *, #2244, .T. ) ;
#3627 = CIRCLE ( 'NONE', #3399, 2.500000000000002220 ) ;
#3628 = ORIENTED_EDGE ( 'NONE', *, *, #1867, .T. ) ;
#3629 = LINE ( 'NONE', #349, #3761 ) ;
#3630 = DIRECTION ( 'NONE',  ( 1.927470528863119049E-16, -1.000000000000000000, 0.000000000000000000 ) ) ;
#3631 = FACE_OUTER_BOUND ( 'NONE', #1124, .T. ) ;
#3632 = VERTEX_POINT ( 'NONE', #1548 ) ;
#3633 = ORIENTED_EDGE ( 'NONE', *, *, #1905, .F. ) ;
#3634 = DIRECTION ( 'NONE',  ( 1.000000000000000000, 0.000000000000000000, 0.000000000000000000 ) ) ;
#3635 = CARTESIAN_POINT ( 'NONE',  ( 27.50000000000002487, 1.927470528863119049E-16, 99.99999999999998579 ) ) ;
#3636 = ORIENTED_EDGE ( 'NONE', *, *, #4123, .F. ) ;
#3637 = EDGE_CURVE ( 'NONE', #1482, #325, #1569, .T. ) ;
#3638 = AXIS2_PLACEMENT_3D ( 'NONE', #2252, #1206, #2712 ) ;
#3639 = LINE ( 'NONE', #1607, #1280 ) ;
#3640 = CARTESIAN_POINT ( 'NONE',  ( 105.7573593128806948, -66.58578643762690774, 106.9999999999999858 ) ) ;
#3641 = ORIENTED_EDGE ( 'NONE', *, *, #4268, .F. ) ;
#3642 = EDGE_CURVE ( 'NONE', #4439, #484, #2991, .T. ) ;
#3643 = CARTESIAN_POINT ( 'NONE',  ( 65.00000000000001421, 0.000000000000000000, 104.0000000000000000 ) ) ;
#3644 = DIRECTION ( 'NONE',  ( 0.000000000000000000, -1.000000000000000000, 0.000000000000000000 ) ) ;
#3645 = DIRECTION ( 'NONE',  ( 0.000000000000000000, 0.000000000000000000, -1.000000000000000000 ) ) ;
#3646 = DIRECTION ( 'NONE',  ( 1.000000000000000000, -1.807003620809174262E-17, 0.000000000000000000 ) ) ;
#3647 = EDGE_LOOP ( 'NONE', ( #1899, #3367 ) ) ;
#3648 = ORIENTED_EDGE ( 'NONE', *, *, #2870, .F. ) ;
#3649 = CARTESIAN_POINT ( 'NONE',  ( -39.99999999999997868, 0.000000000000000000, 99.99999999999998579 ) ) ;
#3650 = LINE ( 'NONE', #200, #348 ) ;
#3651 = DIRECTION ( 'NONE',  ( 0.000000000000000000, -1.000000000000000000, 0.000000000000000000 ) ) ;
#3652 = ORIENTED_EDGE ( 'NONE', *, *, #1274, .T. ) ;
#3653 = ORIENTED_EDGE ( 'NONE', *, *, #793, .F. ) ;
#3654 = CARTESIAN_POINT ( 'NONE',  ( 106.5247240203470653, -38.79112817881833308, 105.6238272469569637 ) ) ;
#3655 = CIRCLE ( 'NONE', #1646, 3.000000000000002665 ) ;
#3656 = CARTESIAN_POINT ( 'NONE',  ( 30.50000000000002487, -4.000000000000005329, 106.9999999999999858 ) ) ;
#3657 = ORIENTED_EDGE ( 'NONE', *, *, #1532, .F. ) ;
#3658 = CARTESIAN_POINT ( 'NONE',  ( 89.00000000000002842, 0.000000000000000000, 99.99999999999998579 ) ) ;
#3659 = DIRECTION ( 'NONE',  ( -0.000000000000000000, -0.000000000000000000, 1.000000000000000000 ) ) ;
#3660 = ORIENTED_EDGE ( 'NONE', *, *, #823, .T. ) ;
#3661 = EDGE_CURVE ( 'NONE', #2112, #1035, #1226, .T. ) ;
#3662 = AXIS2_PLACEMENT_3D ( 'NONE', #3379, #1313, #2386 ) ;
#3663 = EDGE_CURVE ( 'NONE', #981, #146, #1521, .T. ) ;
#3664 = LINE ( 'NONE', #3622, #147 ) ;
#3665 = DIRECTION ( 'NONE',  ( 0.000000000000000000, 0.000000000000000000, -1.000000000000000000 ) ) ;
#3666 = CARTESIAN_POINT ( 'NONE',  ( 107.0000000000000284, -15.13782052976223547, 104.0000000000000142 ) ) ;
#3667 = CARTESIAN_POINT ( 'NONE',  ( -29.99999999999998934, -40.00000000000000000, 106.0000000000003126 ) ) ;
#3668 = EDGE_CURVE ( 'NONE', #140, #81, #1301, .T. ) ;
#3669 = VERTEX_POINT ( 'NONE', #499 ) ;
#3670 = ORIENTED_EDGE ( 'NONE', *, *, #476, .T. ) ;
#3671 = FACE_OUTER_BOUND ( 'NONE', #3831, .T. ) ;
#3672 = DIRECTION ( 'NONE',  ( 0.000000000000000000, -1.000000000000000000, 0.000000000000000000 ) ) ;
#3673 = CARTESIAN_POINT ( 'NONE',  ( -36.99999999999998579, -66.99999999999998579, 99.99999999999998579 ) ) ;
#3674 = ORIENTED_EDGE ( 'NONE', *, *, #736, .T. ) ;
#3675 = ORIENTED_EDGE ( 'NONE', *, *, #2661, .T. ) ;
#3676 = VECTOR ( 'NONE', #4181, 1000.000000000000000 ) ;
#3677 = CIRCLE ( 'NONE', #3227, 3.000000000000002665 ) ;
#3678 = CARTESIAN_POINT ( 'NONE',  ( 33.00000000000002842, -11.99999999999999645, 109.9999999999999858 ) ) ;
#3679 = CARTESIAN_POINT ( 'NONE',  ( 100.9620073015811244, -3.292922264297732937, 105.2990973786457545 ) ) ;
#3680 = VECTOR ( 'NONE', #1659, 1000.000000000000000 ) ;
#3681 = CARTESIAN_POINT ( 'NONE',  ( 110.0000000000000000, -49.99999999999998579, 99.99999999999998579 ) ) ;
#3682 = EDGE_LOOP ( 'NONE', ( #4506, #1117, #316, #2742 ) ) ;
#3683 = AXIS2_PLACEMENT_3D ( 'NONE', #825, #520, #4039 ) ;
#3684 = CARTESIAN_POINT ( 'NONE',  ( 104.0000000000000142, -3.000000000000002665, 103.9999999999999858 ) ) ;
#3685 = ORIENTED_EDGE ( 'NONE', *, *, #1328, .T. ) ;
#3686 = FACE_BOUND ( 'NONE', #3647, .T. ) ;
#3687 = CARTESIAN_POINT ( 'NONE',  ( 107.0000000000000284, -65.13782052976226566, 104.0000000000000142 ) ) ;
#3688 = CARTESIAN_POINT ( 'NONE',  ( 106.3480057239902123, -15.51251075935149970, 105.8685019399078868 ) ) ;
#3689 = DIRECTION ( 'NONE',  ( -0.000000000000000000, -0.000000000000000000, 1.000000000000000000 ) ) ;
#3690 = EDGE_CURVE ( 'NONE', #1289, #4616, #4090, .T. ) ;
#3691 = ORIENTED_EDGE ( 'NONE', *, *, #182, .T. ) ;
#3692 = EDGE_LOOP ( 'NONE', ( #960, #1374 ) ) ;
#3693 = EDGE_CURVE ( 'NONE', #1859, #4559, #2967, .T. ) ;
#3694 = CARTESIAN_POINT ( 'NONE',  ( -36.99999999999997868, -3.000000000000000000, 99.99999999999998579 ) ) ;
#3695 = AXIS2_PLACEMENT_3D ( 'NONE', #690, #733, #1403 ) ;
#3696 = CYLINDRICAL_SURFACE ( 'NONE', #2675, 1.000000000000000888 ) ;
#3697 = PLANE ( 'NONE',  #3540 ) ;
#3698 = ADVANCED_FACE ( 'NONE', ( #1617 ), #1920, .F. ) ;
#3699 = VERTEX_POINT ( 'NONE', #4067 ) ;
#3700 = ORIENTED_EDGE ( 'NONE', *, *, #3258, .F. ) ;
#3701 = DIRECTION ( 'NONE',  ( -1.000000000000000000, 1.084202172485504681E-16, 0.000000000000000000 ) ) ;
#3702 = DIRECTION ( 'NONE',  ( 1.000000000000000000, -0.000000000000000000, -0.000000000000000000 ) ) ;
#3703 = LINE ( 'NONE', #3370, #3982 ) ;
#3704 = VERTEX_POINT ( 'NONE', #878 ) ;
#3705 = CARTESIAN_POINT ( 'NONE',  ( 100.0000000000000284, -68.99999999999998579, 103.9999999999999858 ) ) ;
#3706 = CARTESIAN_POINT ( 'NONE',  ( 99.12240348232703013, -3.416067087002773839, 105.5386595889418118 ) ) ;
#3707 = ORIENTED_EDGE ( 'NONE', *, *, #4449, .T. ) ;
#3708 = DIRECTION ( 'NONE',  ( -1.000000000000000000, 0.000000000000000000, 0.000000000000000000 ) ) ;
#3709 = CARTESIAN_POINT ( 'NONE',  ( 106.9723899862425185, -65.82464972876940124, 104.4182360921682715 ) ) ;
#3710 = AXIS2_PLACEMENT_3D ( 'NONE', #2395, #3088, #1642 ) ;
#3711 = CARTESIAN_POINT ( 'NONE',  ( -39.99999999999998579, -72.00000000000000000, 106.9999999999999858 ) ) ;
#3712 = DIRECTION ( 'NONE',  ( 0.000000000000000000, 0.000000000000000000, -1.000000000000000000 ) ) ;
#3713 = ORIENTED_EDGE ( 'NONE', *, *, #4475, .T. ) ;
#3714 = EDGE_LOOP ( 'NONE', ( #1218, #2227, #986, #1452 ) ) ;
#3715 = CARTESIAN_POINT ( 'NONE',  ( 80.50000000000002842, -11.99999999999999645, 106.9999999999999858 ) ) ;
#3716 = CARTESIAN_POINT ( 'NONE',  ( 100.0000000000000142, -38.00000000000000000, 105.0000000000000142 ) ) ;
#3717 = CARTESIAN_POINT ( 'NONE',  ( -36.99999999999998579, -40.00000000000000000, 105.0000000000003268 ) ) ;
#3718 = EDGE_CURVE ( 'NONE', #3275, #1544, #2320, .T. ) ;
#3719 = ORIENTED_EDGE ( 'NONE', *, *, #538, .T. ) ;
#3720 = ORIENTED_EDGE ( 'NONE', *, *, #1956, .T. ) ;
#3721 = CARTESIAN_POINT ( 'NONE',  ( 104.5011506795137421, -67.50345203854082854, 106.6034947863210363 ) ) ;
#3722 = ADVANCED_FACE ( 'NONE', ( #169, #1965, #827 ), #4445, .F. ) ;
#3723 = CIRCLE ( 'NONE', #3572, 1.999999999999998224 ) ;
#3724 = DIRECTION ( 'NONE',  ( -1.000000000000000000, 0.000000000000000000, 2.312964634635740294E-15 ) ) ;
#3725 = ORIENTED_EDGE ( 'NONE', *, *, #3039, .F. ) ;
#3726 = VECTOR ( 'NONE', #3006, 1000.000000000000000 ) ;
#3727 = DIRECTION ( 'NONE',  ( -1.000000000000000000, 0.000000000000000000, 0.000000000000000000 ) ) ;
#3728 = CARTESIAN_POINT ( 'NONE',  ( 99.72796940268314358, -3.737421775993211348, 105.9710819721205155 ) ) ;
#3729 = ORIENTED_EDGE ( 'NONE', *, *, #2526, .T. ) ;
#3730 = DIRECTION ( 'NONE',  ( 0.000000000000000000, -0.000000000000000000, -1.000000000000000000 ) ) ;
#3731 = VERTEX_POINT ( 'NONE', #3734 ) ;
#3732 = CARTESIAN_POINT ( 'NONE',  ( 100.8775965176729841, -68.58393291299721284, 105.5386595889418402 ) ) ;
#3733 = CARTESIAN_POINT ( 'NONE',  ( 106.2625782240067736, -64.72796940268312937, 105.9710819721205155 ) ) ;
#3734 = CARTESIAN_POINT ( 'NONE',  ( -32.99999999999997868, -36.99999999999999289, 109.9999999999999858 ) ) ;
#3735 = ORIENTED_EDGE ( 'NONE', *, *, #3668, .T. ) ;
#3736 = EDGE_LOOP ( 'NONE', ( #2381, #3735, #955, #2382 ) ) ;
#3737 = DIRECTION ( 'NONE',  ( -1.000000000000000000, 1.807003620809174262E-17, -0.000000000000000000 ) ) ;
#3738 = CARTESIAN_POINT ( 'NONE',  ( 30.50000000000003908, -65.99999999999998579, 99.99999999999998579 ) ) ;
#3739 = DIRECTION ( 'NONE',  ( 0.000000000000000000, 0.000000000000000000, -1.000000000000000000 ) ) ;
#3740 = ORIENTED_EDGE ( 'NONE', *, *, #307, .F. ) ;
#3741 = ORIENTED_EDGE ( 'NONE', *, *, #2240, .T. ) ;
#3742 = CARTESIAN_POINT ( 'NONE',  ( 104.9333446267120991, -66.93334462671266749, 106.8879397060065202 ) ) ;
#3743 = EDGE_CURVE ( 'NONE', #2959, #683, #4507, .T. ) ;
#3744 = CARTESIAN_POINT ( 'NONE',  ( -29.99999999999998579, -3.000000000000000000, 105.0000000000000000 ) ) ;
#3745 = CIRCLE ( 'NONE', #3448, 3.000000000000002665 ) ;
#3746 = CARTESIAN_POINT ( 'NONE',  ( 110.0000000000000142, 0.000000000000000000, 109.9999999999999858 ) ) ;
#3747 = ORIENTED_EDGE ( 'NONE', *, *, #914, .F. ) ;
#3748 = ADVANCED_FACE ( 'NONE', ( #1272 ), #806, .F. ) ;
#3749 = VERTEX_POINT ( 'NONE', #314 ) ;
#3750 = VECTOR ( 'NONE', #924, 1000.000000000000000 ) ;
#3751 = ADVANCED_FACE ( 'NONE', ( #2411 ), #2390, .F. ) ;
#3752 = FACE_OUTER_BOUND ( 'NONE', #3912, .T. ) ;
#3753 = CARTESIAN_POINT ( 'NONE',  ( 100.0000000000000142, -55.00000000000000000, 104.0000000000000000 ) ) ;
#3754 = EDGE_LOOP ( 'NONE', ( #1253, #1273, #4209, #224 ) ) ;
#3755 = EDGE_CURVE ( 'NONE', #217, #2162, #97, .T. ) ;
#3756 = CIRCLE ( 'NONE', #1596, 1.000000000000000888 ) ;
#3757 = DIRECTION ( 'NONE',  ( 0.000000000000000000, 0.000000000000000000, -1.000000000000000000 ) ) ;
#3758 = AXIS2_PLACEMENT_3D ( 'NONE', #2189, #1861, #4008 ) ;
#3759 = DIRECTION ( 'NONE',  ( 0.000000000000000000, 0.000000000000000000, 1.000000000000000000 ) ) ;
#3760 = CARTESIAN_POINT ( 'NONE',  ( -29.99999999999999289, -65.00000000000000000, 105.0000000000003268 ) ) ;
#3761 = VECTOR ( 'NONE', #2550, 1000.000000000000000 ) ;
#3762 = FACE_BOUND ( 'NONE', #3128, .T. ) ;
#3763 = AXIS2_PLACEMENT_3D ( 'NONE', #3513, #4596, #4243 ) ;
#3764 = AXIS2_PLACEMENT_3D ( 'NONE', #958, #1389, #3002 ) ;
#3765 = EDGE_LOOP ( 'NONE', ( #3862, #3653 ) ) ;
#3766 = CARTESIAN_POINT ( 'NONE',  ( 30.50000000000004263, -62.00000000000000000, 106.9999999999999858 ) ) ;
#3767 = AXIS2_PLACEMENT_3D ( 'NONE', #4095, #2996, #2600 ) ;
#3768 = LINE ( 'NONE', #1801, #4169 ) ;
#3769 = DIRECTION ( 'NONE',  ( -0.000000000000000000, -0.000000000000000000, 1.000000000000000000 ) ) ;
#3770 = ORIENTED_EDGE ( 'NONE', *, *, #1470, .T. ) ;
#3771 = ORIENTED_EDGE ( 'NONE', *, *, #2042, .T. ) ;
#3772 = VECTOR ( 'NONE', #1755, 1000.000000000000000 ) ;
#3773 = CARTESIAN_POINT ( 'NONE',  ( 100.0000000000000284, -68.99999999999998579, 103.9999999999999858 ) ) ;
#3774 = LINE ( 'NONE', #1882, #1630 ) ;
#3775 = DIRECTION ( 'NONE',  ( 0.000000000000000000, -1.000000000000000000, 0.000000000000000000 ) ) ;
#3776 = ORIENTED_EDGE ( 'NONE', *, *, #1331, .F. ) ;
#3777 = ORIENTED_EDGE ( 'NONE', *, *, #591, .F. ) ;
#3778 = EDGE_CURVE ( 'NONE', #3464, #537, #1670, .T. ) ;
#3779 = ORIENTED_EDGE ( 'NONE', *, *, #3489, .T. ) ;
#3780 = DIRECTION ( 'NONE',  ( 1.000000000000000000, 0.000000000000000000, 0.000000000000000000 ) ) ;
#3781 = CARTESIAN_POINT ( 'NONE',  ( 94.00000000000000000, -65.99999999999998579, 103.9999999999999858 ) ) ;
#3782 = ORIENTED_EDGE ( 'NONE', *, *, #98, .T. ) ;
#3783 = CARTESIAN_POINT ( 'NONE',  ( 25.50000000000002132, -6.000000000000005329, 105.9999999999999858 ) ) ;
#3784 = DIRECTION ( 'NONE',  ( 1.000000000000000000, 0.000000000000000000, 0.000000000000000000 ) ) ;
#3785 = EDGE_CURVE ( 'NONE', #661, #995, #4347, .T. ) ;
#3786 = CYLINDRICAL_SURFACE ( 'NONE', #2729, 1.000000000000000888 ) ;
#3787 = LINE ( 'NONE', #3501, #2046 ) ;
#3788 = EDGE_LOOP ( 'NONE', ( #2278, #4343, #4367, #2091, #1779, #4262, #856, #4120, #2986, #2146, #1645, #834, #3352, #1862, #1744, #1339, #229, #2509, #2562, #2419 ) ) ;
#3789 = DIRECTION ( 'NONE',  ( 1.000000000000000000, -0.000000000000000000, -0.000000000000000000 ) ) ;
#3790 = CIRCLE ( 'NONE', #137, 2.500000000000002220 ) ;
#3791 = CARTESIAN_POINT ( 'NONE',  ( 27.50000000000003908, -65.99999999999998579, 105.9999999999999858 ) ) ;
#3792 = DIRECTION ( 'NONE',  ( -0.000000000000000000, 1.000000000000000000, -0.000000000000000000 ) ) ;
#3793 = ORIENTED_EDGE ( 'NONE', *, *, #4449, .F. ) ;
#3794 = ORIENTED_EDGE ( 'NONE', *, *, #2155, .T. ) ;
#3795 = AXIS2_PLACEMENT_3D ( 'NONE', #2355, #2976, #4052 ) ;
#3796 = CARTESIAN_POINT ( 'NONE',  ( 106.9973413975168626, -37.47574282784359667, 104.1375458702922572 ) ) ;
#3797 = DIRECTION ( 'NONE',  ( 0.000000000000000000, 1.000000000000000000, 0.000000000000000000 ) ) ;
#3798 = CARTESIAN_POINT ( 'NONE',  ( 110.0000000000000142, -72.00000000000000000, 109.9999999999999858 ) ) ;
#3799 = ORIENTED_EDGE ( 'NONE', *, *, #2693, .F. ) ;
#3800 = CARTESIAN_POINT ( 'NONE',  ( 22.50000000000003908, -62.00000000000000000, 99.99999999999998579 ) ) ;
#3801 = LINE ( 'NONE', #283, #3676 ) ;
#3802 = DIRECTION ( 'NONE',  ( -0.000000000000000000, -0.000000000000000000, 1.000000000000000000 ) ) ;
#3803 = CARTESIAN_POINT ( 'NONE',  ( 107.0003601997477318, -14.72634743272120339, 104.0285130053216989 ) ) ;
#3804 = EDGE_CURVE ( 'NONE', #3436, #2077, #4558, .T. ) ;
#3805 = CARTESIAN_POINT ( 'NONE',  ( 106.2628229542438589, -30.27295663344366616, 105.9708025413718104 ) ) ;
#3806 = DIRECTION ( 'NONE',  ( 1.000000000000000000, 0.000000000000000000, 0.000000000000000000 ) ) ;
#3807 = ORIENTED_EDGE ( 'NONE', *, *, #3755, .F. ) ;
#3808 = EDGE_CURVE ( 'NONE', #95, #2936, #953, .T. ) ;
#3809 = DIRECTION ( 'NONE',  ( -0.000000000000000000, -0.000000000000000000, 1.000000000000000000 ) ) ;
#3810 = CARTESIAN_POINT ( 'NONE',  ( -36.99999999999998579, -66.99999999999998579, 105.9999999999999858 ) ) ;
#3811 = FILL_AREA_STYLE ('',( #319 ) ) ;
#3812 = ORIENTED_EDGE ( 'NONE', *, *, #443, .T. ) ;
#3813 = ORIENTED_EDGE ( 'NONE', *, *, #3353, .F. ) ;
#3814 = EDGE_CURVE ( 'NONE', #2936, #1507, #3527, .T. ) ;
#3815 = VECTOR ( 'NONE', #3630, 1000.000000000000000 ) ;
#3816 = DIRECTION ( 'NONE',  ( -0.000000000000000000, -1.000000000000000000, -0.000000000000000000 ) ) ;
#3817 = B_SPLINE_CURVE_WITH_KNOTS ( 'NONE', 3,
 ( #642, #191, #212, #1613, #2662, #2733, #3450, #3033, #2316, #2059 ),
 .UNSPECIFIED., .F., .F.,
 ( 4, 2, 2, 2, 4 ),
 ( 0.0008179337514050048037, 0.001260958060973528701, 0.001703982370542052489, 0.002147006680110576712, 0.002590030989679100500 ),
 .UNSPECIFIED. ) ;
#3819 = AXIS2_PLACEMENT_3D ( 'NONE', #572, #950, #3730 ) ;
#3818 = CYLINDRICAL_SURFACE ( 'NONE', #817, 2.499999999999998668 ) ;
#3820 = FACE_OUTER_BOUND ( 'NONE', #3274, .T. ) ;
#3821 = ORIENTED_EDGE ( 'NONE', *, *, #3547, .F. ) ;
#3822 = ORIENTED_EDGE ( 'NONE', *, *, #3956, .F. ) ;
#3823 = VECTOR ( 'NONE', #1661, 1000.000000000000000 ) ;
#3824 = CARTESIAN_POINT ( 'NONE',  ( 110.0000000000000142, 0.000000000000000000, 99.99999999999998579 ) ) ;
#3825 = DIRECTION ( 'NONE',  ( 1.000000000000000000, -0.000000000000000000, -0.000000000000000000 ) ) ;
#3826 = VECTOR ( 'NONE', #529, 1000.000000000000000 ) ;
#3827 = FACE_OUTER_BOUND ( 'NONE', #2289, .T. ) ;
#3828 = CARTESIAN_POINT ( 'NONE',  ( 100.0000000000000142, -5.000000000000000000, 105.0000000000000000 ) ) ;
#3829 = CARTESIAN_POINT ( 'NONE',  ( 91.00000000000000000, -49.99999999999998579, 103.9999999999999858 ) ) ;
#3830 = DIRECTION ( 'NONE',  ( -1.000000000000000000, 0.000000000000000000, 0.000000000000000000 ) ) ;
#3831 = EDGE_LOOP ( 'NONE', ( #2900, #4490, #2092, #728 ) ) ;
#3832 = ADVANCED_FACE ( 'NONE', ( #575, #2736, #3762, #645, #4165 ), #2435, .T. ) ;
#3833 = VECTOR ( 'NONE', #4459, 1000.000000000000000 ) ;
#3834 = VECTOR ( 'NONE', #898, 1000.000000000000000 ) ;
#3835 = CARTESIAN_POINT ( 'NONE',  ( 100.0000000000000142, -55.00000000000000000, 106.0000000000000000 ) ) ;
#3836 = CYLINDRICAL_SURFACE ( 'NONE', #3868, 3.000000000000002665 ) ;
#3837 = AXIS2_PLACEMENT_3D ( 'NONE', #1686, #288, #1707 ) ;
#3838 = CARTESIAN_POINT ( 'NONE',  ( 100.8965872642284438, -3.045790669663045680, 104.5376554611970477 ) ) ;
#3839 = VERTEX_POINT ( 'NONE', #974 ) ;
#3840 = ORIENTED_EDGE ( 'NONE', *, *, #3287, .T. ) ;
#3841 = ADVANCED_FACE ( 'NONE', ( #2062 ), #3855, .F. ) ;
#3842 = CARTESIAN_POINT ( 'NONE',  ( 99.01382553817691701, -68.89759011234356478, 104.7876532887341767 ) ) ;
#3843 = CARTESIAN_POINT ( 'NONE',  ( 106.2360679774997863, -55.00000000000000000, 106.0000000000000000 ) ) ;
#3844 = EDGE_CURVE ( 'NONE', #3436, #1865, #2710, .T. ) ;
#3845 = CARTESIAN_POINT ( 'NONE',  ( 104.0000000000000142, -41.99999999999998579, 103.9999999999999858 ) ) ;
#3846 = ORIENTED_EDGE ( 'NONE', *, *, #3258, .T. ) ;
#3847 = ORIENTED_EDGE ( 'NONE', *, *, #1891, .T. ) ;
#3848 = AXIS2_PLACEMENT_3D ( 'NONE', #2824, #4316, #3195 ) ;
#3849 = CARTESIAN_POINT ( 'NONE',  ( 106.3480057239902123, -55.51251075935150681, 105.8685019399078726 ) ) ;
#3850 = LINE ( 'NONE', #3053, #2190 ) ;
#3851 = AXIS2_PLACEMENT_3D ( 'NONE', #2144, #1122, #4294 ) ;
#3852 = CARTESIAN_POINT ( 'NONE',  ( 106.7637123023369981, -38.99274977412893861, 105.1748220554701021 ) ) ;
#3853 = LINE ( 'NONE', #4465, #4074 ) ;
#3854 = CARTESIAN_POINT ( 'NONE',  ( 107.0000000000000142, -30.00000000000000000, 103.9999999999999858 ) ) ;
#3855 = CYLINDRICAL_SURFACE ( 'NONE', #4054, 2.499999999999998668 ) ;
#3856 = ORIENTED_EDGE ( 'NONE', *, *, #3316, .T. ) ;
#3857 = DIRECTION ( 'NONE',  ( -1.000000000000000000, 0.000000000000000000, 0.000000000000000000 ) ) ;
#3858 = DIRECTION ( 'NONE',  ( 1.000000000000000000, 0.000000000000000000, 0.000000000000000000 ) ) ;
#3859 =( LENGTH_UNIT ( ) NAMED_UNIT ( * ) SI_UNIT ( .MILLI., .METRE. ) );
#3860 = CYLINDRICAL_SURFACE ( 'NONE', #933, 1.000000000000000888 ) ;
#3861 = ORIENTED_EDGE ( 'NONE', *, *, #3873, .T. ) ;
#3862 = ORIENTED_EDGE ( 'NONE', *, *, #3875, .F. ) ;
#3863 = VECTOR ( 'NONE', #431, 1000.000000000000000 ) ;
#3864 = CARTESIAN_POINT ( 'NONE',  ( 106.9725781311756663, -37.17642986610096045, 104.4167973683872646 ) ) ;
#3865 = CYLINDRICAL_SURFACE ( 'NONE', #1430, 1.000000000000000888 ) ;
#3866 = EDGE_CURVE ( 'NONE', #105, #966, #4410, .T. ) ;
#3867 = ADVANCED_FACE ( 'NONE', ( #668 ), #618, .F. ) ;
#3868 = AXIS2_PLACEMENT_3D ( 'NONE', #1319, #998, #4518 ) ;
#3869 = CARTESIAN_POINT ( 'NONE',  ( 5.000000000000018652, -61.99999999999999289, 105.0000000000000000 ) ) ;
#3870 = EDGE_LOOP ( 'NONE', ( #1550, #2460, #1049, #4402 ) ) ;
#3871 = VECTOR ( 'NONE', #1303, 1000.000000000000000 ) ;
#3872 = EDGE_LOOP ( 'NONE', ( #748, #2747, #1525, #4344, #888, #2764, #3166, #2437, #4192, #1351 ) ) ;
#3873 = EDGE_CURVE ( 'NONE', #925, #3090, #3787, .T. ) ;
#3874 = DIRECTION ( 'NONE',  ( -0.000000000000000000, -0.000000000000000000, -1.000000000000000000 ) ) ;
#3875 = EDGE_CURVE ( 'NONE', #130, #792, #1743, .T. ) ;
#3876 = DIRECTION ( 'NONE',  ( 0.000000000000000000, 0.000000000000000000, 1.000000000000000000 ) ) ;
#3877 = LINE ( 'NONE', #398, #3029 ) ;
#3878 = CARTESIAN_POINT ( 'NONE',  ( 100.0000000000000142, -72.00000000000000000, 104.0000000000000000 ) ) ;
#3879 = CARTESIAN_POINT ( 'NONE',  ( -29.99999999999998579, 0.000000000000000000, 104.0000000000000000 ) ) ;
#3880 = ORIENTED_EDGE ( 'NONE', *, *, #2648, .T. ) ;
#3881 = DIRECTION ( 'NONE',  ( 0.000000000000000000, 0.000000000000000000, -1.000000000000000000 ) ) ;
#3882 = CIRCLE ( 'NONE', #4482, 1.000000000000000888 ) ;
#3883 = CARTESIAN_POINT ( 'NONE',  ( 106.2360679774998147, -54.86386992085735415, 106.0000000000000142 ) ) ;
#3884 = CARTESIAN_POINT ( 'NONE',  ( -36.99999999999997868, -5.999999999999998224, 106.9999999999999858 ) ) ;
#3885 = FACE_OUTER_BOUND ( 'NONE', #3023, .T. ) ;
#3886 = VERTEX_POINT ( 'NONE', #597 ) ;
#3887 = ORIENTED_EDGE ( 'NONE', *, *, #21, .F. ) ;
#3888 = CARTESIAN_POINT ( 'NONE',  ( 105.0000000000000142, -68.99999999999998579, 103.9999999999999858 ) ) ;
#3889 = CARTESIAN_POINT ( 'NONE',  ( -29.99999999999996092, -62.00000000000000000, 106.9999999999999858 ) ) ;
#3890 = DIRECTION ( 'NONE',  ( 0.000000000000000000, 0.000000000000000000, -1.000000000000000000 ) ) ;
#3891 = EDGE_LOOP ( 'NONE', ( #3263, #3670, #3713, #2596, #189, #1927, #1511 ) ) ;
#3892 = EDGE_LOOP ( 'NONE', ( #4199, #2537, #4004, #1876 ) ) ;
#3893 = EDGE_CURVE ( 'NONE', #2486, #4020, #2347, .T. ) ;
#3894 = CARTESIAN_POINT ( 'NONE',  ( 106.5884197527417285, -55.86174059526419455, 105.5218433066369670 ) ) ;
#3895 = DIRECTION ( 'NONE',  ( -1.000000000000000000, -0.000000000000000000, 2.312964634635740294E-15 ) ) ;
#3896 = EDGE_CURVE ( 'NONE', #1865, #385, #38, .T. ) ;
#3897 = EDGE_CURVE ( 'NONE', #3839, #3973, #2825, .T. ) ;
#3898 = EDGE_CURVE ( 'NONE', #1481, #4616, #4210, .T. ) ;
#3899 = FACE_OUTER_BOUND ( 'NONE', #3051, .T. ) ;
#3900 = LINE ( 'NONE', #3242, #3395 ) ;
#3901 = DIRECTION ( 'NONE',  ( 0.000000000000000000, 0.000000000000000000, 1.000000000000000000 ) ) ;
#3902 = EDGE_CURVE ( 'NONE', #3157, #633, #359, .T. ) ;
#3903 = AXIS2_PLACEMENT_3D ( 'NONE', #377, #1079, #2518 ) ;
#3904 = VERTEX_POINT ( 'NONE', #712 ) ;
#3905 = VECTOR ( 'NONE', #3065, 1000.000000000000000 ) ;
#3906 = DIRECTION ( 'NONE',  ( 1.000000000000000000, 0.000000000000000000, -0.000000000000000000 ) ) ;
#3907 = DIRECTION ( 'NONE',  ( 0.000000000000000000, -0.000000000000000000, 1.000000000000000000 ) ) ;
#3908 = VECTOR ( 'NONE', #471, 1000.000000000000000 ) ;
#3909 = CARTESIAN_POINT ( 'NONE',  ( -36.78146508079269950, -4.867171281048499942, 106.0000000000002700 ) ) ;
#3910 = B_SPLINE_CURVE_WITH_KNOTS ( 'NONE', 3,
 ( #3179, #3909, #720, #4608, #2133, #1782, #1251, #2274, #1894, #4370, #3312, #1271, #3360, #1202, #1520, #3382, #2966, #2248 ),
 .UNSPECIFIED., .F., .F.,
 ( 4, 2, 2, 2, 2, 2, 2, 2, 4 ),
 ( 0.001581842817970701993, 0.002002460017837596161, 0.002423077217704490329, 0.002843694417571384497, 0.003264311617438279099, 0.003684928817305173267, 0.004105546017172067436, 0.004526163217038961170, 0.004946780416905855772 ),
 .UNSPECIFIED. ) ;
#3911 = ORIENTED_EDGE ( 'NONE', *, *, #2385, .T. ) ;
#3912 = EDGE_LOOP ( 'NONE', ( #2981, #915, #2839, #3740, #1385, #3998, #2277 ) ) ;
#3913 = DIRECTION ( 'NONE',  ( -1.000000000000000000, 0.000000000000000000, 0.000000000000000000 ) ) ;
#3914 = AXIS2_PLACEMENT_3D ( 'NONE', #1933, #3396, #206 ) ;
#3915 = CYLINDRICAL_SURFACE ( 'NONE', #1579, 2.499999999999998668 ) ;
#3916 = CYLINDRICAL_SURFACE ( 'NONE', #2276, 1.000000000000000888 ) ;
#3917 = ORIENTED_EDGE ( 'NONE', *, *, #4325, .T. ) ;
#3918 = VECTOR ( 'NONE', #3959, 1000.000000000000000 ) ;
#3919 = ORIENTED_EDGE ( 'NONE', *, *, #303, .F. ) ;
#3920 = CARTESIAN_POINT ( 'NONE',  ( 104.0000000000000142, -6.000000000000002665, 99.99999999999998579 ) ) ;
#3921 = CARTESIAN_POINT ( 'NONE',  ( 5.000000000000018652, -10.00000000000000000, 105.0000000000000000 ) ) ;
#3922 = CIRCLE ( 'NONE', #4292, 1.000000000000000888 ) ;
#3923 = DIRECTION ( 'NONE',  ( 0.000000000000000000, 0.000000000000000000, -1.000000000000000000 ) ) ;
#3924 = CARTESIAN_POINT ( 'NONE',  ( 86.00000000000001421, -67.99999999999998579, 105.9999999999999858 ) ) ;
#3925 = ORIENTED_EDGE ( 'NONE', *, *, #1361, .F. ) ;
#3926 = DIRECTION ( 'NONE',  ( -0.000000000000000000, -0.000000000000000000, 1.000000000000000000 ) ) ;
#3927 = EDGE_CURVE ( 'NONE', #3151, #1922, #3328, .T. ) ;
#3928 = EDGE_CURVE ( 'NONE', #919, #2501, #2427, .T. ) ;
#3929 = DIRECTION ( 'NONE',  ( 1.000000000000000000, 0.000000000000000000, 0.000000000000000000 ) ) ;
#3930 = DIRECTION ( 'NONE',  ( 1.000000000000000000, -0.000000000000000000, -0.000000000000000000 ) ) ;
#3931 = CARTESIAN_POINT ( 'NONE',  ( 65.00000000000001421, -72.00000000000000000, 106.0000000000000000 ) ) ;
#3932 = ORIENTED_EDGE ( 'NONE', *, *, #914, .T. ) ;
#3933 = ORIENTED_EDGE ( 'NONE', *, *, #160, .T. ) ;
#3934 = CARTESIAN_POINT ( 'NONE',  ( -36.99999999999998579, -55.00000000000000000, 105.0000000000003268 ) ) ;
#3935 = DIRECTION ( 'NONE',  ( 0.000000000000000000, 0.000000000000000000, -1.000000000000000000 ) ) ;
#3936 = SPHERICAL_SURFACE ( 'NONE', #945, 3.000000000000000000 ) ;
#3937 = EDGE_LOOP ( 'NONE', ( #4454, #4219 ) ) ;
#3938 = ORIENTED_EDGE ( 'NONE', *, *, #845, .T. ) ;
#3939 = CARTESIAN_POINT ( 'NONE',  ( 104.9935539100704744, -68.98066173021162228, 104.3926942574879462 ) ) ;
#3940 = AXIS2_PLACEMENT_3D ( 'NONE', #2253, #1924, #3342 ) ;
#3941 = DIRECTION ( 'NONE',  ( 0.000000000000000000, 0.000000000000000000, -1.000000000000000000 ) ) ;
#3942 = CYLINDRICAL_SURFACE ( 'NONE', #4428, 2.499999999999998668 ) ;
#3943 = CARTESIAN_POINT ( 'NONE',  ( -39.99999999999997868, -66.99999999999998579, 99.99999999999998579 ) ) ;
#3944 = LINE ( 'NONE', #1040, #1466 ) ;
#3945 = EDGE_LOOP ( 'NONE', ( #1281, #3340, #3092, #697 ) ) ;
#3946 = DIRECTION ( 'NONE',  ( -1.000000000000000000, 0.000000000000000000, 0.000000000000000000 ) ) ;
#3947 = EDGE_CURVE ( 'NONE', #2769, #1482, #1088, .T. ) ;
#3948 = AXIS2_PLACEMENT_3D ( 'NONE', #1149, #2245, #141 ) ;
#3949 = CARTESIAN_POINT ( 'NONE',  ( 89.00000000000002842, -6.000000000000002665, 99.99999999999998579 ) ) ;
#3950 = CARTESIAN_POINT ( 'NONE',  ( 107.0003601997477176, -54.72634743272120517, 104.0285130053216847 ) ) ;
#3951 = DIRECTION ( 'NONE',  ( -1.000000000000000000, 0.000000000000000000, 0.000000000000000000 ) ) ;
#3952 = EDGE_CURVE ( 'NONE', #57, #2501, #2559, .T. ) ;
#3953 = VERTEX_POINT ( 'NONE', #3218 ) ;
#3954 = ORIENTED_EDGE ( 'NONE', *, *, #94, .T. ) ;
#3955 = CIRCLE ( 'NONE', #1719, 27.99999999999999645 ) ;
#3956 = EDGE_CURVE ( 'NONE', #524, #4461, #2791, .T. ) ;
#3957 = CARTESIAN_POINT ( 'NONE',  ( -29.99999999999998579, -72.00000000000000000, 104.0000000000000000 ) ) ;
#3958 = CARTESIAN_POINT ( 'NONE',  ( 20.00000000000004263, -62.00000000000000000, 99.99999999999998579 ) ) ;
#3959 = DIRECTION ( 'NONE',  ( 0.000000000000000000, 0.000000000000000000, 1.000000000000000000 ) ) ;
#3960 = EDGE_CURVE ( 'NONE', #763, #1549, #1307, .T. ) ;
#3961 = ORIENTED_EDGE ( 'NONE', *, *, #277, .F. ) ;
#3962 = ORIENTED_EDGE ( 'NONE', *, *, #823, .F. ) ;
#3963 = CARTESIAN_POINT ( 'NONE',  ( 104.9489261009487961, -68.84677830284573474, 104.9666470014585542 ) ) ;
#3964 = DIRECTION ( 'NONE',  ( 0.000000000000000000, 0.000000000000000000, 1.000000000000000000 ) ) ;
#3965 = DIRECTION ( 'NONE',  ( 0.000000000000000000, 0.000000000000000000, 1.000000000000000000 ) ) ;
#3966 = FACE_BOUND ( 'NONE', #2283, .T. ) ;
#3967 = ORIENTED_EDGE ( 'NONE', *, *, #303, .T. ) ;
#3968 = DIRECTION ( 'NONE',  ( 0.000000000000000000, 0.000000000000000000, -1.000000000000000000 ) ) ;
#3969 = CARTESIAN_POINT ( 'NONE',  ( 106.2625782240068162, -54.72796940268310806, 105.9710819721205297 ) ) ;
#3970 = LINE ( 'NONE', #2508, #2429 ) ;
#3971 = EDGE_CURVE ( 'NONE', #4031, #4407, #2121, .T. ) ;
#3972 = ORIENTED_EDGE ( 'NONE', *, *, #315, .F. ) ;
#3973 = VERTEX_POINT ( 'NONE', #3879 ) ;
#3974 = AXIS2_PLACEMENT_3D ( 'NONE', #329, #4228, #1748 ) ;
#3975 = LINE ( 'NONE', #2815, #4584 ) ;
#3976 = VECTOR ( 'NONE', #884, 1000.000000000000000 ) ;
#3977 = CARTESIAN_POINT ( 'NONE',  ( 110.0000000000000142, -30.00000000000000000, 105.0000000000000000 ) ) ;
#3978 = DIRECTION ( 'NONE',  ( -0.000000000000000000, 1.000000000000000000, -0.000000000000000000 ) ) ;
#3979 = EDGE_CURVE ( 'NONE', #302, #2913, #262, .T. ) ;
#3980 = ORIENTED_EDGE ( 'NONE', *, *, #1891, .F. ) ;
#3981 = ORIENTED_EDGE ( 'NONE', *, *, #2952, .T. ) ;
#3982 = VECTOR ( 'NONE', #3419, 1000.000000000000000 ) ;
#3983 = DIRECTION ( 'NONE',  ( 0.000000000000000000, 0.000000000000000000, 1.000000000000000000 ) ) ;
#3984 = ADVANCED_FACE ( 'NONE', ( #1799 ), #757, .F. ) ;
#3985 = CIRCLE ( 'NONE', #1975, 28.00000000000000000 ) ;
#3986 = DIRECTION ( 'NONE',  ( -1.084202172485504681E-16, -1.000000000000000000, -0.000000000000000000 ) ) ;
#3987 = CIRCLE ( 'NONE', #3385, 1.000000000000000888 ) ;
#3988 =( GEOMETRIC_REPRESENTATION_CONTEXT ( 3 ) GLOBAL_UNCERTAINTY_ASSIGNED_CONTEXT ( ( #542 ) ) GLOBAL_UNIT_ASSIGNED_CONTEXT ( ( #3859, #3482, #2810 ) ) REPRESENTATION_CONTEXT ( 'NONE', 'WORKASPACE' ) );
#3989 = ORIENTED_EDGE ( 'NONE', *, *, #2441, .F. ) ;
#3990 = B_SPLINE_CURVE_WITH_KNOTS ( 'NONE', 3,
 ( #2525, #3553, #3950, #7, #4301, #3199, #3178, #2462, #2200, #2544, #4277, #2828, #1828, #3969, #3883, #1458 ),
 .UNSPECIFIED., .F., .F.,
 ( 4, 2, 2, 2, 2, 2, 2, 4 ),
 ( 0.000000000000000000, 0.0004081357208136134496, 0.0008162714416272268993, 0.001224407162440840349, 0.001632542883254453799, 0.002448814324881627789, 0.002856950045695214567, 0.003265085766508801779 ),
 .UNSPECIFIED. ) ;
#3991 = DIRECTION ( 'NONE',  ( 0.000000000000000000, 0.000000000000000000, -1.000000000000000000 ) ) ;
#3992 = CARTESIAN_POINT ( 'NONE',  ( 107.0000000000000142, -49.99999999999998579, 99.99999999999998579 ) ) ;
#3993 = VERTEX_POINT ( 'NONE', #1192 ) ;
#3994 = CYLINDRICAL_SURFACE ( 'NONE', #1938, 1.000000000000000888 ) ;
#3995 = CARTESIAN_POINT ( 'NONE',  ( 100.6384892349902174, -68.99369230205937242, 104.2185113105283136 ) ) ;
#3996 = AXIS2_PLACEMENT_3D ( 'NONE', #1494, #4337, #1147 ) ;
#3997 = CARTESIAN_POINT ( 'NONE',  ( 94.00000000000000000, -72.00000000000000000, 106.9999999999999858 ) ) ;
#3998 = ORIENTED_EDGE ( 'NONE', *, *, #4033, .F. ) ;
#3999 = ORIENTED_EDGE ( 'NONE', *, *, #4011, .T. ) ;
#4000 = CARTESIAN_POINT ( 'NONE',  ( 5.000000000000018652, -3.000000000000000888, 104.0000000000000000 ) ) ;
#4001 = CARTESIAN_POINT ( 'NONE',  ( 94.00000000000000000, -72.00000000000000000, 103.9999999999999858 ) ) ;
#4002 = DIRECTION ( 'NONE',  ( 0.000000000000000000, 0.000000000000000000, 1.000000000000000000 ) ) ;
#4003 = ORIENTED_EDGE ( 'NONE', *, *, #4295, .T. ) ;
#4004 = ORIENTED_EDGE ( 'NONE', *, *, #164, .T. ) ;
#4005 = CARTESIAN_POINT ( 'NONE',  ( 107.0003710670042665, -38.27338759606229956, 104.0282973974178020 ) ) ;
#4006 = EDGE_CURVE ( 'NONE', #2874, #3090, #4232, .T. ) ;
#4007 = EDGE_CURVE ( 'NONE', #3993, #607, #3571, .T. ) ;
#4008 = DIRECTION ( 'NONE',  ( 3.469446951953611033E-15, 0.000000000000000000, 1.000000000000000000 ) ) ;
#4009 = ORIENTED_EDGE ( 'NONE', *, *, #1224, .F. ) ;
#4010 = ADVANCED_FACE ( 'NONE', ( #3173 ), #4603, .F. ) ;
#4011 = EDGE_CURVE ( 'NONE', #3993, #3904, #3160, .T. ) ;
#4012 = CARTESIAN_POINT ( 'NONE',  ( -36.87258043800123630, -5.124884428858031526, 106.0000000000003553 ) ) ;
#4013 = FACE_OUTER_BOUND ( 'NONE', #1812, .T. ) ;
#4014 = VERTEX_POINT ( 'NONE', #461 ) ;
#4015 = AXIS2_PLACEMENT_3D ( 'NONE', #3678, #1909, #866 ) ;
#4016 = DIRECTION ( 'NONE',  ( -0.000000000000000000, -1.000000000000000000, -0.000000000000000000 ) ) ;
#4017 = CARTESIAN_POINT ( 'NONE',  ( 107.0003710670042665, -65.27338759606227825, 104.0282973974178020 ) ) ;
#4018 = DIRECTION ( 'NONE',  ( 0.000000000000000000, 1.000000000000000000, 0.000000000000000000 ) ) ;
#4019 = CARTESIAN_POINT ( 'NONE',  ( 65.00000000000001421, -61.99999999999999289, 104.0000000000000000 ) ) ;
#4020 = VERTEX_POINT ( 'NONE', #111 ) ;
#4021 = ORIENTED_EDGE ( 'NONE', *, *, #991, .T. ) ;
#4022 = CARTESIAN_POINT ( 'NONE',  ( 106.5839329129972413, -29.12240348232704079, 105.5386595889418402 ) ) ;
#4023 = CARTESIAN_POINT ( 'NONE',  ( -34.99999999999998579, -68.99999999999998579, 99.99999999999998579 ) ) ;
#4024 = DIRECTION ( 'NONE',  ( -0.000000000000000000, -0.000000000000000000, 1.000000000000000000 ) ) ;
#4025 = VERTEX_POINT ( 'NONE', #2606 ) ;
#4026 = ORIENTED_EDGE ( 'NONE', *, *, #3896, .T. ) ;
#4027 = CARTESIAN_POINT ( 'NONE',  ( 105.5034520385408712, -66.50115067951369952, 106.6034947863210220 ) ) ;
#4028 = CIRCLE ( 'NONE', #4553, 2.499999999999998668 ) ;
#4029 = CARTESIAN_POINT ( 'NONE',  ( 100.6169143028014048, -3.595104125932227390, 105.7965305847017987 ) ) ;
#4030 = CARTESIAN_POINT ( 'NONE',  ( 5.000000000000018652, -68.99999999999998579, 105.9999999999999858 ) ) ;
#4031 = VERTEX_POINT ( 'NONE', #4030 ) ;
#4032 = DIRECTION ( 'NONE',  ( -1.000000000000000000, 0.000000000000000000, 0.000000000000000000 ) ) ;
#4033 = EDGE_CURVE ( 'NONE', #4505, #4390, #838, .T. ) ;
#4034 = CARTESIAN_POINT ( 'NONE',  ( 107.0000000000000284, -66.99999999999998579, 105.7573593128806948 ) ) ;
#4035 = VERTEX_POINT ( 'NONE', #3003 ) ;
#4036 = EDGE_CURVE ( 'NONE', #4146, #2297, #3756, .T. ) ;
#4037 = CIRCLE ( 'NONE', #2029, 1.000000000000000888 ) ;
#4038 = CARTESIAN_POINT ( 'NONE',  ( -36.99999999999998579, -65.00000000000000000, 104.0000000000003411 ) ) ;
#4039 = DIRECTION ( 'NONE',  ( 0.000000000000000000, -1.000000000000000000, 0.000000000000000000 ) ) ;
#4040 = EDGE_CURVE ( 'NONE', #1099, #1576, #640, .T. ) ;
#4041 = DIRECTION ( 'NONE',  ( -1.000000000000000000, 0.000000000000000000, -0.000000000000000000 ) ) ;
#4042 = DIRECTION ( 'NONE',  ( -1.000000000000000000, -0.000000000000000000, 2.312964634635740294E-15 ) ) ;
#4043 = EDGE_LOOP ( 'NONE', ( #4154, #3393, #407, #559, #3691, #3660, #677, #1793 ) ) ;
#4044 = EDGE_LOOP ( 'NONE', ( #3821, #3248 ) ) ;
#4045 = TOROIDAL_SURFACE ( 'NONE', #23, 2.000000000000000000, 1.000000000000000000 ) ;
#4046 = CARTESIAN_POINT ( 'NONE',  ( 107.0003601997477318, -29.72634743272119451, 104.0285130053217131 ) ) ;
#4047 = CARTESIAN_POINT ( 'NONE',  ( -29.99999999999998579, -68.99999999999998579, 105.0000000000000000 ) ) ;
#4048 = DIRECTION ( 'NONE',  ( -0.000000000000000000, -0.000000000000000000, 1.000000000000000000 ) ) ;
#4049 = ORIENTED_EDGE ( 'NONE', *, *, #912, .T. ) ;
#4050 = ORIENTED_EDGE ( 'NONE', *, *, #2581, .F. ) ;
#4051 = VECTOR ( 'NONE', #580, 1000.000000000000000 ) ;
#4052 = DIRECTION ( 'NONE',  ( -1.000000000000000000, 1.807003620809174262E-17, 0.000000000000000000 ) ) ;
#4053 = CARTESIAN_POINT ( 'NONE',  ( 105.0000000000000142, -68.99999999999998579, 99.99999999999998579 ) ) ;
#4054 = AXIS2_PLACEMENT_3D ( 'NONE', #2756, #1638, #3806 ) ;
#4055 = LINE ( 'NONE', #2288, #1376 ) ;
#4056 = ORIENTED_EDGE ( 'NONE', *, *, #4575, .F. ) ;
#4057 = AXIS2_PLACEMENT_3D ( 'NONE', #1558, #2979, #4405 ) ;
#4058 = AXIS2_PLACEMENT_3D ( 'NONE', #4340, #3267, #468 ) ;
#4059 = VECTOR ( 'NONE', #3196, 1000.000000000000000 ) ;
#4060 = DIRECTION ( 'NONE',  ( 0.000000000000000000, 0.000000000000000000, -1.000000000000000000 ) ) ;
#4061 = CARTESIAN_POINT ( 'NONE',  ( 99.01394595793608744, -3.102149622364845261, 104.7867655394393438 ) ) ;
#4062 = ORIENTED_EDGE ( 'NONE', *, *, #3377, .F. ) ;
#4063 = DIRECTION ( 'NONE',  ( 0.000000000000000000, 0.000000000000000000, -1.000000000000000000 ) ) ;
#4064 = LINE ( 'NONE', #544, #1674 ) ;
#4065 = EDGE_CURVE ( 'NONE', #400, #4505, #2656, .T. ) ;
#4066 = CARTESIAN_POINT ( 'NONE',  ( 106.9545467547174837, -64.10424111007162651, 104.5359013896212872 ) ) ;
#4067 = CARTESIAN_POINT ( 'NONE',  ( 107.0000000000000142, -41.99999999999998579, 103.9999999999999858 ) ) ;
#4068 = ORIENTED_EDGE ( 'NONE', *, *, #3642, .F. ) ;
#4069 = ORIENTED_EDGE ( 'NONE', *, *, #743, .T. ) ;
#4070 = EDGE_CURVE ( 'NONE', #400, #2855, #585, .T. ) ;
#4071 = CARTESIAN_POINT ( 'NONE',  ( 107.0000000000000142, -29.86199979492135625, 103.9999999999999858 ) ) ;
#4072 = AXIS2_PLACEMENT_3D ( 'NONE', #399, #2479, #1797 ) ;
#4073 = DIRECTION ( 'NONE',  ( 0.000000000000000000, 1.000000000000000000, 0.000000000000000000 ) ) ;
#4074 = VECTOR ( 'NONE', #192, 1000.000000000000000 ) ;
#4075 = DIRECTION ( 'NONE',  ( -1.000000000000000000, -3.469446951953611033E-15, 0.000000000000000000 ) ) ;
#4076 = ORIENTED_EDGE ( 'NONE', *, *, #1082, .F. ) ;
#4077 = ORIENTED_EDGE ( 'NONE', *, *, #2871, .F. ) ;
#4078 = CARTESIAN_POINT ( 'NONE',  ( 104.4431512009311547, -67.32945360279325087, 106.6964988880544212 ) ) ;
#4079 = CARTESIAN_POINT ( 'NONE',  ( -36.99999999999997158, -5.999999999999999112, 104.8665139852314780 ) ) ;
#4080 = EDGE_LOOP ( 'NONE', ( #3972, #2932, #3315, #1154 ) ) ;
#4081 = ORIENTED_EDGE ( 'NONE', *, *, #3469, .T. ) ;
#4082 = DIRECTION ( 'NONE',  ( -1.000000000000000000, 0.000000000000000000, 0.000000000000000000 ) ) ;
#4083 = CARTESIAN_POINT ( 'NONE',  ( 99.72634743272124069, -2.999639800252288602, 104.0285130053216704 ) ) ;
#4084 = ORIENTED_EDGE ( 'NONE', *, *, #3778, .T. ) ;
#4085 = CIRCLE ( 'NONE', #3638, 1.000000000000000888 ) ;
#4086 = CARTESIAN_POINT ( 'NONE',  ( 110.0000000000000142, -65.00000000000000000, 106.0000000000000142 ) ) ;
#4087 = CARTESIAN_POINT ( 'NONE',  ( 85.50000000000004263, -62.00000000000000000, 99.99999999999998579 ) ) ;
#4088 = AXIS2_PLACEMENT_3D ( 'NONE', #3738, #1971, #3390 ) ;
#4089 = CARTESIAN_POINT ( 'NONE',  ( 106.4040778208514411, -64.38447024690326259, 105.7976249577341008 ) ) ;
#4090 = LINE ( 'NONE', #1203, #331 ) ;
#4091 = VERTEX_POINT ( 'NONE', #513 ) ;
#4092 = ORIENTED_EDGE ( 'NONE', *, *, #2775, .F. ) ;
#4093 = EDGE_CURVE ( 'NONE', #2315, #3189, #2192, .T. ) ;
#4094 = LINE ( 'NONE', #3649, #2196 ) ;
#4095 = CARTESIAN_POINT ( 'NONE',  ( -34.99999999999998579, -66.99999999999998579, 99.99999999999998579 ) ) ;
#4096 = EDGE_CURVE ( 'NONE', #296, #4565, #3238, .T. ) ;
#4097 = CARTESIAN_POINT ( 'NONE',  ( 110.0000000000000142, -38.00000000000000000, 105.0000000000000142 ) ) ;
#4098 = ORIENTED_EDGE ( 'NONE', *, *, #4040, .F. ) ;
#4099 = ORIENTED_EDGE ( 'NONE', *, *, #1338, .T. ) ;
#4100 = EDGE_CURVE ( 'NONE', #2778, #17, #3703, .T. ) ;
#4101 = FACE_OUTER_BOUND ( 'NONE', #4609, .T. ) ;
#4102 = EDGE_CURVE ( 'NONE', #4390, #2855, #1953, .T. ) ;
#4103 = CARTESIAN_POINT ( 'NONE',  ( -36.87215579076346472, -5.123683345092265640, 104.0000000000002984 ) ) ;
#4104 = ORIENTED_EDGE ( 'NONE', *, *, #2701, .F. ) ;
#4105 = VERTEX_POINT ( 'NONE', #1580 ) ;
#4106 = CIRCLE ( 'NONE', #2907, 2.000000000000001776 ) ;
#4107 = DIRECTION ( 'NONE',  ( 0.000000000000000000, 0.000000000000000000, -1.000000000000000000 ) ) ;
#4108 = CARTESIAN_POINT ( 'NONE',  ( -29.99999999999998579, -68.99999999999998579, 105.0000000000000000 ) ) ;
#4109 = ORIENTED_EDGE ( 'NONE', *, *, #3121, .F. ) ;
#4110 = CARTESIAN_POINT ( 'NONE',  ( 22.50000000000002132, -6.000000000000000888, 99.99999999999998579 ) ) ;
#4111 = CARTESIAN_POINT ( 'NONE',  ( 88.00000000000002842, -65.99999999999998579, 105.9999999999999858 ) ) ;
#4112 = CARTESIAN_POINT ( 'NONE',  ( 106.8975901123435648, -30.98617446182310076, 104.7876532887341767 ) ) ;
#4113 = DIRECTION ( 'NONE',  ( 1.000000000000000000, -0.000000000000000000, -0.000000000000000000 ) ) ;
#4114 = ORIENTED_EDGE ( 'NONE', *, *, #3755, .T. ) ;
#4115 = DIRECTION ( 'NONE',  ( -1.000000000000000000, 1.084202172485504681E-16, 0.000000000000000000 ) ) ;
#4116 = CARTESIAN_POINT ( 'NONE',  ( 100.0000000000000142, -72.00000000000000000, 105.0000000000000000 ) ) ;
#4117 = ADVANCED_FACE ( 'NONE', ( #2002, #3073, #3351, #1305, #4124 ), #1242, .T. ) ;
#4118 = DIRECTION ( 'NONE',  ( -1.000000000000000000, 0.000000000000000000, 0.000000000000000000 ) ) ;
#4119 = ORIENTED_EDGE ( 'NONE', *, *, #68, .T. ) ;
#4120 = ORIENTED_EDGE ( 'NONE', *, *, #1905, .T. ) ;
#4121 = DIRECTION ( 'NONE',  ( 1.927470528863119049E-16, -1.000000000000000000, 0.000000000000000000 ) ) ;
#4122 = DIRECTION ( 'NONE',  ( 1.000000000000000000, 1.927470528863117323E-16, 0.000000000000000000 ) ) ;
#4123 = EDGE_CURVE ( 'NONE', #2112, #1367, #410, .T. ) ;
#4124 = FACE_OUTER_BOUND ( 'NONE', #2003, .T. ) ;
#4125 = VECTOR ( 'NONE', #1943, 1000.000000000000000 ) ;
#4126 = AXIS2_PLACEMENT_3D ( 'NONE', #2786, #2762, #1001 ) ;
#4127 = ORIENTED_EDGE ( 'NONE', *, *, #1386, .F. ) ;
#4128 = ADVANCED_FACE ( 'NONE', ( #2722 ), #937, .F. ) ;
#4129 = AXIS2_PLACEMENT_3D ( 'NONE', #1337, #3148, #4577 ) ;
#4130 = CARTESIAN_POINT ( 'NONE',  ( 100.0000000000000142, -30.00000000000000000, 105.0000000000000000 ) ) ;
#4131 = DIRECTION ( 'NONE',  ( 0.000000000000000000, -1.000000000000000000, 0.000000000000000000 ) ) ;
#4132 = ORIENTED_EDGE ( 'NONE', *, *, #1189, .T. ) ;
#4133 = VECTOR ( 'NONE', #1285, 1000.000000000000000 ) ;
#4134 = CARTESIAN_POINT ( 'NONE',  ( -36.99999999999998579, -65.00000000000000000, 105.0000000000003411 ) ) ;
#4135 = AXIS2_PLACEMENT_3D ( 'NONE', #3142, #2165, #327 ) ;
#4136 = LINE ( 'NONE', #4163, #4510 ) ;
#4137 = DIRECTION ( 'NONE',  ( 3.469446951953611033E-15, 0.000000000000000000, 1.000000000000000000 ) ) ;
#4138 = DIRECTION ( 'NONE',  ( 1.000000000000000000, 0.000000000000000000, 0.000000000000000000 ) ) ;
#4139 = AXIS2_PLACEMENT_3D ( 'NONE', #4223, #4615, #2745 ) ;
#4140 = AXIS2_PLACEMENT_3D ( 'NONE', #1342, #2853, #8 ) ;
#4141 = ORIENTED_EDGE ( 'NONE', *, *, #3061, .F. ) ;
#4142 = CARTESIAN_POINT ( 'NONE',  ( -27.49999999999997513, -11.99999999999999645, 109.9999999999999858 ) ) ;
#4143 = CARTESIAN_POINT ( 'NONE',  ( 35.50000000000004263, -62.00000000000000000, 106.9999999999999858 ) ) ;
#4144 = CARTESIAN_POINT ( 'NONE',  ( 100.5257506437113193, -3.002684305779671714, 104.1382964627071743 ) ) ;
#4145 = CARTESIAN_POINT ( 'NONE',  ( 65.00000000000001421, -68.99999999999998579, 105.0000000000000000 ) ) ;
#4146 = VERTEX_POINT ( 'NONE', #2678 ) ;
#4147 = ORIENTED_EDGE ( 'NONE', *, *, #4242, .T. ) ;
#4148 = AXIS2_PLACEMENT_3D ( 'NONE', #1130, #2880, #4302 ) ;
#4149 = LINE ( 'NONE', #2697, #3150 ) ;
#4150 = CARTESIAN_POINT ( 'NONE',  ( 91.00000000000000000, -41.99999999999998579, 99.99999999999998579 ) ) ;
#4151 = CARTESIAN_POINT ( 'NONE',  ( -36.90802969126309563, -5.252760697740201934, 104.0239001108104873 ) ) ;
#4152 = ORIENTED_EDGE ( 'NONE', *, *, #4351, .F. ) ;
#4153 = ORIENTED_EDGE ( 'NONE', *, *, #160, .F. ) ;
#4154 = ORIENTED_EDGE ( 'NONE', *, *, #4160, .T. ) ;
#4155 = EDGE_CURVE ( 'NONE', #96, #567, #495, .T. ) ;
#4156 = EDGE_CURVE ( 'NONE', #3605, #3839, #3305, .T. ) ;
#4157 = DIRECTION ( 'NONE',  ( 1.000000000000000000, 0.000000000000000000, 0.000000000000000000 ) ) ;
#4158 = DIRECTION ( 'NONE',  ( 0.000000000000000000, 0.000000000000000000, -1.000000000000000000 ) ) ;
#4159 = EDGE_CURVE ( 'NONE', #2998, #4233, #180, .T. ) ;
#4160 = EDGE_CURVE ( 'NONE', #3502, #4224, #4055, .T. ) ;
#4161 = DIRECTION ( 'NONE',  ( 0.000000000000000000, 0.000000000000000000, -1.000000000000000000 ) ) ;
#4162 = VERTEX_POINT ( 'NONE', #300 ) ;
#4163 = CARTESIAN_POINT ( 'NONE',  ( 89.00000000000002842, -65.99999999999998579, 99.99999999999998579 ) ) ;
#4164 = CARTESIAN_POINT ( 'NONE',  ( 106.2360679774997720, -30.13595283871732278, 106.0000000000000000 ) ) ;
#4165 = FACE_OUTER_BOUND ( 'NONE', #1561, .T. ) ;
#4166 = ADVANCED_FACE ( 'NONE', ( #2400 ), #1696, .F. ) ;
#4167 = ORIENTED_EDGE ( 'NONE', *, *, #3039, .T. ) ;
#4168 = DIRECTION ( 'NONE',  ( -1.084202172485504681E-16, -1.000000000000000000, -0.000000000000000000 ) ) ;
#4169 = VECTOR ( 'NONE', #3930, 1000.000000000000000 ) ;
#4170 = DIRECTION ( 'NONE',  ( -0.000000000000000000, 1.000000000000000000, -0.000000000000000000 ) ) ;
#4171 = SURFACE_SIDE_STYLE ('',( #3156 ) ) ;
#4172 = ORIENTED_EDGE ( 'NONE', *, *, #469, .F. ) ;
#4173 = ORIENTED_EDGE ( 'NONE', *, *, #2103, .F. ) ;
#4174 = CARTESIAN_POINT ( 'NONE',  ( 98.99505742814024245, -68.85826076768958615, 104.9212263218093284 ) ) ;
#4175 = DIRECTION ( 'NONE',  ( -1.000000000000000000, 0.000000000000000000, 2.312964634635740294E-15 ) ) ;
#4176 = DIRECTION ( 'NONE',  ( 0.000000000000000000, 0.000000000000000000, -1.000000000000000000 ) ) ;
#4177 = ORIENTED_EDGE ( 'NONE', *, *, #73, .F. ) ;
#4178 = ORIENTED_EDGE ( 'NONE', *, *, #3472, .T. ) ;
#4179 = VECTOR ( 'NONE', #2684, 1000.000000000000000 ) ;
#4180 = DIRECTION ( 'NONE',  ( -1.000000000000000000, -1.734723475976805517E-15, 0.000000000000000000 ) ) ;
#4181 = DIRECTION ( 'NONE',  ( 0.000000000000000000, -1.000000000000000000, 0.000000000000000000 ) ) ;
#4182 = AXIS2_PLACEMENT_3D ( 'NONE', #422, #4336, #800 ) ;
#4183 = CARTESIAN_POINT ( 'NONE',  ( 23.00000000000002487, -36.99999999999999289, 106.9999999999999858 ) ) ;
#4184 = CARTESIAN_POINT ( 'NONE',  ( 106.2625782240067736, -14.72796940268312049, 105.9710819721205013 ) ) ;
#4185 = DIRECTION ( 'NONE',  ( 3.469446951953611033E-15, 0.000000000000000000, 1.000000000000000000 ) ) ;
#4186 = CARTESIAN_POINT ( 'NONE',  ( -34.99999999999998579, -68.99999999999998579, 99.99999999999998579 ) ) ;
#4187 = ADVANCED_FACE ( 'NONE', ( #3820 ), #3116, .F. ) ;
#4188 = VERTEX_POINT ( 'NONE', #4525 ) ;
#4189 = EDGE_CURVE ( 'NONE', #2725, #1544, #4356, .T. ) ;
#4190 = DIRECTION ( 'NONE',  ( 1.807003620809174262E-17, 1.000000000000000000, -0.000000000000000000 ) ) ;
#4191 = DIRECTION ( 'NONE',  ( 0.000000000000000000, 0.000000000000000000, 1.000000000000000000 ) ) ;
#4192 = ORIENTED_EDGE ( 'NONE', *, *, #3287, .F. ) ;
#4193 = ORIENTED_EDGE ( 'NONE', *, *, #3971, .T. ) ;
#4194 = AXIS2_PLACEMENT_3D ( 'NONE', #2001, #2399, #2792 ) ;
#4195 = CARTESIAN_POINT ( 'NONE',  ( 106.5839329129972413, -37.12240348232703013, 105.5386595889418686 ) ) ;
#4196 = CARTESIAN_POINT ( 'NONE',  ( 22.50000000000003553, -11.99999999999999645, 106.9999999999999858 ) ) ;
#4197 = CARTESIAN_POINT ( 'NONE',  ( 35.50000000000004263, -62.00000000000000000, 109.9999999999999858 ) ) ;
#4198 = ORIENTED_EDGE ( 'NONE', *, *, #248, .T. ) ;
#4199 = ORIENTED_EDGE ( 'NONE', *, *, #819, .T. ) ;
#4200 = AXIS2_PLACEMENT_3D ( 'NONE', #2524, #2850, #403 ) ;
#4201 = DIRECTION ( 'NONE',  ( -1.000000000000000000, 0.000000000000000000, 0.000000000000000000 ) ) ;
#4202 = DIRECTION ( 'NONE',  ( 1.000000000000000000, 0.000000000000000000, -2.775557561562890957E-15 ) ) ;
#4203 = AXIS2_PLACEMENT_3D ( 'NONE', #1401, #4620, #4290 ) ;
#4204 = MECHANICAL_DESIGN_GEOMETRIC_PRESENTATION_REPRESENTATION (  '', ( #402 ), #2631 ) ;
#4205 = FACE_OUTER_BOUND ( 'NONE', #1985, .T. ) ;
#4206 = DIRECTION ( 'NONE',  ( -1.000000000000000000, 0.000000000000000000, 0.000000000000000000 ) ) ;
#4207 = CARTESIAN_POINT ( 'NONE',  ( 106.8582607676896004, -31.00494257185978952, 104.9212263218093284 ) ) ;
#4208 = DIRECTION ( 'NONE',  ( 0.000000000000000000, 0.000000000000000000, -1.000000000000000000 ) ) ;
#4209 = ORIENTED_EDGE ( 'NONE', *, *, #51, .F. ) ;
#4210 = CIRCLE ( 'NONE', #106, 2.000000000000001776 ) ;
#4211 = CIRCLE ( 'NONE', #560, 3.000000000000002665 ) ;
#4212 = ADVANCED_FACE ( 'NONE', ( #1034 ), #3916, .F. ) ;
#4213 = CARTESIAN_POINT ( 'NONE',  ( -36.99999999999997868, -3.000000000000000000, 99.99999999999998579 ) ) ;
#4214 = AXIS2_PLACEMENT_3D ( 'NONE', #478, #809, #2994 ) ;
#4215 = FACE_OUTER_BOUND ( 'NONE', #354, .T. ) ;
#4216 = CARTESIAN_POINT ( 'NONE',  ( -39.99999999999999289, -40.00000000000000000, 105.0000000000003411 ) ) ;
#4217 = ADVANCED_FACE ( 'NONE', ( #2794 ), #3163, .F. ) ;
#4218 = ORIENTED_EDGE ( 'NONE', *, *, #469, .T. ) ;
#4219 = ORIENTED_EDGE ( 'NONE', *, *, #3814, .F. ) ;
#4220 = AXIS2_PLACEMENT_3D ( 'NONE', #1095, #787, #1808 ) ;
#4221 = CYLINDRICAL_SURFACE ( 'NONE', #401, 1.000000000000000888 ) ;
#4222 = DIRECTION ( 'NONE',  ( -1.000000000000000000, 0.000000000000000000, 0.000000000000000000 ) ) ;
#4223 = CARTESIAN_POINT ( 'NONE',  ( -29.99999999999997513, -11.99999999999999645, 109.9999999999999858 ) ) ;
#4224 = VERTEX_POINT ( 'NONE', #2447 ) ;
#4225 = ORIENTED_EDGE ( 'NONE', *, *, #3316, .F. ) ;
#4226 = AXIS2_PLACEMENT_3D ( 'NONE', #237, #644, #1730 ) ;
#4227 = LINE ( 'NONE', #1037, #1824 ) ;
#4228 = DIRECTION ( 'NONE',  ( 0.000000000000000000, 1.000000000000000000, 0.000000000000000000 ) ) ;
#4229 = AXIS2_PLACEMENT_3D ( 'NONE', #1083, #2498, #3923 ) ;
#4230 = CARTESIAN_POINT ( 'NONE',  ( 94.00000000000000000, -65.99999999999998579, 99.99999999999998579 ) ) ;
#4231 = DIRECTION ( 'NONE',  ( 1.000000000000000000, 0.000000000000000000, 0.000000000000000000 ) ) ;
#4232 = LINE ( 'NONE', #2502, #938 ) ;
#4233 = VERTEX_POINT ( 'NONE', #1325 ) ;
#4234 = CARTESIAN_POINT ( 'NONE',  ( 22.50000000000002132, -6.000000000000000888, 105.9999999999999858 ) ) ;
#4235 = FACE_BOUND ( 'NONE', #612, .T. ) ;
#4236 = DIRECTION ( 'NONE',  ( -1.000000000000000000, 0.000000000000000000, 2.312964634635740294E-15 ) ) ;
#4237 = ORIENTED_EDGE ( 'NONE', *, *, #1194, .F. ) ;
#4238 = ORIENTED_EDGE ( 'NONE', *, *, #4528, .T. ) ;
#4239 = VECTOR ( 'NONE', #4168, 1000.000000000000000 ) ;
#4240 = DIRECTION ( 'NONE',  ( 0.000000000000000000, 0.000000000000000000, 1.000000000000000000 ) ) ;
#4241 = CYLINDRICAL_SURFACE ( 'NONE', #3416, 1.000000000000000888 ) ;
#4242 = EDGE_CURVE ( 'NONE', #3699, #3704, #2138, .T. ) ;
#4243 = DIRECTION ( 'NONE',  ( 1.000000000000000000, 0.000000000000000000, 0.000000000000000000 ) ) ;
#4244 = EDGE_CURVE ( 'NONE', #462, #325, #3165, .T. ) ;
#4245 = ORIENTED_EDGE ( 'NONE', *, *, #3582, .T. ) ;
#4246 = ADVANCED_FACE ( 'NONE', ( #3491 ), #1370, .F. ) ;
#4247 = EDGE_LOOP ( 'NONE', ( #590, #3314, #1913, #301 ) ) ;
#4248 = CARTESIAN_POINT ( 'NONE',  ( 107.0000000000000142, -66.99999999999998579, 103.9999999999999858 ) ) ;
#4249 = CARTESIAN_POINT ( 'NONE',  ( -29.99999999999999645, -65.00000000000000000, 104.0000000000003268 ) ) ;
#4250 = CARTESIAN_POINT ( 'NONE',  ( -36.99999999999997868, -5.999999999999998224, 105.0000000000003268 ) ) ;
#4251 = DIRECTION ( 'NONE',  ( -0.000000000000000000, -0.000000000000000000, -1.000000000000000000 ) ) ;
#4252 = DIRECTION ( 'NONE',  ( -0.000000000000000000, -0.000000000000000000, 1.000000000000000000 ) ) ;
#4253 = ORIENTED_EDGE ( 'NONE', *, *, #3979, .T. ) ;
#4254 = CARTESIAN_POINT ( 'NONE',  ( -29.99999999999999289, -65.00000000000000000, 105.0000000000003268 ) ) ;
#4255 = VECTOR ( 'NONE', #842, 1000.000000000000000 ) ;
#4256 = FACE_BOUND ( 'NONE', #4379, .T. ) ;
#4257 = CARTESIAN_POINT ( 'NONE',  ( -39.99999999999999289, -5.000000000000000000, 105.0000000000003411 ) ) ;
#4258 = VERTEX_POINT ( 'NONE', #4546 ) ;
#4259 = ORIENTED_EDGE ( 'NONE', *, *, #2918, .F. ) ;
#4260 = CARTESIAN_POINT ( 'NONE',  ( -36.99999999999997868, -3.000000000000000000, 105.9999999999999858 ) ) ;
#4261 = DIRECTION ( 'NONE',  ( -1.000000000000000000, 0.000000000000000000, 0.000000000000000000 ) ) ;
#4262 = ORIENTED_EDGE ( 'NONE', *, *, #363, .T. ) ;
#4263 = ORIENTED_EDGE ( 'NONE', *, *, #1960, .T. ) ;
#4264 = CIRCLE ( 'NONE', #4491, 1.000000000000000888 ) ;
#4265 = EDGE_CURVE ( 'NONE', #60, #4372, #2939, .T. ) ;
#4266 = LINE ( 'NONE', #4289, #3232 ) ;
#4267 = DIRECTION ( 'NONE',  ( -1.000000000000000000, 0.000000000000000000, 0.000000000000000000 ) ) ;
#4268 = EDGE_CURVE ( 'NONE', #4363, #2795, #110, .T. ) ;
#4269 = VECTOR ( 'NONE', #3219, 1000.000000000000000 ) ;
#4270 = DIRECTION ( 'NONE',  ( 0.000000000000000000, 0.000000000000000000, 1.000000000000000000 ) ) ;
#4271 = FACE_BOUND ( 'NONE', #2746, .T. ) ;
#4272 = ORIENTED_EDGE ( 'NONE', *, *, #338, .T. ) ;
#4273 = DIRECTION ( 'NONE',  ( -1.000000000000000000, 0.000000000000000000, 0.000000000000000000 ) ) ;
#4274 = AXIS2_PLACEMENT_3D ( 'NONE', #947, #2704, #2028 ) ;
#4275 = VECTOR ( 'NONE', #3413, 1000.000000000000000 ) ;
#4276 = LINE ( 'NONE', #737, #4397 ) ;
#4277 = CARTESIAN_POINT ( 'NONE',  ( 106.5839329129972270, -54.12240348232702303, 105.5386595889418260 ) ) ;
#4278 = VECTOR ( 'NONE', #2945, 1000.000000000000000 ) ;
#4279 = DIRECTION ( 'NONE',  ( -0.000000000000000000, -1.000000000000000000, -0.000000000000000000 ) ) ;
#4280 = ORIENTED_EDGE ( 'NONE', *, *, #129, .T. ) ;
#4281 = ORIENTED_EDGE ( 'NONE', *, *, #1725, .F. ) ;
#4282 = AXIS2_PLACEMENT_3D ( 'NONE', #1893, #3644, #3665 ) ;
#4283 = DIRECTION ( 'NONE',  ( -0.000000000000000000, -1.000000000000000000, -0.000000000000000000 ) ) ;
#4284 = DIRECTION ( 'NONE',  ( 1.000000000000000000, 0.000000000000000000, 0.000000000000000000 ) ) ;
#4285 = CARTESIAN_POINT ( 'NONE',  ( 88.00000000000002842, -6.000000000000002665, 105.9999999999999858 ) ) ;
#4286 = VERTEX_POINT ( 'NONE', #4197 ) ;
#4287 = ORIENTED_EDGE ( 'NONE', *, *, #3403, .T. ) ;
#4288 = CARTESIAN_POINT ( 'NONE',  ( 86.00000000000001421, -65.99999999999998579, 106.9999999999999858 ) ) ;
#4289 = CARTESIAN_POINT ( 'NONE',  ( 100.0000000000000142, -65.00000000000000000, 106.0000000000000142 ) ) ;
#4290 = DIRECTION ( 'NONE',  ( -1.000000000000000000, 0.000000000000000000, 0.000000000000000000 ) ) ;
#4291 = EDGE_CURVE ( 'NONE', #445, #458, #3987, .T. ) ;
#4292 = AXIS2_PLACEMENT_3D ( 'NONE', #3262, #3548, #1822 ) ;
#4293 = B_SPLINE_CURVE_WITH_KNOTS ( 'NONE', 3,
 ( #4418, #91, #1547, #3688, #3036, #521, #450, #850, #498, #1568, #2990, #2295, #1919, #1941, #826, #4467, #3666, #470 ),
 .UNSPECIFIED., .F., .F.,
 ( 4, 2, 2, 2, 2, 2, 2, 2, 4 ),
 ( 0.003265085766508818259, 0.003672690097425312765, 0.004080294428341808138, 0.004487898759258302644, 0.004895503090174797151, 0.005303107421091291657, 0.005710711752007786163, 0.006118316082924281536, 0.006525920413840776042 ),
 .UNSPECIFIED. ) ;
#4294 = DIRECTION ( 'NONE',  ( 0.000000000000000000, 0.000000000000000000, 1.000000000000000000 ) ) ;
#4295 = EDGE_CURVE ( 'NONE', #458, #1677, #1977, .T. ) ;
#4296 = CARTESIAN_POINT ( 'NONE',  ( 80.50000000000002842, -11.99999999999999645, 109.9999999999999858 ) ) ;
#4297 = ORIENTED_EDGE ( 'NONE', *, *, #739, .T. ) ;
#4298 = DIRECTION ( 'NONE',  ( 0.000000000000000000, 0.000000000000000000, 1.000000000000000000 ) ) ;
#4299 = ADVANCED_FACE ( 'NONE', ( #1053 ), #2490, .F. ) ;
#4300 = CARTESIAN_POINT ( 'NONE',  ( 5.000000000000018652, -61.99999999999999289, 104.0000000000000000 ) ) ;
#4301 = CARTESIAN_POINT ( 'NONE',  ( 106.9936923020594008, -54.36151076500982526, 104.2185113105283136 ) ) ;
#4302 = DIRECTION ( 'NONE',  ( 1.000000000000000000, 0.000000000000000000, 0.000000000000000000 ) ) ;
#4303 = ORIENTED_EDGE ( 'NONE', *, *, #3469, .F. ) ;
#4304 = EDGE_LOOP ( 'NONE', ( #3807, #4049, #3720, #1220 ) ) ;
#4305 = FACE_OUTER_BOUND ( 'NONE', #3945, .T. ) ;
#4306 = DIRECTION ( 'NONE',  ( -1.000000000000000000, 1.807003620809174262E-17, -0.000000000000000000 ) ) ;
#4307 = CARTESIAN_POINT ( 'NONE',  ( 107.0000000000000142, -66.99999999999998579, 103.9999999999999858 ) ) ;
#4308 = ORIENTED_EDGE ( 'NONE', *, *, #2586, .F. ) ;
#4309 = CIRCLE ( 'NONE', #2301, 2.999999999999999112 ) ;
#4310 = ORIENTED_EDGE ( 'NONE', *, *, #4383, .F. ) ;
#4311 = CARTESIAN_POINT ( 'NONE',  ( 106.7884608975120386, -68.78846089751201021, 105.2367506125593337 ) ) ;
#4312 = TOROIDAL_SURFACE ( 'NONE', #4538, 2.000000000000000000, 1.000000000000000000 ) ;
#4313 = CARTESIAN_POINT ( 'NONE',  ( 94.00000000000000000, -44.99999999999999289, 109.9999999999999858 ) ) ;
#4314 = CYLINDRICAL_SURFACE ( 'NONE', #48, 2.999999999999999112 ) ;
#4315 = EDGE_CURVE ( 'NONE', #2855, #3699, #719, .T. ) ;
#4316 = DIRECTION ( 'NONE',  ( 0.000000000000000000, 1.000000000000000000, 0.000000000000000000 ) ) ;
#4317 = ORIENTED_EDGE ( 'NONE', *, *, #1005, .T. ) ;
#4318 = LINE ( 'NONE', #52, #4269 ) ;
#4319 = PLANE ( 'NONE',  #4387 ) ;
#4320 = ADVANCED_FACE ( 'NONE', ( #2117, #3537, #1072, #1137, #1879 ), #3604, .F. ) ;
#4321 = EDGE_CURVE ( 'NONE', #2257, #3189, #563, .T. ) ;
#4322 = CYLINDRICAL_SURFACE ( 'NONE', #2436, 1.000000000000000888 ) ;
#4323 = ORIENTED_EDGE ( 'NONE', *, *, #2385, .F. ) ;
#4324 = VERTEX_POINT ( 'NONE', #389 ) ;
#4325 = EDGE_CURVE ( 'NONE', #3269, #2657, #2860, .T. ) ;
#4326 = AXIS2_PLACEMENT_3D ( 'NONE', #4130, #3052, #3119 ) ;
#4327 = AXIS2_PLACEMENT_3D ( 'NONE', #2180, #3226, #1807 ) ;
#4328 = CARTESIAN_POINT ( 'NONE',  ( 80.50000000000002842, -11.99999999999999645, 99.99999999999998579 ) ) ;
#4329 = DIRECTION ( 'NONE',  ( -0.000000000000000000, -0.000000000000000000, 1.000000000000000000 ) ) ;
#4330 = CARTESIAN_POINT ( 'NONE',  ( 83.00000000000002842, -11.99999999999999645, 99.99999999999998579 ) ) ;
#4331 = ORIENTED_EDGE ( 'NONE', *, *, #3554, .F. ) ;
#4332 = ORIENTED_EDGE ( 'NONE', *, *, #4531, .F. ) ;
#4333 = CARTESIAN_POINT ( 'NONE',  ( 106.9542093303369938, -38.89658726422840829, 104.5376554611970334 ) ) ;
#4334 = LINE ( 'NONE', #3257, #4357 ) ;
#4335 = ORIENTED_EDGE ( 'NONE', *, *, #3261, .T. ) ;
#4336 = DIRECTION ( 'NONE',  ( 1.807003620809174262E-17, 1.000000000000000000, -0.000000000000000000 ) ) ;
#4337 = DIRECTION ( 'NONE',  ( 1.000000000000000000, 0.000000000000000000, 0.000000000000000000 ) ) ;
#4338 = EDGE_LOOP ( 'NONE', ( #872, #475, #2585, #3357 ) ) ;
#4339 = DIRECTION ( 'NONE',  ( 1.000000000000000000, 0.000000000000000000, 0.000000000000000000 ) ) ;
#4340 = CARTESIAN_POINT ( 'NONE',  ( 100.0000000000000142, -10.00000000000000000, 105.0000000000000000 ) ) ;
#4341 = LINE ( 'NONE', #740, #3616 ) ;
#4342 = AXIS2_PLACEMENT_3D ( 'NONE', #1724, #2495, #2101 ) ;
#4343 = ORIENTED_EDGE ( 'NONE', *, *, #2496, .T. ) ;
#4344 = ORIENTED_EDGE ( 'NONE', *, *, #2699, .F. ) ;
#4345 = EDGE_CURVE ( 'NONE', #1571, #4461, #2533, .T. ) ;
#4346 = EDGE_CURVE ( 'NONE', #4258, #2428, #79, .T. ) ;
#4347 = CIRCLE ( 'NONE', #1081, 1.000000000000000888 ) ;
#4348 = CARTESIAN_POINT ( 'NONE',  ( 27.50000000000002487, 1.927470528863119049E-16, 105.9999999999999858 ) ) ;
#4349 = AXIS2_PLACEMENT_3D ( 'NONE', #4541, #4191, #650 ) ;
#4350 = DIRECTION ( 'NONE',  ( 0.000000000000000000, 1.000000000000000000, 0.000000000000000000 ) ) ;
#4351 = EDGE_CURVE ( 'NONE', #782, #829, #747, .T. ) ;
#4352 = DIRECTION ( 'NONE',  ( 1.000000000000000000, 0.000000000000000000, 0.000000000000000000 ) ) ;
#4353 = EDGE_LOOP ( 'NONE', ( #170, #3641 ) ) ;
#4354 = ORIENTED_EDGE ( 'NONE', *, *, #94, .F. ) ;
#4355 = ADVANCED_FACE ( 'NONE', ( #2513 ), #2577, .F. ) ;
#4356 = CIRCLE ( 'NONE', #2933, 1.000000000000000888 ) ;
#4357 = VECTOR ( 'NONE', #3702, 1000.000000000000000 ) ;
#4358 = DIRECTION ( 'NONE',  ( 1.000000000000000000, 0.000000000000000000, -0.000000000000000000 ) ) ;
#4359 = VECTOR ( 'NONE', #148, 1000.000000000000000 ) ;
#4360 = DIRECTION ( 'NONE',  ( -1.000000000000000000, -0.000000000000000000, 2.312964634635740294E-15 ) ) ;
#4361 = AXIS2_PLACEMENT_3D ( 'NONE', #2231, #4002, #3583 ) ;
#4362 = AXIS2_PLACEMENT_3D ( 'NONE', #4257, #1803, #3222 ) ;
#4363 = VERTEX_POINT ( 'NONE', #811 ) ;
#4364 = CIRCLE ( 'NONE', #3389, 1.000000000000000888 ) ;
#4365 = FACE_BOUND ( 'NONE', #3765, .T. ) ;
#4366 = CARTESIAN_POINT ( 'NONE',  ( 106.8284271247461987, -4.999999999999999112, 104.0000000000000000 ) ) ;
#4367 = ORIENTED_EDGE ( 'NONE', *, *, #3743, .T. ) ;
#4368 = CARTESIAN_POINT ( 'NONE',  ( 107.0000000000000142, -66.99999999999998579, 99.99999999999998579 ) ) ;
#4369 = CARTESIAN_POINT ( 'NONE',  ( 100.0000000000000142, -68.23606797749977204, 106.0000000000000000 ) ) ;
#4370 = CARTESIAN_POINT ( 'NONE',  ( -36.23597105066362900, -3.999891632473479230, 104.8604883714229885 ) ) ;
#4371 = CARTESIAN_POINT ( 'NONE',  ( 91.00000000000000000, -41.99999999999998579, 109.9999999999999858 ) ) ;
#4372 = VERTEX_POINT ( 'NONE', #1116 ) ;
#4373 = ORIENTED_EDGE ( 'NONE', *, *, #129, .F. ) ;
#4374 = CARTESIAN_POINT ( 'NONE',  ( 106.3477173071796216, -29.48806402336333221, 105.8688627039291532 ) ) ;
#4375 = DIRECTION ( 'NONE',  ( 1.000000000000000000, 0.000000000000000000, 0.000000000000000000 ) ) ;
#4376 = ADVANCED_FACE ( 'NONE', ( #2903 ), #433, .F. ) ;
#4377 = FACE_OUTER_BOUND ( 'NONE', #4516, .T. ) ;
#4378 = ORIENTED_EDGE ( 'NONE', *, *, #3372, .T. ) ;
#4379 = EDGE_LOOP ( 'NONE', ( #2018, #1419 ) ) ;
#4380 = EDGE_CURVE ( 'NONE', #2682, #1570, #488, .T. ) ;
#4381 = CARTESIAN_POINT ( 'NONE',  ( -34.99999999999998579, -68.99999999999998579, 99.99999999999998579 ) ) ;
#4382 = CARTESIAN_POINT ( 'NONE',  ( 100.2729566334436981, -3.737177045756169935, 105.9708025413717962 ) ) ;
#4383 = EDGE_CURVE ( 'NONE', #1798, #2514, #1810, .T. ) ;
#4384 = CARTESIAN_POINT ( 'NONE',  ( -33.99999999999997158, -5.999999999999998224, 106.9999999999999858 ) ) ;
#4385 = ORIENTED_EDGE ( 'NONE', *, *, #3281, .F. ) ;
#4386 = EDGE_CURVE ( 'NONE', #3140, #4610, #1902, .T. ) ;
#4387 = AXIS2_PLACEMENT_3D ( 'NONE', #1407, #3623, #3907 ) ;
#4388 = CARTESIAN_POINT ( 'NONE',  ( 100.0000000000000142, -15.00000000000000000, 104.0000000000000142 ) ) ;
#4389 = CARTESIAN_POINT ( 'NONE',  ( 91.00000000000000000, -65.99999999999998579, 103.9999999999999858 ) ) ;
#4390 = VERTEX_POINT ( 'NONE', #102 ) ;
#4391 = FACE_OUTER_BOUND ( 'NONE', #1399, .T. ) ;
#4392 = CARTESIAN_POINT ( 'NONE',  ( 106.8975901123435648, -65.98617446182311141, 104.7876532887341909 ) ) ;
#4393 = LINE ( 'NONE', #2615, #1029 ) ;
#4394 = CARTESIAN_POINT ( 'NONE',  ( 91.00000000000000000, -49.99999999999998579, 103.9999999999999858 ) ) ;
#4395 = ORIENTED_EDGE ( 'NONE', *, *, #420, .F. ) ;
#4396 = ORIENTED_EDGE ( 'NONE', *, *, #1640, .T. ) ;
#4397 = VECTOR ( 'NONE', #382, 1000.000000000000000 ) ;
#4398 = LINE ( 'NONE', #2573, #1849 ) ;
#4399 = ORIENTED_EDGE ( 'NONE', *, *, #1255, .T. ) ;
#4400 = DIRECTION ( 'NONE',  ( 0.000000000000000000, 0.000000000000000000, 1.000000000000000000 ) ) ;
#4401 = DIRECTION ( 'NONE',  ( -1.000000000000000000, 0.000000000000000000, -0.000000000000000000 ) ) ;
#4402 = ORIENTED_EDGE ( 'NONE', *, *, #991, .F. ) ;
#4403 = VERTEX_POINT ( 'NONE', #3253 ) ;
#4404 = CARTESIAN_POINT ( 'NONE',  ( 105.3294536027932793, -66.44315120093114047, 106.6964988880544212 ) ) ;
#4405 = DIRECTION ( 'NONE',  ( -1.000000000000000000, 0.000000000000000000, 0.000000000000000000 ) ) ;
#4406 = CARTESIAN_POINT ( 'NONE',  ( -29.99999999999998579, -61.99999999999999289, 105.0000000000000000 ) ) ;
#4407 = VERTEX_POINT ( 'NONE', #1505 ) ;
#4408 = ADVANCED_FACE ( 'NONE', ( #4377 ), #3936, .F. ) ;
#4409 = DIRECTION ( 'NONE',  ( -1.000000000000000000, 0.000000000000000000, 0.000000000000000000 ) ) ;
#4410 =( BOUNDED_CURVE ( )  B_SPLINE_CURVE ( 3, ( #2370, #1993, #3059, #266 ),
 .UNSPECIFIED., .F., .T. ) 
 B_SPLINE_CURVE_WITH_KNOTS ( ( 4, 4 ),
 ( 3.141592653589793116, 4.712388980384689674 ),
 .UNSPECIFIED. ) 
 CURVE ( )  GEOMETRIC_REPRESENTATION_ITEM ( )  RATIONAL_B_SPLINE_CURVE ( ( 1.000000000000000000, 0.8047378541243649375, 0.8047378541243649375, 1.000000000000000000 ) ) 
 REPRESENTATION_ITEM ( '' )  );
#4411 = CARTESIAN_POINT ( 'NONE',  ( 99.86199979492141665, -3.000000000000008438, 104.0000000000000142 ) ) ;
#4412 = ORIENTED_EDGE ( 'NONE', *, *, #3149, .F. ) ;
#4413 = ADVANCED_FACE ( 'NONE', ( #3631 ), #1486, .F. ) ;
#4414 = AXIS2_PLACEMENT_3D ( 'NONE', #630, #2049, #4222 ) ;
#4415 = AXIS2_PLACEMENT_3D ( 'NONE', #4110, #2407, #3405 ) ;
#4416 = FACE_OUTER_BOUND ( 'NONE', #3235, .T. ) ;
#4417 = CARTESIAN_POINT ( 'NONE',  ( 106.8582607676896288, -66.00494257185980018, 104.9212263218093426 ) ) ;
#4418 = CARTESIAN_POINT ( 'NONE',  ( 106.2360679774997720, -15.00000000000000000, 106.0000000000000142 ) ) ;
#4419 = CARTESIAN_POINT ( 'NONE',  ( -29.99999999999998579, -3.000000000000000000, 105.9999999999999858 ) ) ;
#4420 = ORIENTED_EDGE ( 'NONE', *, *, #2102, .T. ) ;
#4421 = ORIENTED_EDGE ( 'NONE', *, *, #3175, .T. ) ;
#4422 = CIRCLE ( 'NONE', #1811, 1.000000000000000888 ) ;
#4423 = CARTESIAN_POINT ( 'NONE',  ( 106.7150858338194155, -29.01351164586962028, 105.3052575534168938 ) ) ;
#4424 = CARTESIAN_POINT ( 'NONE',  ( 107.0000000000000142, -66.99999999999998579, 103.9999999999999858 ) ) ;
#4425 = CARTESIAN_POINT ( 'NONE',  ( 65.00000000000001421, -10.00000000000000000, 106.0000000000000000 ) ) ;
#4426 = ORIENTED_EDGE ( 'NONE', *, *, #3547, .T. ) ;
#4427 = ORIENTED_EDGE ( 'NONE', *, *, #3099, .F. ) ;
#4428 = AXIS2_PLACEMENT_3D ( 'NONE', #4544, #2000, #3094 ) ;
#4429 = CYLINDRICAL_SURFACE ( 'NONE', #1855, 1.000000000000000888 ) ;
#4430 = CARTESIAN_POINT ( 'NONE',  ( 100.6393297717226716, -3.006339272187820821, 104.2191326216288587 ) ) ;
#4431 = DIRECTION ( 'NONE',  ( 1.000000000000000000, 0.000000000000000000, 0.000000000000000000 ) ) ;
#4432 = ORIENTED_EDGE ( 'NONE', *, *, #2393, .F. ) ;
#4433 = VECTOR ( 'NONE', #1538, 1000.000000000000000 ) ;
#4434 = CIRCLE ( 'NONE', #2424, 2.500000000000002220 ) ;
#4435 = VECTOR ( 'NONE', #3775, 1000.000000000000000 ) ;
#4436 = CARTESIAN_POINT ( 'NONE',  ( 58.00000000000002132, -36.99999999999998579, 109.9999999999999858 ) ) ;
#4437 = TOROIDAL_SURFACE ( 'NONE', #1380, 2.000000000000000000, 1.000000000000000000 ) ;
#4438 = CARTESIAN_POINT ( 'NONE',  ( 105.7775316384754376, -4.367986626341973988, 105.7881844806096296 ) ) ;
#4439 = VERTEX_POINT ( 'NONE', #1162 ) ;
#4440 = ADVANCED_FACE ( 'NONE', ( #833, #372, #1791, #3207, #14, #1298 ), #3697, .T. ) ;
#4441 = EDGE_CURVE ( 'NONE', #4188, #2077, #2197, .T. ) ;
#4442 = DIRECTION ( 'NONE',  ( -1.000000000000000000, 0.000000000000000000, 0.000000000000000000 ) ) ;
#4443 = CARTESIAN_POINT ( 'NONE',  ( 107.0000000000000142, -65.00000000000000000, 103.9999999999999858 ) ) ;
#4444 = CARTESIAN_POINT ( 'NONE',  ( 110.0000000000000142, -55.00000000000000000, 104.0000000000000000 ) ) ;
#4445 = PLANE ( 'NONE',  #2636 ) ;
#4446 = EDGE_CURVE ( 'NONE', #981, #3140, #2997, .T. ) ;
#4447 = ORIENTED_EDGE ( 'NONE', *, *, #3281, .T. ) ;
#4448 = VERTEX_POINT ( 'NONE', #1597 ) ;
#4449 = EDGE_CURVE ( 'NONE', #2788, #1405, #1972, .T. ) ;
#4450 = CARTESIAN_POINT ( 'NONE',  ( -39.99999999999999289, -40.00000000000000000, 106.0000000000003411 ) ) ;
#4451 = AXIS2_PLACEMENT_3D ( 'NONE', #3007, #3356, #465 ) ;
#4452 = DIRECTION ( 'NONE',  ( 0.000000000000000000, 0.000000000000000000, 1.000000000000000000 ) ) ;
#4453 = CARTESIAN_POINT ( 'NONE',  ( 94.00000000000000000, -5.999999999999998224, 106.9999999999999858 ) ) ;
#4454 = ORIENTED_EDGE ( 'NONE', *, *, #538, .F. ) ;
#4455 = ORIENTED_EDGE ( 'NONE', *, *, #2834, .F. ) ;
#4456 = CARTESIAN_POINT ( 'NONE',  ( 104.1309232865911554, -66.39276985977340928, 106.9999999999999858 ) ) ;
#4457 = DIRECTION ( 'NONE',  ( 1.000000000000000000, -0.000000000000000000, 0.000000000000000000 ) ) ;
#4458 = ORIENTED_EDGE ( 'NONE', *, *, #1087, .T. ) ;
#4459 = DIRECTION ( 'NONE',  ( -1.084202172485504681E-16, -1.000000000000000000, -0.000000000000000000 ) ) ;
#4460 = LINE ( 'NONE', #3031, #253 ) ;
#4461 = VERTEX_POINT ( 'NONE', #551 ) ;
#4462 = VECTOR ( 'NONE', #3737, 1000.000000000000000 ) ;
#4463 = PRODUCT_DEFINITION ( 'UNKNOWN', '', #255, #920 ) ;
#4464 = DIRECTION ( 'NONE',  ( 0.000000000000000000, -1.000000000000000000, 0.000000000000000000 ) ) ;
#4465 = CARTESIAN_POINT ( 'NONE',  ( 100.0000000000000142, -38.00000000000000000, 104.0000000000000142 ) ) ;
#4466 = AXIS2_PLACEMENT_3D ( 'NONE', #2017, #977, #3858 ) ;
#4467 = CARTESIAN_POINT ( 'NONE',  ( 107.0003710670042665, -15.27338759606230312, 104.0282973974178020 ) ) ;
#4468 = DIRECTION ( 'NONE',  ( 0.000000000000000000, 0.000000000000000000, -1.000000000000000000 ) ) ;
#4469 = VECTOR ( 'NONE', #4499, 1000.000000000000000 ) ;
#4470 = ORIENTED_EDGE ( 'NONE', *, *, #2160, .T. ) ;
#4471 = EDGE_CURVE ( 'NONE', #966, #1366, #2716, .T. ) ;
#4472 = CARTESIAN_POINT ( 'NONE',  ( -29.99999999999999645, -15.00000000000000000, 104.0000000000003268 ) ) ;
#4473 = DIRECTION ( 'NONE',  ( -1.000000000000000000, 0.000000000000000000, 0.000000000000000000 ) ) ;
#4474 = DIRECTION ( 'NONE',  ( -0.000000000000000000, 0.000000000000000000, 1.000000000000000000 ) ) ;
#4475 = EDGE_CURVE ( 'NONE', #782, #3275, #1078, .T. ) ;
#4476 = EDGE_LOOP ( 'NONE', ( #547, #434, #3539, #2184 ) ) ;
#4477 = ORIENTED_EDGE ( 'NONE', *, *, #853, .F. ) ;
#4478 = CARTESIAN_POINT ( 'NONE',  ( 106.7150858338194013, -37.01351164586960607, 105.3052575534168795 ) ) ;
#4479 = DIRECTION ( 'NONE',  ( 0.000000000000000000, 0.000000000000000000, -1.000000000000000000 ) ) ;
#4480 = CARTESIAN_POINT ( 'NONE',  ( 94.00000000000000000, -72.00000000000000000, 106.9999999999999858 ) ) ;
#4481 = ORIENTED_EDGE ( 'NONE', *, *, #2893, .T. ) ;
#4482 = AXIS2_PLACEMENT_3D ( 'NONE', #2680, #1983, #613 ) ;
#4483 = DIRECTION ( 'NONE',  ( 0.000000000000000000, 0.000000000000000000, -1.000000000000000000 ) ) ;
#4484 = CARTESIAN_POINT ( 'NONE',  ( -39.99999999999997868, -66.99999999999998579, 99.99999999999998579 ) ) ;
#4485 = VERTEX_POINT ( 'NONE', #1948 ) ;
#4486 = PLANE ( 'NONE',  #1432 ) ;
#4487 = CYLINDRICAL_SURFACE ( 'NONE', #1249, 1.000000000000000888 ) ;
#4488 = CARTESIAN_POINT ( 'NONE',  ( -29.99999999999999289, -5.000000000000000000, 105.0000000000003126 ) ) ;
#4489 = CARTESIAN_POINT ( 'NONE',  ( 100.0000000000000142, -5.000000000000000000, 106.0000000000000000 ) ) ;
#4490 = ORIENTED_EDGE ( 'NONE', *, *, #2817, .F. ) ;
#4491 = AXIS2_PLACEMENT_3D ( 'NONE', #4134, #234, #1961 ) ;
#4492 = DIRECTION ( 'NONE',  ( -1.000000000000000000, 1.807003620809174262E-17, 0.000000000000000000 ) ) ;
#4493 = DIRECTION ( 'NONE',  ( 0.000000000000000000, 0.000000000000000000, 1.000000000000000000 ) ) ;
#4494 = CYLINDRICAL_SURFACE ( 'NONE', #1445, 2.999999999999999112 ) ;
#4495 = EDGE_CURVE ( 'NONE', #4542, #4604, #3391, .T. ) ;
#4496 = ORIENTED_EDGE ( 'NONE', *, *, #1726, .F. ) ;
#4497 = VERTEX_POINT ( 'NONE', #202 ) ;
#4498 = CARTESIAN_POINT ( 'NONE',  ( 89.00000000000002842, -65.99999999999998579, 105.9999999999999858 ) ) ;
#4499 = DIRECTION ( 'NONE',  ( -1.000000000000000000, -0.000000000000000000, 2.312964634635740294E-15 ) ) ;
#4500 = EDGE_CURVE ( 'NONE', #839, #981, #2858, .T. ) ;
#4501 = CARTESIAN_POINT ( 'NONE',  ( -33.99999999999997158, -5.999999999999998224, 105.9999999999999858 ) ) ;
#4502 = CIRCLE ( 'NONE', #3974, 3.000000000000002665 ) ;
#4503 = EDGE_CURVE ( 'NONE', #1092, #3632, #1208, .T. ) ;
#4504 = AXIS2_PLACEMENT_3D ( 'NONE', #929, #4474, #4075 ) ;
#4505 = VERTEX_POINT ( 'NONE', #4453 ) ;
#4506 = ORIENTED_EDGE ( 'NONE', *, *, #3608, .F. ) ;
#4507 = CIRCLE ( 'NONE', #635, 0.9999999999999974465 ) ;
#4508 = CYLINDRICAL_SURFACE ( 'NONE', #35, 1.000000000000000000 ) ;
#4509 = CARTESIAN_POINT ( 'NONE',  ( 65.00000000000001421, -68.99999999999998579, 104.0000000000000000 ) ) ;
#4510 = VECTOR ( 'NONE', #1314, 1000.000000000000000 ) ;
#4511 = DIRECTION ( 'NONE',  ( -0.000000000000000000, -1.000000000000000000, -0.000000000000000000 ) ) ;
#4512 = CARTESIAN_POINT ( 'NONE',  ( 110.0000000000000000, -49.99999999999998579, 99.99999999999998579 ) ) ;
#4513 = DIRECTION ( 'NONE',  ( -1.000000000000000000, -0.000000000000000000, 2.312964634635740294E-15 ) ) ;
#4514 = DIRECTION ( 'NONE',  ( 0.000000000000000000, 1.000000000000000000, 0.000000000000000000 ) ) ;
#4515 = AXIS2_PLACEMENT_3D ( 'NONE', #40, #1183, #1834 ) ;
#4516 = EDGE_LOOP ( 'NONE', ( #1393, #3392, #2256 ) ) ;
#4517 = LINE ( 'NONE', #2413, #4239 ) ;
#4518 = DIRECTION ( 'NONE',  ( 0.000000000000000000, 0.000000000000000000, -1.000000000000000000 ) ) ;
#4519 = ORIENTED_EDGE ( 'NONE', *, *, #3898, .T. ) ;
#4520 = ORIENTED_EDGE ( 'NONE', *, *, #2418, .F. ) ;
#4521 = VECTOR ( 'NONE', #4602, 1000.000000000000000 ) ;
#4522 = CARTESIAN_POINT ( 'NONE',  ( 99.48748924064848609, -68.34800572399016971, 105.8685019399078726 ) ) ;
#4523 = CARTESIAN_POINT ( 'NONE',  ( -29.99999999999999645, -40.00000000000000000, 104.0000000000003126 ) ) ;
#4524 = EDGE_CURVE ( 'NONE', #4505, #1859, #3677, .T. ) ;
#4525 = CARTESIAN_POINT ( 'NONE',  ( 106.8284271247461987, -4.999999999999999112, 104.0000000000000000 ) ) ;
#4526 = ORIENTED_EDGE ( 'NONE', *, *, #4503, .F. ) ;
#4527 = ORIENTED_EDGE ( 'NONE', *, *, #2036, .T. ) ;
#4528 = EDGE_CURVE ( 'NONE', #4565, #4091, #222, .T. ) ;
#4529 = ADVANCED_FACE ( 'NONE', ( #1278 ), #4494, .F. ) ;
#4530 = DIRECTION ( 'NONE',  ( 0.000000000000000000, 0.000000000000000000, -1.000000000000000000 ) ) ;
#4531 = EDGE_CURVE ( 'NONE', #3158, #3420, #2672, .T. ) ;
#4532 = LINE ( 'NONE', #3080, #2254 ) ;
#4533 = FACE_OUTER_BOUND ( 'NONE', #3872, .T. ) ;
#4534 = CARTESIAN_POINT ( 'NONE',  ( 94.00000000000000000, -44.99999999999999289, 99.99999999999998579 ) ) ;
#4535 = DIRECTION ( 'NONE',  ( 0.000000000000000000, 0.000000000000000000, 1.000000000000000000 ) ) ;
#4536 = EDGE_LOOP ( 'NONE', ( #1813, #171 ) ) ;
#4537 = DIRECTION ( 'NONE',  ( -1.000000000000000000, 0.000000000000000000, 0.000000000000000000 ) ) ;
#4538 = AXIS2_PLACEMENT_3D ( 'NONE', #2568, #90, #497 ) ;
#4539 = DIRECTION ( 'NONE',  ( -0.000000000000000000, -0.000000000000000000, 1.000000000000000000 ) ) ;
#4540 = CARTESIAN_POINT ( 'NONE',  ( 107.0000000000000142, -49.99999999999998579, 103.9999999999999858 ) ) ;
#4541 = CARTESIAN_POINT ( 'NONE',  ( 0.000000000000000000, 0.000000000000000000, 0.000000000000000000 ) ) ;
#4542 = VERTEX_POINT ( 'NONE', #507 ) ;
#4543 = ORIENTED_EDGE ( 'NONE', *, *, #660, .T. ) ;
#4544 = CARTESIAN_POINT ( 'NONE',  ( -29.99999999999997513, -11.99999999999999645, 99.99999999999998579 ) ) ;
#4545 = CARTESIAN_POINT ( 'NONE',  ( 35.50000000000002132, -11.99999999999999645, 106.9999999999999858 ) ) ;
#4546 = CARTESIAN_POINT ( 'NONE',  ( -34.99999999999998579, -72.00000000000000000, 109.9999999999999858 ) ) ;
#4547 = ORIENTED_EDGE ( 'NONE', *, *, #3844, .T. ) ;
#4548 = ORIENTED_EDGE ( 'NONE', *, *, #874, .T. ) ;
#4549 = AXIS2_PLACEMENT_3D ( 'NONE', #4254, #1065, #2482 ) ;
#4550 = CARTESIAN_POINT ( 'NONE',  ( 88.00000000000002842, -65.99999999999998579, 106.9999999999999858 ) ) ;
#4551 = DIRECTION ( 'NONE',  ( 0.000000000000000000, 0.000000000000000000, 1.000000000000000000 ) ) ;
#4552 = EDGE_CURVE ( 'NONE', #3140, #3669, #2624, .T. ) ;
#4553 = AXIS2_PLACEMENT_3D ( 'NONE', #1542, #464, #4032 ) ;
#4554 = CARTESIAN_POINT ( 'NONE',  ( 22.50000000000003908, -68.99999999999998579, 99.99999999999998579 ) ) ;
#4555 = DIRECTION ( 'NONE',  ( 1.084202172485504681E-16, 1.000000000000000000, 0.000000000000000000 ) ) ;
#4556 = EDGE_CURVE ( 'NONE', #2788, #995, #1643, .T. ) ;
#4557 = DIRECTION ( 'NONE',  ( 1.000000000000000000, -1.807003620809174262E-17, 0.000000000000000000 ) ) ;
#4558 = LINE ( 'NONE', #238, #3680 ) ;
#4559 = VERTEX_POINT ( 'NONE', #1233 ) ;
#4560 = DIRECTION ( 'NONE',  ( 0.000000000000000000, -1.000000000000000000, 0.000000000000000000 ) ) ;
#4561 = DIRECTION ( 'NONE',  ( -1.000000000000000000, 0.000000000000000000, 0.000000000000000000 ) ) ;
#4562 = CARTESIAN_POINT ( 'NONE',  ( 58.00000000000002132, -36.99999999999998579, 99.99999999999998579 ) ) ;
#4563 = DIRECTION ( 'NONE',  ( 0.000000000000000000, 0.000000000000000000, 1.000000000000000000 ) ) ;
#4564 = ORIENTED_EDGE ( 'NONE', *, *, #1767, .F. ) ;
#4565 = VERTEX_POINT ( 'NONE', #2255 ) ;
#4566 = CARTESIAN_POINT ( 'NONE',  ( 106.2360679774997863, -30.00000000000000000, 106.0000000000000000 ) ) ;
#4567 = CARTESIAN_POINT ( 'NONE',  ( -29.99999999999998934, -15.00000000000000000, 106.0000000000003268 ) ) ;
#4568 = DIRECTION ( 'NONE',  ( 1.000000000000000000, 0.000000000000000000, 0.000000000000000000 ) ) ;
#4569 = VERTEX_POINT ( 'NONE', #3673 ) ;
#4570 = ORIENTED_EDGE ( 'NONE', *, *, #3693, .T. ) ;
#4571 = DIRECTION ( 'NONE',  ( 0.000000000000000000, -1.000000000000000000, 0.000000000000000000 ) ) ;
#4572 = DIRECTION ( 'NONE',  ( -1.000000000000000000, 1.807003620809174262E-17, -0.000000000000000000 ) ) ;
#4573 = VECTOR ( 'NONE', #3567, 1000.000000000000000 ) ;
#4574 = LINE ( 'NONE', #2845, #658 ) ;
#4575 = EDGE_CURVE ( 'NONE', #3886, #3563, #1513, .T. ) ;
#4576 = DIRECTION ( 'NONE',  ( 1.000000000000000000, 0.000000000000000000, 0.000000000000000000 ) ) ;
#4577 = DIRECTION ( 'NONE',  ( 0.000000000000000000, 0.000000000000000000, -1.000000000000000000 ) ) ;
#4578 = FACE_OUTER_BOUND ( 'NONE', #336, .T. ) ;
#4579 = ORIENTED_EDGE ( 'NONE', *, *, #3009, .T. ) ;
#4580 = AXIS2_PLACEMENT_3D ( 'NONE', #4384, #4, #2958 ) ;
#4581 = EDGE_CURVE ( 'NONE', #3140, #841, #128, .T. ) ;
#4582 = AXIS2_PLACEMENT_3D ( 'NONE', #2929, #4360, #1169 ) ;
#4583 = DIRECTION ( 'NONE',  ( 0.000000000000000000, 0.000000000000000000, -1.000000000000000000 ) ) ;
#4584 = VECTOR ( 'NONE', #4240, 1000.000000000000000 ) ;
#4585 = FACE_OUTER_BOUND ( 'NONE', #3788, .T. ) ;
#4586 = ADVANCED_FACE ( 'NONE', ( #3885 ), #3860, .F. ) ;
#4587 = AXIS2_PLACEMENT_3D ( 'NONE', #3869, #1770, #3890 ) ;
#4588 = CARTESIAN_POINT ( 'NONE',  ( 86.00000000000001421, -6.000000000000002665, 99.99999999999998579 ) ) ;
#4589 = APPLICATION_CONTEXT ( 'automotive_design' ) ;
#4590 = CIRCLE ( 'NONE', #3764, 2.499999999999998668 ) ;
#4591 = ORIENTED_EDGE ( 'NONE', *, *, #3617, .T. ) ;
#4592 = ORIENTED_EDGE ( 'NONE', *, *, #2359, .T. ) ;
#4593 = AXIS2_PLACEMENT_3D ( 'NONE', #3042, #1903, #4473 ) ;
#4594 = DIRECTION ( 'NONE',  ( -0.000000000000000000, -0.000000000000000000, 1.000000000000000000 ) ) ;
#4595 = DIRECTION ( 'NONE',  ( 1.000000000000000000, 0.000000000000000000, 0.000000000000000000 ) ) ;
#4596 = DIRECTION ( 'NONE',  ( -0.000000000000000000, -0.000000000000000000, 1.000000000000000000 ) ) ;
#4597 = ORIENTED_EDGE ( 'NONE', *, *, #3181, .T. ) ;
#4598 = ORIENTED_EDGE ( 'NONE', *, *, #3661, .T. ) ;
#4599 = DIRECTION ( 'NONE',  ( 0.000000000000000000, 0.000000000000000000, 1.000000000000000000 ) ) ;
#4600 = CARTESIAN_POINT ( 'NONE',  ( -36.99999999999997868, -3.000000000000000000, 105.9999999999999858 ) ) ;
#4601 = CARTESIAN_POINT ( 'NONE',  ( -36.99999999999997868, -5.999999999999999112, 105.1337144864749291 ) ) ;
#4602 = DIRECTION ( 'NONE',  ( -0.000000000000000000, -0.000000000000000000, 1.000000000000000000 ) ) ;
#4603 = CYLINDRICAL_SURFACE ( 'NONE', #3533, 2.000000000000001776 ) ;
#4604 = VERTEX_POINT ( 'NONE', #979 ) ;
#4605 = ADVANCED_FACE ( 'NONE', ( #2464 ), #1365, .F. ) ;
#4606 = CARTESIAN_POINT ( 'NONE',  ( 94.00000000000000000, -65.99999999999998579, 103.9999999999999858 ) ) ;
#4607 = CYLINDRICAL_SURFACE ( 'NONE', #744, 2.499999999999998668 ) ;
#4608 = CARTESIAN_POINT ( 'NONE',  ( -36.60246014341417720, -4.501667453462543378, 105.8763930873185899 ) ) ;
#4609 = EDGE_LOOP ( 'NONE', ( #2284, #1299, #1260 ) ) ;
#4610 = VERTEX_POINT ( 'NONE', #2043 ) ;
#4611 = EDGE_CURVE ( 'NONE', #2195, #146, #1967, .T. ) ;
#4612 = DIRECTION ( 'NONE',  ( 1.000000000000000000, -0.000000000000000000, -0.000000000000000000 ) ) ;
#4613 = LINE ( 'NONE', #12, #190 ) ;
#4614 = ADVANCED_FACE ( 'NONE', ( #1666 ), #3529, .F. ) ;
#4615 = DIRECTION ( 'NONE',  ( 0.000000000000000000, 0.000000000000000000, 1.000000000000000000 ) ) ;
#4616 = VERTEX_POINT ( 'NONE', #3111 ) ;
#4617 = CIRCLE ( 'NONE', #4015, 2.499999999999995115 ) ;
#4618 = ORIENTED_EDGE ( 'NONE', *, *, #944, .F. ) ;
#4619 = CARTESIAN_POINT ( 'NONE',  ( 107.0000000000000284, -55.13782052976225856, 104.0000000000000142 ) ) ;
#4620 = DIRECTION ( 'NONE',  ( 0.000000000000000000, 0.000000000000000000, -1.000000000000000000 ) ) ;
ENDSEC;
END-ISO-10303-21;
