STEP to UG
! INFO-     NX STEP AP214 - V2412.1700
! INFO-      
! INFO-     Start of Translation: 21-DEC-2025  7:14:04 PM
! INFO-      
! STATUS-   Converting Part: C:\Users\Trololololol\Documents\Projects\0_BRZ_PARENT\0_BRZ_CAD\4_ECU_ENCLOSURES\6_STEERING_WHEEL_ECU\V2\0_PCB_MODELS\0_CONTROLLER\STEERING_WHEEL_SWITCHES_V2_CONTROLLER.step
! SUMMARY-   
! SUMMARY-    STEP Header Information
! SUMMARY-   
! SUMMARY-  Description      Open CASCADE Model
! SUMMARY-  Imp_Level        2;1
! SUMMARY-  File_Name        Open CASCADE Shape Model
! SUMMARY-  Date             2025-12-21T19:13:31
! SUMMARY-  Author           Author
! SUMMARY-  Organization     Open CASCADE
! SUMMARY-  Pre_Version      Open CASCADE STEP processor 7.5
! SUMMARY-  Orig_System      Open CASCADE 7.5
! SUMMARY-  Authorization    Unknown
! SUMMARY-  Schema_ID        automotive_design
! SUMMARY-   
! SUMMARY-    Summary of STEP Entities
! SUMMARY-   
! SUMMARY-  Entity Type                                                   Count
! SUMMARY-  -----------                                                   ------
! SUMMARY-  advanced_face ..............................................:  17947
! SUMMARY-  application_context ........................................:      1
! SUMMARY-  axis2_placement_3d .........................................:  21451
! SUMMARY-  b_spline_curve_with_knots ..................................:   5435
! SUMMARY-  b_spline_surface_with_knots ................................:   2770
! SUMMARY-  b_spline_surface_with_knots_and_rational_b_spline_surface ..:     56
! SUMMARY-  cartesian_point ............................................: 127814
! SUMMARY-  circle .....................................................:   5655
! SUMMARY-  closed_shell ...............................................:   1074
! SUMMARY-  conical_surface ............................................:     16
! SUMMARY-  cylindrical_surface ........................................:   3032
! SUMMARY-  direction ..................................................:  75412
! SUMMARY-  edge_curve .................................................:  44266
! SUMMARY-  edge_loop ..................................................:  18413
! SUMMARY-  ellipse ....................................................:    674
! SUMMARY-  face_bound .................................................:  18413
! SUMMARY-  geometric_representation_context_and_global_uncertainty_a ..:    509
! SUMMARY-  length_unit_and_si_unit ....................................:    509
! SUMMARY-  line .......................................................:  32510
! SUMMARY-  manifold_solid_brep ........................................:   1074
! SUMMARY-  oriented_edge ..............................................:  88532
! SUMMARY-  plane ......................................................:  11282
! SUMMARY-  plane_angle_unit_and_si_unit ...............................:    509
! SUMMARY-  product ....................................................:    509
! SUMMARY-  product_context ............................................:    509
! SUMMARY-  product_definition .........................................:    509
! SUMMARY-  product_definition_context .................................:    509
! SUMMARY-  product_definition_formation ...............................:    509
! SUMMARY-  product_definition_shape ...................................:    509
! SUMMARY-  product_related_product_category ...........................:    509
! SUMMARY-  si_unit_and_solid_angle_unit ...............................:    509
! SUMMARY-  spherical_surface ..........................................:    651
! SUMMARY-  toroidal_surface ...........................................:    140
! SUMMARY-  trimmed_curve ..............................................:      8
! SUMMARY-  uncertainty_measure_with_unit ..............................:    509
! SUMMARY-  vector .....................................................:  32510
! SUMMARY-  vertex_point ...............................................:  28615
! SUMMARY-                                                               -------
! SUMMARY-  Total                                                         543859
! STATUS-    
! STATUS-   Converting to Output Form (Phase 2 of 3): 21-DEC-2025 7:14:06 PM
! STATUS-    
! STATUS-    
! STATUS-   Generating UG geometry and placing them in parts
! STATUS-    
! STATUS-   Creating the UG part (Phase 3 of 3): 21-DEC-2025  7:15:08 PM
! INFO-     Filing Part ..: C:\Users\Trololololol\Documents\Projects\0_BRZ_PARENT\0_BRZ_CAD\4_ECU_ENCLOSURES\6_STEERING_WHEEL_ECU\V2\Open CASCADE STEP translator 7.5 509
! SUMMARY-   
! SUMMARY-  Summary of Unigraphics Part Entities
! SUMMARY-   
! SUMMARY-  Entities Processed             Count
! SUMMARY-  ------------------             -----
! SUMMARY-  Solid/Sheet .................:     1
! SUMMARY-                                 -----
! SUMMARY-  Total                              1
! STATUS-   Creating the UG part (Phase 3 of 3): 21-DEC-2025  7:15:08 PM
! INFO-     Filing Part ..: C:\Users\Trololololol\Documents\Projects\0_BRZ_PARENT\0_BRZ_CAD\4_ECU_ENCLOSURES\6_STEERING_WHEEL_ECU\V2\Open CASCADE STEP translator 7.5 508
! SUMMARY-   
! SUMMARY-  Summary of Unigraphics Part Entities
! SUMMARY-   
! SUMMARY-  Entities Processed             Count
! SUMMARY-  ------------------             -----
! SUMMARY-  Solid/Sheet .................:     2
! SUMMARY-                                 -----
! SUMMARY-  Total                              2
! STATUS-   Creating the UG part (Phase 3 of 3): 21-DEC-2025  7:15:08 PM
! INFO-     Filing Part ..: C:\Users\Trololololol\Documents\Projects\0_BRZ_PARENT\0_BRZ_CAD\4_ECU_ENCLOSURES\6_STEERING_WHEEL_ECU\V2\Open CASCADE STEP translator 7.5 507
! SUMMARY-   
! SUMMARY-  Summary of Unigraphics Part Entities
! SUMMARY-   
! SUMMARY-  Entities Processed             Count
! SUMMARY-  ------------------             -----
! SUMMARY-  Solid/Sheet .................:     1
! SUMMARY-                                 -----
! SUMMARY-  Total                              1
! STATUS-   Creating the UG part (Phase 3 of 3): 21-DEC-2025  7:15:08 PM
! INFO-     Filing Part ..: C:\Users\Trololololol\Documents\Projects\0_BRZ_PARENT\0_BRZ_CAD\4_ECU_ENCLOSURES\6_STEERING_WHEEL_ECU\V2\Open CASCADE STEP translator 7.5 506
! SUMMARY-   
! SUMMARY-  Summary of Unigraphics Part Entities
! SUMMARY-   
! SUMMARY-  Entities Processed             Count
! SUMMARY-  ------------------             -----
! SUMMARY-  Solid/Sheet .................:    12
! SUMMARY-                                 -----
! SUMMARY-  Total                             12
! STATUS-   Creating the UG part (Phase 3 of 3): 21-DEC-2025  7:15:08 PM
! INFO-     Filing Part ..: C:\Users\Trololololol\Documents\Projects\0_BRZ_PARENT\0_BRZ_CAD\4_ECU_ENCLOSURES\6_STEERING_WHEEL_ECU\V2\Open CASCADE STEP translator 7.5 505
! SUMMARY-   
! SUMMARY-  Summary of Unigraphics Part Entities
! SUMMARY-   
! SUMMARY-  Entities Processed             Count
! SUMMARY-  ------------------             -----
! SUMMARY-  Solid/Sheet .................:     1
! SUMMARY-                                 -----
! SUMMARY-  Total                              1
! STATUS-   Creating the UG part (Phase 3 of 3): 21-DEC-2025  7:15:08 PM
! INFO-     Filing Part ..: C:\Users\Trololololol\Documents\Projects\0_BRZ_PARENT\0_BRZ_CAD\4_ECU_ENCLOSURES\6_STEERING_WHEEL_ECU\V2\Open CASCADE STEP translator 7.5 504
! SUMMARY-   
! SUMMARY-  Summary of Unigraphics Part Entities
! SUMMARY-   
! SUMMARY-  Entities Processed             Count
! SUMMARY-  ------------------             -----
! SUMMARY-  Solid/Sheet .................:     2
! SUMMARY-                                 -----
! SUMMARY-  Total                              2
! STATUS-   Creating the UG part (Phase 3 of 3): 21-DEC-2025  7:15:08 PM
! INFO-     Filing Part ..: C:\Users\Trololololol\Documents\Projects\0_BRZ_PARENT\0_BRZ_CAD\4_ECU_ENCLOSURES\6_STEERING_WHEEL_ECU\V2\Open CASCADE STEP translator 7.5 503
! SUMMARY-   
! SUMMARY-  Summary of Unigraphics Part Entities
! SUMMARY-   
! SUMMARY-  Entities Processed             Count
! SUMMARY-  ------------------             -----
! SUMMARY-  Solid/Sheet .................:     1
! SUMMARY-                                 -----
! SUMMARY-  Total                              1
! STATUS-   Creating the UG part (Phase 3 of 3): 21-DEC-2025  7:15:09 PM
! INFO-     Filing Part ..: C:\Users\Trololololol\Documents\Projects\0_BRZ_PARENT\0_BRZ_CAD\4_ECU_ENCLOSURES\6_STEERING_WHEEL_ECU\V2\Open CASCADE STEP translator 7.5 502
! SUMMARY-   
! SUMMARY-  Summary of Unigraphics Part Entities
! SUMMARY-   
! SUMMARY-  Entities Processed             Count
! SUMMARY-  ------------------             -----
! SUMMARY-  Solid/Sheet .................:     1
! SUMMARY-                                 -----
! SUMMARY-  Total                              1
! STATUS-   Creating the UG part (Phase 3 of 3): 21-DEC-2025  7:15:09 PM
! INFO-     Filing Part ..: C:\Users\Trololololol\Documents\Projects\0_BRZ_PARENT\0_BRZ_CAD\4_ECU_ENCLOSURES\6_STEERING_WHEEL_ECU\V2\Open CASCADE STEP translator 7.5 501
! SUMMARY-   
! SUMMARY-  Summary of Unigraphics Part Entities
! SUMMARY-   
! SUMMARY-  Entities Processed             Count
! SUMMARY-  ------------------             -----
! SUMMARY-  Solid/Sheet .................:     1
! SUMMARY-                                 -----
! SUMMARY-  Total                              1
! STATUS-   Creating the UG part (Phase 3 of 3): 21-DEC-2025  7:15:09 PM
! INFO-     Filing Part ..: C:\Users\Trololololol\Documents\Projects\0_BRZ_PARENT\0_BRZ_CAD\4_ECU_ENCLOSURES\6_STEERING_WHEEL_ECU\V2\Open CASCADE STEP translator 7.5 500
! SUMMARY-   
! SUMMARY-  Summary of Unigraphics Part Entities
! SUMMARY-   
! SUMMARY-  Entities Processed             Count
! SUMMARY-  ------------------             -----
! SUMMARY-  Solid/Sheet .................:     1
! SUMMARY-                                 -----
! SUMMARY-  Total                              1
! STATUS-   Creating the UG part (Phase 3 of 3): 21-DEC-2025  7:15:09 PM
! INFO-     Filing Part ..: C:\Users\Trololololol\Documents\Projects\0_BRZ_PARENT\0_BRZ_CAD\4_ECU_ENCLOSURES\6_STEERING_WHEEL_ECU\V2\Open CASCADE STEP translator 7.5 499
! SUMMARY-   
! SUMMARY-  Summary of Unigraphics Part Entities
! SUMMARY-   
! SUMMARY-  Entities Processed             Count
! SUMMARY-  ------------------             -----
! SUMMARY-  Solid/Sheet .................:     1
! SUMMARY-                                 -----
! SUMMARY-  Total                              1
! STATUS-   Creating the UG part (Phase 3 of 3): 21-DEC-2025  7:15:09 PM
! INFO-     Filing Part ..: C:\Users\Trololololol\Documents\Projects\0_BRZ_PARENT\0_BRZ_CAD\4_ECU_ENCLOSURES\6_STEERING_WHEEL_ECU\V2\Open CASCADE STEP translator 7.5 498
! SUMMARY-   
! SUMMARY-  Summary of Unigraphics Part Entities
! SUMMARY-   
! SUMMARY-  Entities Processed             Count
! SUMMARY-  ------------------             -----
! SUMMARY-  Solid/Sheet .................:    10
! SUMMARY-                                 -----
! SUMMARY-  Total                             10
! STATUS-   Creating the UG part (Phase 3 of 3): 21-DEC-2025  7:15:09 PM
! INFO-     Filing Part ..: C:\Users\Trololololol\Documents\Projects\0_BRZ_PARENT\0_BRZ_CAD\4_ECU_ENCLOSURES\6_STEERING_WHEEL_ECU\V2\Open CASCADE STEP translator 7.5 497
! SUMMARY-   
! SUMMARY-  Summary of Unigraphics Part Entities
! SUMMARY-   
! SUMMARY-  Entities Processed             Count
! SUMMARY-  ------------------             -----
! SUMMARY-  Solid/Sheet .................:     1
! SUMMARY-                                 -----
! SUMMARY-  Total                              1
! STATUS-   Creating the UG part (Phase 3 of 3): 21-DEC-2025  7:15:09 PM
! INFO-     Filing Part ..: C:\Users\Trololololol\Documents\Projects\0_BRZ_PARENT\0_BRZ_CAD\4_ECU_ENCLOSURES\6_STEERING_WHEEL_ECU\V2\Open CASCADE STEP translator 7.5 496
! SUMMARY-   
! SUMMARY-  Summary of Unigraphics Part Entities
! SUMMARY-   
! SUMMARY-  Entities Processed             Count
! SUMMARY-  ------------------             -----
! SUMMARY-  Solid/Sheet .................:     2
! SUMMARY-                                 -----
! SUMMARY-  Total                              2
! STATUS-   Creating the UG part (Phase 3 of 3): 21-DEC-2025  7:15:09 PM
! INFO-     Filing Part ..: C:\Users\Trololololol\Documents\Projects\0_BRZ_PARENT\0_BRZ_CAD\4_ECU_ENCLOSURES\6_STEERING_WHEEL_ECU\V2\Open CASCADE STEP translator 7.5 495
! SUMMARY-   
! SUMMARY-  Summary of Unigraphics Part Entities
! SUMMARY-   
! SUMMARY-  Entities Processed             Count
! SUMMARY-  ------------------             -----
! SUMMARY-  Solid/Sheet .................:     1
! SUMMARY-                                 -----
! SUMMARY-  Total                              1
! STATUS-   Creating the UG part (Phase 3 of 3): 21-DEC-2025  7:15:09 PM
! INFO-     Filing Part ..: C:\Users\Trololololol\Documents\Projects\0_BRZ_PARENT\0_BRZ_CAD\4_ECU_ENCLOSURES\6_STEERING_WHEEL_ECU\V2\Open CASCADE STEP translator 7.5 494
! SUMMARY-   
! SUMMARY-  Summary of Unigraphics Part Entities
! SUMMARY-   
! SUMMARY-  Entities Processed             Count
! SUMMARY-  ------------------             -----
! SUMMARY-  Solid/Sheet .................:    14
! SUMMARY-                                 -----
! SUMMARY-  Total                             14
! STATUS-   Creating the UG part (Phase 3 of 3): 21-DEC-2025  7:15:09 PM
! INFO-     Filing Part ..: C:\Users\Trololololol\Documents\Projects\0_BRZ_PARENT\0_BRZ_CAD\4_ECU_ENCLOSURES\6_STEERING_WHEEL_ECU\V2\Open CASCADE STEP translator 7.5 493
! SUMMARY-   
! SUMMARY-  Summary of Unigraphics Part Entities
! SUMMARY-   
! SUMMARY-  Entities Processed             Count
! SUMMARY-  ------------------             -----
! SUMMARY-  Solid/Sheet .................:     1
! SUMMARY-                                 -----
! SUMMARY-  Total                              1
! STATUS-   Creating the UG part (Phase 3 of 3): 21-DEC-2025  7:15:09 PM
! INFO-     Filing Part ..: C:\Users\Trololololol\Documents\Projects\0_BRZ_PARENT\0_BRZ_CAD\4_ECU_ENCLOSURES\6_STEERING_WHEEL_ECU\V2\Open CASCADE STEP translator 7.5 492
! SUMMARY-   
! SUMMARY-  Summary of Unigraphics Part Entities
! SUMMARY-   
! SUMMARY-  Entities Processed             Count
! SUMMARY-  ------------------             -----
! SUMMARY-  Solid/Sheet .................:     2
! SUMMARY-                                 -----
! SUMMARY-  Total                              2
! STATUS-   Creating the UG part (Phase 3 of 3): 21-DEC-2025  7:15:09 PM
! INFO-     Filing Part ..: C:\Users\Trololololol\Documents\Projects\0_BRZ_PARENT\0_BRZ_CAD\4_ECU_ENCLOSURES\6_STEERING_WHEEL_ECU\V2\Open CASCADE STEP translator 7.5 491
! SUMMARY-   
! SUMMARY-  Summary of Unigraphics Part Entities
! SUMMARY-   
! SUMMARY-  Entities Processed             Count
! SUMMARY-  ------------------             -----
! SUMMARY-  Solid/Sheet .................:     1
! SUMMARY-                                 -----
! SUMMARY-  Total                              1
! STATUS-   Creating the UG part (Phase 3 of 3): 21-DEC-2025  7:15:09 PM
! INFO-     Filing Part ..: C:\Users\Trololololol\Documents\Projects\0_BRZ_PARENT\0_BRZ_CAD\4_ECU_ENCLOSURES\6_STEERING_WHEEL_ECU\V2\Open CASCADE STEP translator 7.5 490
! SUMMARY-   
! SUMMARY-  Summary of Unigraphics Part Entities
! SUMMARY-   
! SUMMARY-  Entities Processed             Count
! SUMMARY-  ------------------             -----
! SUMMARY-  Solid/Sheet .................:    14
! SUMMARY-                                 -----
! SUMMARY-  Total                             14
! STATUS-   Creating the UG part (Phase 3 of 3): 21-DEC-2025  7:15:09 PM
! INFO-     Filing Part ..: C:\Users\Trololololol\Documents\Projects\0_BRZ_PARENT\0_BRZ_CAD\4_ECU_ENCLOSURES\6_STEERING_WHEEL_ECU\V2\Open CASCADE STEP translator 7.5 489
! SUMMARY-   
! SUMMARY-  Summary of Unigraphics Part Entities
! SUMMARY-   
! SUMMARY-  Entities Processed             Count
! SUMMARY-  ------------------             -----
! SUMMARY-  Solid/Sheet .................:     1
! SUMMARY-                                 -----
! SUMMARY-  Total                              1
! STATUS-   Creating the UG part (Phase 3 of 3): 21-DEC-2025  7:15:10 PM
! INFO-     Filing Part ..: C:\Users\Trololololol\Documents\Projects\0_BRZ_PARENT\0_BRZ_CAD\4_ECU_ENCLOSURES\6_STEERING_WHEEL_ECU\V2\Open CASCADE STEP translator 7.5 488
! SUMMARY-   
! SUMMARY-  Summary of Unigraphics Part Entities
! SUMMARY-   
! SUMMARY-  Entities Processed             Count
! SUMMARY-  ------------------             -----
! SUMMARY-  Solid/Sheet .................:     2
! SUMMARY-                                 -----
! SUMMARY-  Total                              2
! STATUS-   Creating the UG part (Phase 3 of 3): 21-DEC-2025  7:15:10 PM
! INFO-     Filing Part ..: C:\Users\Trololololol\Documents\Projects\0_BRZ_PARENT\0_BRZ_CAD\4_ECU_ENCLOSURES\6_STEERING_WHEEL_ECU\V2\Open CASCADE STEP translator 7.5 487
! SUMMARY-   
! SUMMARY-  Summary of Unigraphics Part Entities
! SUMMARY-   
! SUMMARY-  Entities Processed             Count
! SUMMARY-  ------------------             -----
! SUMMARY-  Solid/Sheet .................:     1
! SUMMARY-                                 -----
! SUMMARY-  Total                              1
! STATUS-   Creating the UG part (Phase 3 of 3): 21-DEC-2025  7:15:10 PM
! INFO-     Filing Part ..: C:\Users\Trololololol\Documents\Projects\0_BRZ_PARENT\0_BRZ_CAD\4_ECU_ENCLOSURES\6_STEERING_WHEEL_ECU\V2\Open CASCADE STEP translator 7.5 486
! SUMMARY-   
! SUMMARY-  Summary of Unigraphics Part Entities
! SUMMARY-   
! SUMMARY-  Entities Processed             Count
! SUMMARY-  ------------------             -----
! SUMMARY-  Solid/Sheet .................:    10
! SUMMARY-                                 -----
! SUMMARY-  Total                             10
! STATUS-   Creating the UG part (Phase 3 of 3): 21-DEC-2025  7:15:10 PM
! INFO-     Filing Part ..: C:\Users\Trololololol\Documents\Projects\0_BRZ_PARENT\0_BRZ_CAD\4_ECU_ENCLOSURES\6_STEERING_WHEEL_ECU\V2\Open CASCADE STEP translator 7.5 485
! SUMMARY-   
! SUMMARY-  Summary of Unigraphics Part Entities
! SUMMARY-   
! SUMMARY-  Entities Processed             Count
! SUMMARY-  ------------------             -----
! SUMMARY-  Solid/Sheet .................:     1
! SUMMARY-                                 -----
! SUMMARY-  Total                              1
! STATUS-   Creating the UG part (Phase 3 of 3): 21-DEC-2025  7:15:10 PM
! INFO-     Filing Part ..: C:\Users\Trololololol\Documents\Projects\0_BRZ_PARENT\0_BRZ_CAD\4_ECU_ENCLOSURES\6_STEERING_WHEEL_ECU\V2\Open CASCADE STEP translator 7.5 484
! SUMMARY-   
! SUMMARY-  Summary of Unigraphics Part Entities
! SUMMARY-   
! SUMMARY-  Entities Processed             Count
! SUMMARY-  ------------------             -----
! SUMMARY-  Solid/Sheet .................:     2
! SUMMARY-                                 -----
! SUMMARY-  Total                              2
! STATUS-   Creating the UG part (Phase 3 of 3): 21-DEC-2025  7:15:10 PM
! INFO-     Filing Part ..: C:\Users\Trololololol\Documents\Projects\0_BRZ_PARENT\0_BRZ_CAD\4_ECU_ENCLOSURES\6_STEERING_WHEEL_ECU\V2\Open CASCADE STEP translator 7.5 483
! SUMMARY-   
! SUMMARY-  Summary of Unigraphics Part Entities
! SUMMARY-   
! SUMMARY-  Entities Processed             Count
! SUMMARY-  ------------------             -----
! SUMMARY-  Solid/Sheet .................:     1
! SUMMARY-                                 -----
! SUMMARY-  Total                              1
! STATUS-   Creating the UG part (Phase 3 of 3): 21-DEC-2025  7:15:10 PM
! INFO-     Filing Part ..: C:\Users\Trololololol\Documents\Projects\0_BRZ_PARENT\0_BRZ_CAD\4_ECU_ENCLOSURES\6_STEERING_WHEEL_ECU\V2\Open CASCADE STEP translator 7.5 482
! SUMMARY-   
! SUMMARY-  Summary of Unigraphics Part Entities
! SUMMARY-   
! SUMMARY-  Entities Processed             Count
! SUMMARY-  ------------------             -----
! SUMMARY-  Solid/Sheet .................:    10
! SUMMARY-                                 -----
! SUMMARY-  Total                             10
! STATUS-   Creating the UG part (Phase 3 of 3): 21-DEC-2025  7:15:10 PM
! INFO-     Filing Part ..: C:\Users\Trololololol\Documents\Projects\0_BRZ_PARENT\0_BRZ_CAD\4_ECU_ENCLOSURES\6_STEERING_WHEEL_ECU\V2\Open CASCADE STEP translator 7.5 481
! SUMMARY-   
! SUMMARY-  Summary of Unigraphics Part Entities
! SUMMARY-   
! SUMMARY-  Entities Processed             Count
! SUMMARY-  ------------------             -----
! SUMMARY-  Solid/Sheet .................:     1
! SUMMARY-                                 -----
! SUMMARY-  Total                              1
! STATUS-   Creating the UG part (Phase 3 of 3): 21-DEC-2025  7:15:10 PM
! INFO-     Filing Part ..: C:\Users\Trololololol\Documents\Projects\0_BRZ_PARENT\0_BRZ_CAD\4_ECU_ENCLOSURES\6_STEERING_WHEEL_ECU\V2\Open CASCADE STEP translator 7.5 480
! SUMMARY-   
! SUMMARY-  Summary of Unigraphics Part Entities
! SUMMARY-   
! SUMMARY-  Entities Processed             Count
! SUMMARY-  ------------------             -----
! SUMMARY-  Solid/Sheet .................:     2
! SUMMARY-                                 -----
! SUMMARY-  Total                              2
! STATUS-   Creating the UG part (Phase 3 of 3): 21-DEC-2025  7:15:10 PM
! INFO-     Filing Part ..: C:\Users\Trololololol\Documents\Projects\0_BRZ_PARENT\0_BRZ_CAD\4_ECU_ENCLOSURES\6_STEERING_WHEEL_ECU\V2\Open CASCADE STEP translator 7.5 479
! SUMMARY-   
! SUMMARY-  Summary of Unigraphics Part Entities
! SUMMARY-   
! SUMMARY-  Entities Processed             Count
! SUMMARY-  ------------------             -----
! SUMMARY-  Solid/Sheet .................:     1
! SUMMARY-                                 -----
! SUMMARY-  Total                              1
! STATUS-   Creating the UG part (Phase 3 of 3): 21-DEC-2025  7:15:10 PM
! INFO-     Filing Part ..: C:\Users\Trololololol\Documents\Projects\0_BRZ_PARENT\0_BRZ_CAD\4_ECU_ENCLOSURES\6_STEERING_WHEEL_ECU\V2\Open CASCADE STEP translator 7.5 478
! SUMMARY-   
! SUMMARY-  Summary of Unigraphics Part Entities
! SUMMARY-   
! SUMMARY-  Entities Processed             Count
! SUMMARY-  ------------------             -----
! SUMMARY-  Solid/Sheet .................:     9
! SUMMARY-                                 -----
! SUMMARY-  Total                              9
! STATUS-   Creating the UG part (Phase 3 of 3): 21-DEC-2025  7:15:10 PM
! INFO-     Filing Part ..: C:\Users\Trololololol\Documents\Projects\0_BRZ_PARENT\0_BRZ_CAD\4_ECU_ENCLOSURES\6_STEERING_WHEEL_ECU\V2\Open CASCADE STEP translator 7.5 477
! SUMMARY-   
! SUMMARY-  Summary of Unigraphics Part Entities
! SUMMARY-   
! SUMMARY-  Entities Processed             Count
! SUMMARY-  ------------------             -----
! SUMMARY-  Solid/Sheet .................:     1
! SUMMARY-                                 -----
! SUMMARY-  Total                              1
! STATUS-   Creating the UG part (Phase 3 of 3): 21-DEC-2025  7:15:10 PM
! INFO-     Filing Part ..: C:\Users\Trololololol\Documents\Projects\0_BRZ_PARENT\0_BRZ_CAD\4_ECU_ENCLOSURES\6_STEERING_WHEEL_ECU\V2\Open CASCADE STEP translator 7.5 476
! SUMMARY-   
! SUMMARY-  Summary of Unigraphics Part Entities
! SUMMARY-   
! SUMMARY-  Entities Processed             Count
! SUMMARY-  ------------------             -----
! SUMMARY-  Solid/Sheet .................:     2
! SUMMARY-                                 -----
! SUMMARY-  Total                              2
! STATUS-   Creating the UG part (Phase 3 of 3): 21-DEC-2025  7:15:10 PM
! INFO-     Filing Part ..: C:\Users\Trololololol\Documents\Projects\0_BRZ_PARENT\0_BRZ_CAD\4_ECU_ENCLOSURES\6_STEERING_WHEEL_ECU\V2\Open CASCADE STEP translator 7.5 475
! SUMMARY-   
! SUMMARY-  Summary of Unigraphics Part Entities
! SUMMARY-   
! SUMMARY-  Entities Processed             Count
! SUMMARY-  ------------------             -----
! SUMMARY-  Solid/Sheet .................:     9
! SUMMARY-                                 -----
! SUMMARY-  Total                              9
! STATUS-   Creating the UG part (Phase 3 of 3): 21-DEC-2025  7:15:11 PM
! INFO-     Filing Part ..: C:\Users\Trololololol\Documents\Projects\0_BRZ_PARENT\0_BRZ_CAD\4_ECU_ENCLOSURES\6_STEERING_WHEEL_ECU\V2\Open CASCADE STEP translator 7.5 474
! SUMMARY-   
! SUMMARY-  Summary of Unigraphics Part Entities
! SUMMARY-   
! SUMMARY-  Entities Processed             Count
! SUMMARY-  ------------------             -----
! SUMMARY-  Solid/Sheet .................:     1
! SUMMARY-                                 -----
! SUMMARY-  Total                              1
! STATUS-   Creating the UG part (Phase 3 of 3): 21-DEC-2025  7:15:11 PM
! INFO-     Filing Part ..: C:\Users\Trololololol\Documents\Projects\0_BRZ_PARENT\0_BRZ_CAD\4_ECU_ENCLOSURES\6_STEERING_WHEEL_ECU\V2\Open CASCADE STEP translator 7.5 473
! SUMMARY-   
! SUMMARY-  Summary of Unigraphics Part Entities
! SUMMARY-   
! SUMMARY-  Entities Processed             Count
! SUMMARY-  ------------------             -----
! SUMMARY-  Solid/Sheet .................:     2
! SUMMARY-                                 -----
! SUMMARY-  Total                              2
! STATUS-   Creating the UG part (Phase 3 of 3): 21-DEC-2025  7:15:11 PM
! INFO-     Filing Part ..: C:\Users\Trololololol\Documents\Projects\0_BRZ_PARENT\0_BRZ_CAD\4_ECU_ENCLOSURES\6_STEERING_WHEEL_ECU\V2\Open CASCADE STEP translator 7.5 472
! SUMMARY-   
! SUMMARY-  Summary of Unigraphics Part Entities
! SUMMARY-   
! SUMMARY-  Entities Processed             Count
! SUMMARY-  ------------------             -----
! SUMMARY-  Solid/Sheet .................:     1
! SUMMARY-                                 -----
! SUMMARY-  Total                              1
! STATUS-   Creating the UG part (Phase 3 of 3): 21-DEC-2025  7:15:11 PM
! INFO-     Filing Part ..: C:\Users\Trololololol\Documents\Projects\0_BRZ_PARENT\0_BRZ_CAD\4_ECU_ENCLOSURES\6_STEERING_WHEEL_ECU\V2\Open CASCADE STEP translator 7.5 471
! SUMMARY-   
! SUMMARY-  Summary of Unigraphics Part Entities
! SUMMARY-   
! SUMMARY-  Entities Processed             Count
! SUMMARY-  ------------------             -----
! SUMMARY-  Solid/Sheet .................:     2
! SUMMARY-                                 -----
! SUMMARY-  Total                              2
! STATUS-   Creating the UG part (Phase 3 of 3): 21-DEC-2025  7:15:11 PM
! INFO-     Filing Part ..: C:\Users\Trololololol\Documents\Projects\0_BRZ_PARENT\0_BRZ_CAD\4_ECU_ENCLOSURES\6_STEERING_WHEEL_ECU\V2\Open CASCADE STEP translator 7.5 470
! SUMMARY-   
! SUMMARY-  Summary of Unigraphics Part Entities
! SUMMARY-   
! SUMMARY-  Entities Processed             Count
! SUMMARY-  ------------------             -----
! SUMMARY-  Solid/Sheet .................:     1
! SUMMARY-                                 -----
! SUMMARY-  Total                              1
! STATUS-   Creating the UG part (Phase 3 of 3): 21-DEC-2025  7:15:11 PM
! INFO-     Filing Part ..: C:\Users\Trololololol\Documents\Projects\0_BRZ_PARENT\0_BRZ_CAD\4_ECU_ENCLOSURES\6_STEERING_WHEEL_ECU\V2\Open CASCADE STEP translator 7.5 469
! SUMMARY-   
! SUMMARY-  Summary of Unigraphics Part Entities
! SUMMARY-   
! SUMMARY-  Entities Processed             Count
! SUMMARY-  ------------------             -----
! SUMMARY-  Solid/Sheet .................:     1
! SUMMARY-                                 -----
! SUMMARY-  Total                              1
! STATUS-   Creating the UG part (Phase 3 of 3): 21-DEC-2025  7:15:11 PM
! INFO-     Filing Part ..: C:\Users\Trololololol\Documents\Projects\0_BRZ_PARENT\0_BRZ_CAD\4_ECU_ENCLOSURES\6_STEERING_WHEEL_ECU\V2\Open CASCADE STEP translator 7.5 468
! SUMMARY-   
! SUMMARY-  Summary of Unigraphics Part Entities
! SUMMARY-   
! SUMMARY-  Entities Processed             Count
! SUMMARY-  ------------------             -----
! SUMMARY-  Solid/Sheet .................:     2
! SUMMARY-                                 -----
! SUMMARY-  Total                              2
! STATUS-   Creating the UG part (Phase 3 of 3): 21-DEC-2025  7:15:11 PM
! INFO-     Filing Part ..: C:\Users\Trololololol\Documents\Projects\0_BRZ_PARENT\0_BRZ_CAD\4_ECU_ENCLOSURES\6_STEERING_WHEEL_ECU\V2\Open CASCADE STEP translator 7.5 467
! SUMMARY-   
! SUMMARY-  Summary of Unigraphics Part Entities
! SUMMARY-   
! SUMMARY-  Entities Processed             Count
! SUMMARY-  ------------------             -----
! SUMMARY-  Solid/Sheet .................:     1
! SUMMARY-                                 -----
! SUMMARY-  Total                              1
! STATUS-   Creating the UG part (Phase 3 of 3): 21-DEC-2025  7:15:11 PM
! INFO-     Filing Part ..: C:\Users\Trololololol\Documents\Projects\0_BRZ_PARENT\0_BRZ_CAD\4_ECU_ENCLOSURES\6_STEERING_WHEEL_ECU\V2\Open CASCADE STEP translator 7.5 466
! SUMMARY-   
! SUMMARY-  Summary of Unigraphics Part Entities
! SUMMARY-   
! SUMMARY-  Entities Processed             Count
! SUMMARY-  ------------------             -----
! SUMMARY-  Solid/Sheet .................:     9
! SUMMARY-                                 -----
! SUMMARY-  Total                              9
! STATUS-   Creating the UG part (Phase 3 of 3): 21-DEC-2025  7:15:11 PM
! INFO-     Filing Part ..: C:\Users\Trololololol\Documents\Projects\0_BRZ_PARENT\0_BRZ_CAD\4_ECU_ENCLOSURES\6_STEERING_WHEEL_ECU\V2\Open CASCADE STEP translator 7.5 465
! SUMMARY-   
! SUMMARY-  Summary of Unigraphics Part Entities
! SUMMARY-   
! SUMMARY-  Entities Processed             Count
! SUMMARY-  ------------------             -----
! SUMMARY-  Solid/Sheet .................:     1
! SUMMARY-                                 -----
! SUMMARY-  Total                              1
! STATUS-   Creating the UG part (Phase 3 of 3): 21-DEC-2025  7:15:11 PM
! INFO-     Filing Part ..: C:\Users\Trololololol\Documents\Projects\0_BRZ_PARENT\0_BRZ_CAD\4_ECU_ENCLOSURES\6_STEERING_WHEEL_ECU\V2\Open CASCADE STEP translator 7.5 464
! SUMMARY-   
! SUMMARY-  Summary of Unigraphics Part Entities
! SUMMARY-   
! SUMMARY-  Entities Processed             Count
! SUMMARY-  ------------------             -----
! SUMMARY-  Solid/Sheet .................:     2
! SUMMARY-                                 -----
! SUMMARY-  Total                              2
! STATUS-   Creating the UG part (Phase 3 of 3): 21-DEC-2025  7:15:11 PM
! INFO-     Filing Part ..: C:\Users\Trololololol\Documents\Projects\0_BRZ_PARENT\0_BRZ_CAD\4_ECU_ENCLOSURES\6_STEERING_WHEEL_ECU\V2\Open CASCADE STEP translator 7.5 463
! SUMMARY-   
! SUMMARY-  Summary of Unigraphics Part Entities
! SUMMARY-   
! SUMMARY-  Entities Processed             Count
! SUMMARY-  ------------------             -----
! SUMMARY-  Solid/Sheet .................:     9
! SUMMARY-                                 -----
! SUMMARY-  Total                              9
! STATUS-   Creating the UG part (Phase 3 of 3): 21-DEC-2025  7:15:11 PM
! INFO-     Filing Part ..: C:\Users\Trololololol\Documents\Projects\0_BRZ_PARENT\0_BRZ_CAD\4_ECU_ENCLOSURES\6_STEERING_WHEEL_ECU\V2\Open CASCADE STEP translator 7.5 462
! SUMMARY-   
! SUMMARY-  Summary of Unigraphics Part Entities
! SUMMARY-   
! SUMMARY-  Entities Processed             Count
! SUMMARY-  ------------------             -----
! SUMMARY-  Solid/Sheet .................:     1
! SUMMARY-                                 -----
! SUMMARY-  Total                              1
! STATUS-   Creating the UG part (Phase 3 of 3): 21-DEC-2025  7:15:11 PM
! INFO-     Filing Part ..: C:\Users\Trololololol\Documents\Projects\0_BRZ_PARENT\0_BRZ_CAD\4_ECU_ENCLOSURES\6_STEERING_WHEEL_ECU\V2\Open CASCADE STEP translator 7.5 461
! SUMMARY-   
! SUMMARY-  Summary of Unigraphics Part Entities
! SUMMARY-   
! SUMMARY-  Entities Processed             Count
! SUMMARY-  ------------------             -----
! SUMMARY-  Solid/Sheet .................:     2
! SUMMARY-                                 -----
! SUMMARY-  Total                              2
! STATUS-   Creating the UG part (Phase 3 of 3): 21-DEC-2025  7:15:12 PM
! INFO-     Filing Part ..: C:\Users\Trololololol\Documents\Projects\0_BRZ_PARENT\0_BRZ_CAD\4_ECU_ENCLOSURES\6_STEERING_WHEEL_ECU\V2\Open CASCADE STEP translator 7.5 460
! SUMMARY-   
! SUMMARY-  Summary of Unigraphics Part Entities
! SUMMARY-   
! SUMMARY-  Entities Processed             Count
! SUMMARY-  ------------------             -----
! SUMMARY-  Solid/Sheet .................:     1
! SUMMARY-                                 -----
! SUMMARY-  Total                              1
! STATUS-   Creating the UG part (Phase 3 of 3): 21-DEC-2025  7:15:12 PM
! INFO-     Filing Part ..: C:\Users\Trololololol\Documents\Projects\0_BRZ_PARENT\0_BRZ_CAD\4_ECU_ENCLOSURES\6_STEERING_WHEEL_ECU\V2\Open CASCADE STEP translator 7.5 459
! SUMMARY-   
! SUMMARY-  Summary of Unigraphics Part Entities
! SUMMARY-   
! SUMMARY-  Entities Processed             Count
! SUMMARY-  ------------------             -----
! SUMMARY-  Solid/Sheet .................:     2
! SUMMARY-                                 -----
! SUMMARY-  Total                              2
! STATUS-   Creating the UG part (Phase 3 of 3): 21-DEC-2025  7:15:12 PM
! INFO-     Filing Part ..: C:\Users\Trololololol\Documents\Projects\0_BRZ_PARENT\0_BRZ_CAD\4_ECU_ENCLOSURES\6_STEERING_WHEEL_ECU\V2\Open CASCADE STEP translator 7.5 458
! SUMMARY-   
! SUMMARY-  Summary of Unigraphics Part Entities
! SUMMARY-   
! SUMMARY-  Entities Processed             Count
! SUMMARY-  ------------------             -----
! SUMMARY-  Solid/Sheet .................:     1
! SUMMARY-                                 -----
! SUMMARY-  Total                              1
! STATUS-   Creating the UG part (Phase 3 of 3): 21-DEC-2025  7:15:12 PM
! INFO-     Filing Part ..: C:\Users\Trololololol\Documents\Projects\0_BRZ_PARENT\0_BRZ_CAD\4_ECU_ENCLOSURES\6_STEERING_WHEEL_ECU\V2\Open CASCADE STEP translator 7.5 457
! SUMMARY-   
! SUMMARY-  Summary of Unigraphics Part Entities
! SUMMARY-   
! SUMMARY-  Entities Processed             Count
! SUMMARY-  ------------------             -----
! SUMMARY-  Solid/Sheet .................:     1
! SUMMARY-                                 -----
! SUMMARY-  Total                              1
! STATUS-   Creating the UG part (Phase 3 of 3): 21-DEC-2025  7:15:12 PM
! INFO-     Filing Part ..: C:\Users\Trololololol\Documents\Projects\0_BRZ_PARENT\0_BRZ_CAD\4_ECU_ENCLOSURES\6_STEERING_WHEEL_ECU\V2\Open CASCADE STEP translator 7.5 456
! SUMMARY-   
! SUMMARY-  Summary of Unigraphics Part Entities
! SUMMARY-   
! SUMMARY-  Entities Processed             Count
! SUMMARY-  ------------------             -----
! SUMMARY-  Solid/Sheet .................:     2
! SUMMARY-                                 -----
! SUMMARY-  Total                              2
! STATUS-   Creating the UG part (Phase 3 of 3): 21-DEC-2025  7:15:12 PM
! INFO-     Filing Part ..: C:\Users\Trololololol\Documents\Projects\0_BRZ_PARENT\0_BRZ_CAD\4_ECU_ENCLOSURES\6_STEERING_WHEEL_ECU\V2\Open CASCADE STEP translator 7.5 455
! SUMMARY-   
! SUMMARY-  Summary of Unigraphics Part Entities
! SUMMARY-   
! SUMMARY-  Entities Processed             Count
! SUMMARY-  ------------------             -----
! SUMMARY-  Solid/Sheet .................:     1
! SUMMARY-                                 -----
! SUMMARY-  Total                              1
! STATUS-   Creating the UG part (Phase 3 of 3): 21-DEC-2025  7:15:12 PM
! INFO-     Filing Part ..: C:\Users\Trololololol\Documents\Projects\0_BRZ_PARENT\0_BRZ_CAD\4_ECU_ENCLOSURES\6_STEERING_WHEEL_ECU\V2\Open CASCADE STEP translator 7.5 454
! SUMMARY-   
! SUMMARY-  Summary of Unigraphics Part Entities
! SUMMARY-   
! SUMMARY-  Entities Processed             Count
! SUMMARY-  ------------------             -----
! SUMMARY-  Solid/Sheet .................:     1
! SUMMARY-                                 -----
! SUMMARY-  Total                              1
! STATUS-   Creating the UG part (Phase 3 of 3): 21-DEC-2025  7:15:12 PM
! INFO-     Filing Part ..: C:\Users\Trololololol\Documents\Projects\0_BRZ_PARENT\0_BRZ_CAD\4_ECU_ENCLOSURES\6_STEERING_WHEEL_ECU\V2\Open CASCADE STEP translator 7.5 453
! SUMMARY-   
! SUMMARY-  Summary of Unigraphics Part Entities
! SUMMARY-   
! SUMMARY-  Entities Processed             Count
! SUMMARY-  ------------------             -----
! SUMMARY-  Solid/Sheet .................:     2
! SUMMARY-                                 -----
! SUMMARY-  Total                              2
! STATUS-   Creating the UG part (Phase 3 of 3): 21-DEC-2025  7:15:12 PM
! INFO-     Filing Part ..: C:\Users\Trololololol\Documents\Projects\0_BRZ_PARENT\0_BRZ_CAD\4_ECU_ENCLOSURES\6_STEERING_WHEEL_ECU\V2\Open CASCADE STEP translator 7.5 452
! SUMMARY-   
! SUMMARY-  Summary of Unigraphics Part Entities
! SUMMARY-   
! SUMMARY-  Entities Processed             Count
! SUMMARY-  ------------------             -----
! SUMMARY-  Solid/Sheet .................:     1
! SUMMARY-                                 -----
! SUMMARY-  Total                              1
! STATUS-   Creating the UG part (Phase 3 of 3): 21-DEC-2025  7:15:12 PM
! INFO-     Filing Part ..: C:\Users\Trololololol\Documents\Projects\0_BRZ_PARENT\0_BRZ_CAD\4_ECU_ENCLOSURES\6_STEERING_WHEEL_ECU\V2\Open CASCADE STEP translator 7.5 451
! SUMMARY-   
! SUMMARY-  Summary of Unigraphics Part Entities
! SUMMARY-   
! SUMMARY-  Entities Processed             Count
! SUMMARY-  ------------------             -----
! SUMMARY-  Solid/Sheet .................:     1
! SUMMARY-                                 -----
! SUMMARY-  Total                              1
! STATUS-   Creating the UG part (Phase 3 of 3): 21-DEC-2025  7:15:13 PM
! INFO-     Filing Part ..: C:\Users\Trololololol\Documents\Projects\0_BRZ_PARENT\0_BRZ_CAD\4_ECU_ENCLOSURES\6_STEERING_WHEEL_ECU\V2\Open CASCADE STEP translator 7.5 450
! SUMMARY-   
! SUMMARY-  Summary of Unigraphics Part Entities
! SUMMARY-   
! SUMMARY-  Entities Processed             Count
! SUMMARY-  ------------------             -----
! SUMMARY-  Solid/Sheet .................:     2
! SUMMARY-                                 -----
! SUMMARY-  Total                              2
! STATUS-   Creating the UG part (Phase 3 of 3): 21-DEC-2025  7:15:13 PM
! INFO-     Filing Part ..: C:\Users\Trololololol\Documents\Projects\0_BRZ_PARENT\0_BRZ_CAD\4_ECU_ENCLOSURES\6_STEERING_WHEEL_ECU\V2\Open CASCADE STEP translator 7.5 449
! SUMMARY-   
! SUMMARY-  Summary of Unigraphics Part Entities
! SUMMARY-   
! SUMMARY-  Entities Processed             Count
! SUMMARY-  ------------------             -----
! SUMMARY-  Solid/Sheet .................:     1
! SUMMARY-                                 -----
! SUMMARY-  Total                              1
! STATUS-   Creating the UG part (Phase 3 of 3): 21-DEC-2025  7:15:13 PM
! INFO-     Filing Part ..: C:\Users\Trololololol\Documents\Projects\0_BRZ_PARENT\0_BRZ_CAD\4_ECU_ENCLOSURES\6_STEERING_WHEEL_ECU\V2\Open CASCADE STEP translator 7.5 448
! SUMMARY-   
! SUMMARY-  Summary of Unigraphics Part Entities
! SUMMARY-   
! SUMMARY-  Entities Processed             Count
! SUMMARY-  ------------------             -----
! SUMMARY-  Solid/Sheet .................:     1
! SUMMARY-                                 -----
! SUMMARY-  Total                              1
! STATUS-   Creating the UG part (Phase 3 of 3): 21-DEC-2025  7:15:13 PM
! INFO-     Filing Part ..: C:\Users\Trololololol\Documents\Projects\0_BRZ_PARENT\0_BRZ_CAD\4_ECU_ENCLOSURES\6_STEERING_WHEEL_ECU\V2\Open CASCADE STEP translator 7.5 447
! SUMMARY-   
! SUMMARY-  Summary of Unigraphics Part Entities
! SUMMARY-   
! SUMMARY-  Entities Processed             Count
! SUMMARY-  ------------------             -----
! SUMMARY-  Solid/Sheet .................:     2
! SUMMARY-                                 -----
! SUMMARY-  Total                              2
! STATUS-   Creating the UG part (Phase 3 of 3): 21-DEC-2025  7:15:13 PM
! INFO-     Filing Part ..: C:\Users\Trololololol\Documents\Projects\0_BRZ_PARENT\0_BRZ_CAD\4_ECU_ENCLOSURES\6_STEERING_WHEEL_ECU\V2\Open CASCADE STEP translator 7.5 446
! SUMMARY-   
! SUMMARY-  Summary of Unigraphics Part Entities
! SUMMARY-   
! SUMMARY-  Entities Processed             Count
! SUMMARY-  ------------------             -----
! SUMMARY-  Solid/Sheet .................:     1
! SUMMARY-                                 -----
! SUMMARY-  Total                              1
! STATUS-   Creating the UG part (Phase 3 of 3): 21-DEC-2025  7:15:13 PM
! INFO-     Filing Part ..: C:\Users\Trololololol\Documents\Projects\0_BRZ_PARENT\0_BRZ_CAD\4_ECU_ENCLOSURES\6_STEERING_WHEEL_ECU\V2\Open CASCADE STEP translator 7.5 445
! SUMMARY-   
! SUMMARY-  Summary of Unigraphics Part Entities
! SUMMARY-   
! SUMMARY-  Entities Processed             Count
! SUMMARY-  ------------------             -----
! SUMMARY-  Solid/Sheet .................:     1
! SUMMARY-                                 -----
! SUMMARY-  Total                              1
! STATUS-   Creating the UG part (Phase 3 of 3): 21-DEC-2025  7:15:13 PM
! INFO-     Filing Part ..: C:\Users\Trololololol\Documents\Projects\0_BRZ_PARENT\0_BRZ_CAD\4_ECU_ENCLOSURES\6_STEERING_WHEEL_ECU\V2\Open CASCADE STEP translator 7.5 444
! SUMMARY-   
! SUMMARY-  Summary of Unigraphics Part Entities
! SUMMARY-   
! SUMMARY-  Entities Processed             Count
! SUMMARY-  ------------------             -----
! SUMMARY-  Solid/Sheet .................:     2
! SUMMARY-                                 -----
! SUMMARY-  Total                              2
! STATUS-   Creating the UG part (Phase 3 of 3): 21-DEC-2025  7:15:13 PM
! INFO-     Filing Part ..: C:\Users\Trololololol\Documents\Projects\0_BRZ_PARENT\0_BRZ_CAD\4_ECU_ENCLOSURES\6_STEERING_WHEEL_ECU\V2\Open CASCADE STEP translator 7.5 443
! SUMMARY-   
! SUMMARY-  Summary of Unigraphics Part Entities
! SUMMARY-   
! SUMMARY-  Entities Processed             Count
! SUMMARY-  ------------------             -----
! SUMMARY-  Solid/Sheet .................:     1
! SUMMARY-                                 -----
! SUMMARY-  Total                              1
! STATUS-   Creating the UG part (Phase 3 of 3): 21-DEC-2025  7:15:13 PM
! INFO-     Filing Part ..: C:\Users\Trololololol\Documents\Projects\0_BRZ_PARENT\0_BRZ_CAD\4_ECU_ENCLOSURES\6_STEERING_WHEEL_ECU\V2\Open CASCADE STEP translator 7.5 442
! SUMMARY-   
! SUMMARY-  Summary of Unigraphics Part Entities
! SUMMARY-   
! SUMMARY-  Entities Processed             Count
! SUMMARY-  ------------------             -----
! SUMMARY-  Solid/Sheet .................:     1
! SUMMARY-                                 -----
! SUMMARY-  Total                              1
! STATUS-   Creating the UG part (Phase 3 of 3): 21-DEC-2025  7:15:13 PM
! INFO-     Filing Part ..: C:\Users\Trololololol\Documents\Projects\0_BRZ_PARENT\0_BRZ_CAD\4_ECU_ENCLOSURES\6_STEERING_WHEEL_ECU\V2\Open CASCADE STEP translator 7.5 441
! SUMMARY-   
! SUMMARY-  Summary of Unigraphics Part Entities
! SUMMARY-   
! SUMMARY-  Entities Processed             Count
! SUMMARY-  ------------------             -----
! SUMMARY-  Solid/Sheet .................:     2
! SUMMARY-                                 -----
! SUMMARY-  Total                              2
! STATUS-   Creating the UG part (Phase 3 of 3): 21-DEC-2025  7:15:13 PM
! INFO-     Filing Part ..: C:\Users\Trololololol\Documents\Projects\0_BRZ_PARENT\0_BRZ_CAD\4_ECU_ENCLOSURES\6_STEERING_WHEEL_ECU\V2\Open CASCADE STEP translator 7.5 440
! SUMMARY-   
! SUMMARY-  Summary of Unigraphics Part Entities
! SUMMARY-   
! SUMMARY-  Entities Processed             Count
! SUMMARY-  ------------------             -----
! SUMMARY-  Solid/Sheet .................:     1
! SUMMARY-                                 -----
! SUMMARY-  Total                              1
! STATUS-   Creating the UG part (Phase 3 of 3): 21-DEC-2025  7:15:13 PM
! INFO-     Filing Part ..: C:\Users\Trololololol\Documents\Projects\0_BRZ_PARENT\0_BRZ_CAD\4_ECU_ENCLOSURES\6_STEERING_WHEEL_ECU\V2\Open CASCADE STEP translator 7.5 439
! SUMMARY-   
! SUMMARY-  Summary of Unigraphics Part Entities
! SUMMARY-   
! SUMMARY-  Entities Processed             Count
! SUMMARY-  ------------------             -----
! SUMMARY-  Solid/Sheet .................:     1
! SUMMARY-                                 -----
! SUMMARY-  Total                              1
! STATUS-   Creating the UG part (Phase 3 of 3): 21-DEC-2025  7:15:14 PM
! INFO-     Filing Part ..: C:\Users\Trololololol\Documents\Projects\0_BRZ_PARENT\0_BRZ_CAD\4_ECU_ENCLOSURES\6_STEERING_WHEEL_ECU\V2\Open CASCADE STEP translator 7.5 438
! SUMMARY-   
! SUMMARY-  Summary of Unigraphics Part Entities
! SUMMARY-   
! SUMMARY-  Entities Processed             Count
! SUMMARY-  ------------------             -----
! SUMMARY-  Solid/Sheet .................:     2
! SUMMARY-                                 -----
! SUMMARY-  Total                              2
! STATUS-   Creating the UG part (Phase 3 of 3): 21-DEC-2025  7:15:14 PM
! INFO-     Filing Part ..: C:\Users\Trololololol\Documents\Projects\0_BRZ_PARENT\0_BRZ_CAD\4_ECU_ENCLOSURES\6_STEERING_WHEEL_ECU\V2\Open CASCADE STEP translator 7.5 437
! SUMMARY-   
! SUMMARY-  Summary of Unigraphics Part Entities
! SUMMARY-   
! SUMMARY-  Entities Processed             Count
! SUMMARY-  ------------------             -----
! SUMMARY-  Solid/Sheet .................:     1
! SUMMARY-                                 -----
! SUMMARY-  Total                              1
! STATUS-   Creating the UG part (Phase 3 of 3): 21-DEC-2025  7:15:14 PM
! INFO-     Filing Part ..: C:\Users\Trololololol\Documents\Projects\0_BRZ_PARENT\0_BRZ_CAD\4_ECU_ENCLOSURES\6_STEERING_WHEEL_ECU\V2\Open CASCADE STEP translator 7.5 436
! SUMMARY-   
! SUMMARY-  Summary of Unigraphics Part Entities
! SUMMARY-   
! SUMMARY-  Entities Processed             Count
! SUMMARY-  ------------------             -----
! SUMMARY-  Solid/Sheet .................:     1
! SUMMARY-                                 -----
! SUMMARY-  Total                              1
! STATUS-   Creating the UG part (Phase 3 of 3): 21-DEC-2025  7:15:14 PM
! INFO-     Filing Part ..: C:\Users\Trololololol\Documents\Projects\0_BRZ_PARENT\0_BRZ_CAD\4_ECU_ENCLOSURES\6_STEERING_WHEEL_ECU\V2\Open CASCADE STEP translator 7.5 435
! SUMMARY-   
! SUMMARY-  Summary of Unigraphics Part Entities
! SUMMARY-   
! SUMMARY-  Entities Processed             Count
! SUMMARY-  ------------------             -----
! SUMMARY-  Solid/Sheet .................:     2
! SUMMARY-                                 -----
! SUMMARY-  Total                              2
! STATUS-   Creating the UG part (Phase 3 of 3): 21-DEC-2025  7:15:14 PM
! INFO-     Filing Part ..: C:\Users\Trololololol\Documents\Projects\0_BRZ_PARENT\0_BRZ_CAD\4_ECU_ENCLOSURES\6_STEERING_WHEEL_ECU\V2\Open CASCADE STEP translator 7.5 434
! SUMMARY-   
! SUMMARY-  Summary of Unigraphics Part Entities
! SUMMARY-   
! SUMMARY-  Entities Processed             Count
! SUMMARY-  ------------------             -----
! SUMMARY-  Solid/Sheet .................:     1
! SUMMARY-                                 -----
! SUMMARY-  Total                              1
! STATUS-   Creating the UG part (Phase 3 of 3): 21-DEC-2025  7:15:14 PM
! INFO-     Filing Part ..: C:\Users\Trololololol\Documents\Projects\0_BRZ_PARENT\0_BRZ_CAD\4_ECU_ENCLOSURES\6_STEERING_WHEEL_ECU\V2\Open CASCADE STEP translator 7.5 433
! SUMMARY-   
! SUMMARY-  Summary of Unigraphics Part Entities
! SUMMARY-   
! SUMMARY-  Entities Processed             Count
! SUMMARY-  ------------------             -----
! SUMMARY-  Solid/Sheet .................:     1
! SUMMARY-                                 -----
! SUMMARY-  Total                              1
! STATUS-   Creating the UG part (Phase 3 of 3): 21-DEC-2025  7:15:14 PM
! INFO-     Filing Part ..: C:\Users\Trololololol\Documents\Projects\0_BRZ_PARENT\0_BRZ_CAD\4_ECU_ENCLOSURES\6_STEERING_WHEEL_ECU\V2\Open CASCADE STEP translator 7.5 432
! SUMMARY-   
! SUMMARY-  Summary of Unigraphics Part Entities
! SUMMARY-   
! SUMMARY-  Entities Processed             Count
! SUMMARY-  ------------------             -----
! SUMMARY-  Solid/Sheet .................:     2
! SUMMARY-                                 -----
! SUMMARY-  Total                              2
! STATUS-   Creating the UG part (Phase 3 of 3): 21-DEC-2025  7:15:14 PM
! INFO-     Filing Part ..: C:\Users\Trololololol\Documents\Projects\0_BRZ_PARENT\0_BRZ_CAD\4_ECU_ENCLOSURES\6_STEERING_WHEEL_ECU\V2\Open CASCADE STEP translator 7.5 431
! SUMMARY-   
! SUMMARY-  Summary of Unigraphics Part Entities
! SUMMARY-   
! SUMMARY-  Entities Processed             Count
! SUMMARY-  ------------------             -----
! SUMMARY-  Solid/Sheet .................:     1
! SUMMARY-                                 -----
! SUMMARY-  Total                              1
! STATUS-   Creating the UG part (Phase 3 of 3): 21-DEC-2025  7:15:14 PM
! INFO-     Filing Part ..: C:\Users\Trololololol\Documents\Projects\0_BRZ_PARENT\0_BRZ_CAD\4_ECU_ENCLOSURES\6_STEERING_WHEEL_ECU\V2\Open CASCADE STEP translator 7.5 430
! SUMMARY-   
! SUMMARY-  Summary of Unigraphics Part Entities
! SUMMARY-   
! SUMMARY-  Entities Processed             Count
! SUMMARY-  ------------------             -----
! SUMMARY-  Solid/Sheet .................:     1
! SUMMARY-                                 -----
! SUMMARY-  Total                              1
! STATUS-   Creating the UG part (Phase 3 of 3): 21-DEC-2025  7:15:14 PM
! INFO-     Filing Part ..: C:\Users\Trololololol\Documents\Projects\0_BRZ_PARENT\0_BRZ_CAD\4_ECU_ENCLOSURES\6_STEERING_WHEEL_ECU\V2\Open CASCADE STEP translator 7.5 429
! SUMMARY-   
! SUMMARY-  Summary of Unigraphics Part Entities
! SUMMARY-   
! SUMMARY-  Entities Processed             Count
! SUMMARY-  ------------------             -----
! SUMMARY-  Solid/Sheet .................:     2
! SUMMARY-                                 -----
! SUMMARY-  Total                              2
! STATUS-   Creating the UG part (Phase 3 of 3): 21-DEC-2025  7:15:14 PM
! INFO-     Filing Part ..: C:\Users\Trololololol\Documents\Projects\0_BRZ_PARENT\0_BRZ_CAD\4_ECU_ENCLOSURES\6_STEERING_WHEEL_ECU\V2\Open CASCADE STEP translator 7.5 428
! SUMMARY-   
! SUMMARY-  Summary of Unigraphics Part Entities
! SUMMARY-   
! SUMMARY-  Entities Processed             Count
! SUMMARY-  ------------------             -----
! SUMMARY-  Solid/Sheet .................:     1
! SUMMARY-                                 -----
! SUMMARY-  Total                              1
! STATUS-   Creating the UG part (Phase 3 of 3): 21-DEC-2025  7:15:14 PM
! INFO-     Filing Part ..: C:\Users\Trololololol\Documents\Projects\0_BRZ_PARENT\0_BRZ_CAD\4_ECU_ENCLOSURES\6_STEERING_WHEEL_ECU\V2\Open CASCADE STEP translator 7.5 427
! SUMMARY-   
! SUMMARY-  Summary of Unigraphics Part Entities
! SUMMARY-   
! SUMMARY-  Entities Processed             Count
! SUMMARY-  ------------------             -----
! SUMMARY-  Solid/Sheet .................:     1
! SUMMARY-                                 -----
! SUMMARY-  Total                              1
! STATUS-   Creating the UG part (Phase 3 of 3): 21-DEC-2025  7:15:14 PM
! INFO-     Filing Part ..: C:\Users\Trololololol\Documents\Projects\0_BRZ_PARENT\0_BRZ_CAD\4_ECU_ENCLOSURES\6_STEERING_WHEEL_ECU\V2\Open CASCADE STEP translator 7.5 426
! SUMMARY-   
! SUMMARY-  Summary of Unigraphics Part Entities
! SUMMARY-   
! SUMMARY-  Entities Processed             Count
! SUMMARY-  ------------------             -----
! SUMMARY-  Solid/Sheet .................:    22
! SUMMARY-                                 -----
! SUMMARY-  Total                             22
! STATUS-   Creating the UG part (Phase 3 of 3): 21-DEC-2025  7:15:15 PM
! INFO-     Filing Part ..: C:\Users\Trololololol\Documents\Projects\0_BRZ_PARENT\0_BRZ_CAD\4_ECU_ENCLOSURES\6_STEERING_WHEEL_ECU\V2\Open CASCADE STEP translator 7.5 425
! SUMMARY-   
! SUMMARY-  Summary of Unigraphics Part Entities
! SUMMARY-   
! SUMMARY-  Entities Processed             Count
! SUMMARY-  ------------------             -----
! SUMMARY-  Solid/Sheet .................:     3
! SUMMARY-                                 -----
! SUMMARY-  Total                              3
! STATUS-   Creating the UG part (Phase 3 of 3): 21-DEC-2025  7:15:15 PM
! INFO-     Filing Part ..: C:\Users\Trololololol\Documents\Projects\0_BRZ_PARENT\0_BRZ_CAD\4_ECU_ENCLOSURES\6_STEERING_WHEEL_ECU\V2\Open CASCADE STEP translator 7.5 424
! SUMMARY-   
! SUMMARY-  Summary of Unigraphics Part Entities
! SUMMARY-   
! SUMMARY-  Entities Processed             Count
! SUMMARY-  ------------------             -----
! SUMMARY-  Solid/Sheet .................:     1
! SUMMARY-                                 -----
! SUMMARY-  Total                              1
! STATUS-   Creating the UG part (Phase 3 of 3): 21-DEC-2025  7:15:15 PM
! INFO-     Filing Part ..: C:\Users\Trololololol\Documents\Projects\0_BRZ_PARENT\0_BRZ_CAD\4_ECU_ENCLOSURES\6_STEERING_WHEEL_ECU\V2\Open CASCADE STEP translator 7.5 423
! SUMMARY-   
! SUMMARY-  Summary of Unigraphics Part Entities
! SUMMARY-   
! SUMMARY-  Entities Processed             Count
! SUMMARY-  ------------------             -----
! SUMMARY-  Solid/Sheet .................:     1
! SUMMARY-                                 -----
! SUMMARY-  Total                              1
! STATUS-   Creating the UG part (Phase 3 of 3): 21-DEC-2025  7:15:15 PM
! INFO-     Filing Part ..: C:\Users\Trololololol\Documents\Projects\0_BRZ_PARENT\0_BRZ_CAD\4_ECU_ENCLOSURES\6_STEERING_WHEEL_ECU\V2\Open CASCADE STEP translator 7.5 422
! SUMMARY-   
! SUMMARY-  Summary of Unigraphics Part Entities
! SUMMARY-   
! SUMMARY-  Entities Processed             Count
! SUMMARY-  ------------------             -----
! SUMMARY-  Solid/Sheet .................:     1
! SUMMARY-                                 -----
! SUMMARY-  Total                              1
! STATUS-   Creating the UG part (Phase 3 of 3): 21-DEC-2025  7:15:15 PM
! INFO-     Filing Part ..: C:\Users\Trololololol\Documents\Projects\0_BRZ_PARENT\0_BRZ_CAD\4_ECU_ENCLOSURES\6_STEERING_WHEEL_ECU\V2\Open CASCADE STEP translator 7.5 421
! SUMMARY-   
! SUMMARY-  Summary of Unigraphics Part Entities
! SUMMARY-   
! SUMMARY-  Entities Processed             Count
! SUMMARY-  ------------------             -----
! SUMMARY-  Solid/Sheet .................:     1
! SUMMARY-                                 -----
! SUMMARY-  Total                              1
! STATUS-   Creating the UG part (Phase 3 of 3): 21-DEC-2025  7:15:15 PM
! INFO-     Filing Part ..: C:\Users\Trololololol\Documents\Projects\0_BRZ_PARENT\0_BRZ_CAD\4_ECU_ENCLOSURES\6_STEERING_WHEEL_ECU\V2\Open CASCADE STEP translator 7.5 420
! SUMMARY-   
! SUMMARY-  Summary of Unigraphics Part Entities
! SUMMARY-   
! SUMMARY-  Entities Processed             Count
! SUMMARY-  ------------------             -----
! SUMMARY-  Solid/Sheet .................:     1
! SUMMARY-                                 -----
! SUMMARY-  Total                              1
! STATUS-   Creating the UG part (Phase 3 of 3): 21-DEC-2025  7:15:15 PM
! INFO-     Filing Part ..: C:\Users\Trololololol\Documents\Projects\0_BRZ_PARENT\0_BRZ_CAD\4_ECU_ENCLOSURES\6_STEERING_WHEEL_ECU\V2\Open CASCADE STEP translator 7.5 419
! SUMMARY-   
! SUMMARY-  Summary of Unigraphics Part Entities
! SUMMARY-   
! SUMMARY-  Entities Processed             Count
! SUMMARY-  ------------------             -----
! SUMMARY-  Solid/Sheet .................:     1
! SUMMARY-                                 -----
! SUMMARY-  Total                              1
! STATUS-   Creating the UG part (Phase 3 of 3): 21-DEC-2025  7:15:15 PM
! INFO-     Filing Part ..: C:\Users\Trololololol\Documents\Projects\0_BRZ_PARENT\0_BRZ_CAD\4_ECU_ENCLOSURES\6_STEERING_WHEEL_ECU\V2\Open CASCADE STEP translator 7.5 418
! SUMMARY-   
! SUMMARY-  Summary of Unigraphics Part Entities
! SUMMARY-   
! SUMMARY-  Entities Processed             Count
! SUMMARY-  ------------------             -----
! SUMMARY-  Solid/Sheet .................:     2
! SUMMARY-                                 -----
! SUMMARY-  Total                              2
! STATUS-   Creating the UG part (Phase 3 of 3): 21-DEC-2025  7:15:15 PM
! INFO-     Filing Part ..: C:\Users\Trololololol\Documents\Projects\0_BRZ_PARENT\0_BRZ_CAD\4_ECU_ENCLOSURES\6_STEERING_WHEEL_ECU\V2\Open CASCADE STEP translator 7.5 417
! SUMMARY-   
! SUMMARY-  Summary of Unigraphics Part Entities
! SUMMARY-   
! SUMMARY-  Entities Processed             Count
! SUMMARY-  ------------------             -----
! SUMMARY-  Solid/Sheet .................:     1
! SUMMARY-                                 -----
! SUMMARY-  Total                              1
! STATUS-   Creating the UG part (Phase 3 of 3): 21-DEC-2025  7:15:15 PM
! INFO-     Filing Part ..: C:\Users\Trololololol\Documents\Projects\0_BRZ_PARENT\0_BRZ_CAD\4_ECU_ENCLOSURES\6_STEERING_WHEEL_ECU\V2\Open CASCADE STEP translator 7.5 416
! SUMMARY-   
! SUMMARY-  Summary of Unigraphics Part Entities
! SUMMARY-   
! SUMMARY-  Entities Processed             Count
! SUMMARY-  ------------------             -----
! SUMMARY-  Solid/Sheet .................:     3
! SUMMARY-                                 -----
! SUMMARY-  Total                              3
! STATUS-   Creating the UG part (Phase 3 of 3): 21-DEC-2025  7:15:16 PM
! INFO-     Filing Part ..: C:\Users\Trololololol\Documents\Projects\0_BRZ_PARENT\0_BRZ_CAD\4_ECU_ENCLOSURES\6_STEERING_WHEEL_ECU\V2\Open CASCADE STEP translator 7.5 415
! SUMMARY-   
! SUMMARY-  Summary of Unigraphics Part Entities
! SUMMARY-   
! SUMMARY-  Entities Processed             Count
! SUMMARY-  ------------------             -----
! SUMMARY-  Solid/Sheet .................:     1
! SUMMARY-                                 -----
! SUMMARY-  Total                              1
! STATUS-   Creating the UG part (Phase 3 of 3): 21-DEC-2025  7:15:16 PM
! INFO-     Filing Part ..: C:\Users\Trololololol\Documents\Projects\0_BRZ_PARENT\0_BRZ_CAD\4_ECU_ENCLOSURES\6_STEERING_WHEEL_ECU\V2\Open CASCADE STEP translator 7.5 414
! SUMMARY-   
! SUMMARY-  Summary of Unigraphics Part Entities
! SUMMARY-   
! SUMMARY-  Entities Processed             Count
! SUMMARY-  ------------------             -----
! SUMMARY-  Solid/Sheet .................:    12
! SUMMARY-                                 -----
! SUMMARY-  Total                             12
! STATUS-   Creating the UG part (Phase 3 of 3): 21-DEC-2025  7:15:16 PM
! INFO-     Filing Part ..: C:\Users\Trololololol\Documents\Projects\0_BRZ_PARENT\0_BRZ_CAD\4_ECU_ENCLOSURES\6_STEERING_WHEEL_ECU\V2\Open CASCADE STEP translator 7.5 413
! SUMMARY-   
! SUMMARY-  Summary of Unigraphics Part Entities
! SUMMARY-   
! SUMMARY-  Entities Processed             Count
! SUMMARY-  ------------------             -----
! SUMMARY-  Solid/Sheet .................:     2
! SUMMARY-                                 -----
! SUMMARY-  Total                              2
! STATUS-   Creating the UG part (Phase 3 of 3): 21-DEC-2025  7:15:16 PM
! INFO-     Filing Part ..: C:\Users\Trololololol\Documents\Projects\0_BRZ_PARENT\0_BRZ_CAD\4_ECU_ENCLOSURES\6_STEERING_WHEEL_ECU\V2\Open CASCADE STEP translator 7.5 412
! SUMMARY-   
! SUMMARY-  Summary of Unigraphics Part Entities
! SUMMARY-   
! SUMMARY-  Entities Processed             Count
! SUMMARY-  ------------------             -----
! SUMMARY-  Solid/Sheet .................:     1
! SUMMARY-                                 -----
! SUMMARY-  Total                              1
! STATUS-   Creating the UG part (Phase 3 of 3): 21-DEC-2025  7:15:16 PM
! INFO-     Filing Part ..: C:\Users\Trololololol\Documents\Projects\0_BRZ_PARENT\0_BRZ_CAD\4_ECU_ENCLOSURES\6_STEERING_WHEEL_ECU\V2\Open CASCADE STEP translator 7.5 411
! SUMMARY-   
! SUMMARY-  Summary of Unigraphics Part Entities
! SUMMARY-   
! SUMMARY-  Entities Processed             Count
! SUMMARY-  ------------------             -----
! SUMMARY-  Solid/Sheet .................:     5
! SUMMARY-                                 -----
! SUMMARY-  Total                              5
! STATUS-   Creating the UG part (Phase 3 of 3): 21-DEC-2025  7:15:16 PM
! INFO-     Filing Part ..: C:\Users\Trololololol\Documents\Projects\0_BRZ_PARENT\0_BRZ_CAD\4_ECU_ENCLOSURES\6_STEERING_WHEEL_ECU\V2\Open CASCADE STEP translator 7.5 410
! SUMMARY-   
! SUMMARY-  Summary of Unigraphics Part Entities
! SUMMARY-   
! SUMMARY-  Entities Processed             Count
! SUMMARY-  ------------------             -----
! SUMMARY-  Solid/Sheet .................:     1
! SUMMARY-                                 -----
! SUMMARY-  Total                              1
! STATUS-   Creating the UG part (Phase 3 of 3): 21-DEC-2025  7:15:17 PM
! INFO-     Filing Part ..: C:\Users\Trololololol\Documents\Projects\0_BRZ_PARENT\0_BRZ_CAD\4_ECU_ENCLOSURES\6_STEERING_WHEEL_ECU\V2\Open CASCADE STEP translator 7.5 409
! SUMMARY-   
! SUMMARY-  Summary of Unigraphics Part Entities
! SUMMARY-   
! SUMMARY-  Entities Processed             Count
! SUMMARY-  ------------------             -----
! SUMMARY-  Solid/Sheet .................:    20
! SUMMARY-                                 -----
! SUMMARY-  Total                             20
! STATUS-   Creating the UG part (Phase 3 of 3): 21-DEC-2025  7:15:17 PM
! INFO-     Filing Part ..: C:\Users\Trololololol\Documents\Projects\0_BRZ_PARENT\0_BRZ_CAD\4_ECU_ENCLOSURES\6_STEERING_WHEEL_ECU\V2\Open CASCADE STEP translator 7.5 408
! SUMMARY-   
! SUMMARY-  Summary of Unigraphics Part Entities
! SUMMARY-   
! SUMMARY-  Entities Processed             Count
! SUMMARY-  ------------------             -----
! SUMMARY-  Solid/Sheet .................:    20
! SUMMARY-                                 -----
! SUMMARY-  Total                             20
! STATUS-   Creating the UG part (Phase 3 of 3): 21-DEC-2025  7:15:17 PM
! INFO-     Filing Part ..: C:\Users\Trololololol\Documents\Projects\0_BRZ_PARENT\0_BRZ_CAD\4_ECU_ENCLOSURES\6_STEERING_WHEEL_ECU\V2\Open CASCADE STEP translator 7.5 407
! SUMMARY-   
! SUMMARY-  Summary of Unigraphics Part Entities
! SUMMARY-   
! SUMMARY-  Entities Processed             Count
! SUMMARY-  ------------------             -----
! SUMMARY-  Solid/Sheet .................:     2
! SUMMARY-                                 -----
! SUMMARY-  Total                              2
! STATUS-   Creating the UG part (Phase 3 of 3): 21-DEC-2025  7:15:17 PM
! INFO-     Filing Part ..: C:\Users\Trololololol\Documents\Projects\0_BRZ_PARENT\0_BRZ_CAD\4_ECU_ENCLOSURES\6_STEERING_WHEEL_ECU\V2\Open CASCADE STEP translator 7.5 406
! SUMMARY-   
! SUMMARY-  Summary of Unigraphics Part Entities
! SUMMARY-   
! SUMMARY-  Entities Processed             Count
! SUMMARY-  ------------------             -----
! SUMMARY-  Solid/Sheet .................:     1
! SUMMARY-                                 -----
! SUMMARY-  Total                              1
! STATUS-   Creating the UG part (Phase 3 of 3): 21-DEC-2025  7:15:17 PM
! INFO-     Filing Part ..: C:\Users\Trololololol\Documents\Projects\0_BRZ_PARENT\0_BRZ_CAD\4_ECU_ENCLOSURES\6_STEERING_WHEEL_ECU\V2\Open CASCADE STEP translator 7.5 405
! SUMMARY-   
! SUMMARY-  Summary of Unigraphics Part Entities
! SUMMARY-   
! SUMMARY-  Entities Processed             Count
! SUMMARY-  ------------------             -----
! SUMMARY-  Solid/Sheet .................:     5
! SUMMARY-                                 -----
! SUMMARY-  Total                              5
! STATUS-   Creating the UG part (Phase 3 of 3): 21-DEC-2025  7:15:17 PM
! INFO-     Filing Part ..: C:\Users\Trololololol\Documents\Projects\0_BRZ_PARENT\0_BRZ_CAD\4_ECU_ENCLOSURES\6_STEERING_WHEEL_ECU\V2\Open CASCADE STEP translator 7.5 404
! SUMMARY-   
! SUMMARY-  Summary of Unigraphics Part Entities
! SUMMARY-   
! SUMMARY-  Entities Processed             Count
! SUMMARY-  ------------------             -----
! SUMMARY-  Solid/Sheet .................:     1
! SUMMARY-                                 -----
! SUMMARY-  Total                              1
! STATUS-   Creating the UG part (Phase 3 of 3): 21-DEC-2025  7:15:18 PM
! INFO-     Filing Part ..: C:\Users\Trololololol\Documents\Projects\0_BRZ_PARENT\0_BRZ_CAD\4_ECU_ENCLOSURES\6_STEERING_WHEEL_ECU\V2\Open CASCADE STEP translator 7.5 403
! SUMMARY-   
! SUMMARY-  Summary of Unigraphics Part Entities
! SUMMARY-   
! SUMMARY-  Entities Processed             Count
! SUMMARY-  ------------------             -----
! SUMMARY-  Solid/Sheet .................:    20
! SUMMARY-                                 -----
! SUMMARY-  Total                             20
! STATUS-   Creating the UG part (Phase 3 of 3): 21-DEC-2025  7:15:18 PM
! INFO-     Filing Part ..: C:\Users\Trololololol\Documents\Projects\0_BRZ_PARENT\0_BRZ_CAD\4_ECU_ENCLOSURES\6_STEERING_WHEEL_ECU\V2\Open CASCADE STEP translator 7.5 402
! SUMMARY-   
! SUMMARY-  Summary of Unigraphics Part Entities
! SUMMARY-   
! SUMMARY-  Entities Processed             Count
! SUMMARY-  ------------------             -----
! SUMMARY-  Solid/Sheet .................:    20
! SUMMARY-                                 -----
! SUMMARY-  Total                             20
! STATUS-   Creating the UG part (Phase 3 of 3): 21-DEC-2025  7:15:18 PM
! INFO-     Filing Part ..: C:\Users\Trololololol\Documents\Projects\0_BRZ_PARENT\0_BRZ_CAD\4_ECU_ENCLOSURES\6_STEERING_WHEEL_ECU\V2\Open CASCADE STEP translator 7.5 401
! SUMMARY-   
! SUMMARY-  Summary of Unigraphics Part Entities
! SUMMARY-   
! SUMMARY-  Entities Processed             Count
! SUMMARY-  ------------------             -----
! SUMMARY-  Solid/Sheet .................:     1
! SUMMARY-                                 -----
! SUMMARY-  Total                              1
! STATUS-   Creating the UG part (Phase 3 of 3): 21-DEC-2025  7:15:18 PM
! INFO-     Filing Part ..: C:\Users\Trololololol\Documents\Projects\0_BRZ_PARENT\0_BRZ_CAD\4_ECU_ENCLOSURES\6_STEERING_WHEEL_ECU\V2\Open CASCADE STEP translator 7.5 400
! SUMMARY-   
! SUMMARY-  Summary of Unigraphics Part Entities
! SUMMARY-   
! SUMMARY-  Entities Processed             Count
! SUMMARY-  ------------------             -----
! SUMMARY-  Solid/Sheet .................:     1
! SUMMARY-                                 -----
! SUMMARY-  Total                              1
! STATUS-   Creating the UG part (Phase 3 of 3): 21-DEC-2025  7:15:18 PM
! INFO-     Filing Part ..: C:\Users\Trololololol\Documents\Projects\0_BRZ_PARENT\0_BRZ_CAD\4_ECU_ENCLOSURES\6_STEERING_WHEEL_ECU\V2\Open CASCADE STEP translator 7.5 399
! SUMMARY-   
! SUMMARY-  Summary of Unigraphics Part Entities
! SUMMARY-   
! SUMMARY-  Entities Processed             Count
! SUMMARY-  ------------------             -----
! SUMMARY-  Solid/Sheet .................:     1
! SUMMARY-                                 -----
! SUMMARY-  Total                              1
! STATUS-   Creating the UG part (Phase 3 of 3): 21-DEC-2025  7:15:18 PM
! INFO-     Filing Part ..: C:\Users\Trololololol\Documents\Projects\0_BRZ_PARENT\0_BRZ_CAD\4_ECU_ENCLOSURES\6_STEERING_WHEEL_ECU\V2\Open CASCADE STEP translator 7.5 398
! SUMMARY-   
! SUMMARY-  Summary of Unigraphics Part Entities
! SUMMARY-   
! SUMMARY-  Entities Processed             Count
! SUMMARY-  ------------------             -----
! SUMMARY-  Solid/Sheet .................:     1
! SUMMARY-                                 -----
! SUMMARY-  Total                              1
! STATUS-   Creating the UG part (Phase 3 of 3): 21-DEC-2025  7:15:18 PM
! INFO-     Filing Part ..: C:\Users\Trololololol\Documents\Projects\0_BRZ_PARENT\0_BRZ_CAD\4_ECU_ENCLOSURES\6_STEERING_WHEEL_ECU\V2\Open CASCADE STEP translator 7.5 397
! SUMMARY-   
! SUMMARY-  Summary of Unigraphics Part Entities
! SUMMARY-   
! SUMMARY-  Entities Processed             Count
! SUMMARY-  ------------------             -----
! SUMMARY-  Solid/Sheet .................:     6
! SUMMARY-                                 -----
! SUMMARY-  Total                              6
! STATUS-   Creating the UG part (Phase 3 of 3): 21-DEC-2025  7:15:19 PM
! INFO-     Filing Part ..: C:\Users\Trololololol\Documents\Projects\0_BRZ_PARENT\0_BRZ_CAD\4_ECU_ENCLOSURES\6_STEERING_WHEEL_ECU\V2\Open CASCADE STEP translator 7.5 396
! SUMMARY-   
! SUMMARY-  Summary of Unigraphics Part Entities
! SUMMARY-   
! SUMMARY-  Entities Processed             Count
! SUMMARY-  ------------------             -----
! SUMMARY-  B-Curve .....................:     8
! SUMMARY-                                 -----
! SUMMARY-  Total                              8
! STATUS-   Creating the UG part (Phase 3 of 3): 21-DEC-2025  7:15:19 PM
! INFO-     Filing Part ..: C:\Users\Trololololol\Documents\Projects\0_BRZ_PARENT\0_BRZ_CAD\4_ECU_ENCLOSURES\6_STEERING_WHEEL_ECU\V2\Open CASCADE STEP translator 7.5 395
! SUMMARY-   
! SUMMARY-  Summary of Unigraphics Part Entities
! SUMMARY-   
! SUMMARY-  Entities Processed             Count
! SUMMARY-  ------------------             -----
! SUMMARY-  Solid/Sheet .................:     4
! SUMMARY-                                 -----
! SUMMARY-  Total                              4
! STATUS-   Creating the UG part (Phase 3 of 3): 21-DEC-2025  7:15:19 PM
! INFO-     Filing Part ..: C:\Users\Trololololol\Documents\Projects\0_BRZ_PARENT\0_BRZ_CAD\4_ECU_ENCLOSURES\6_STEERING_WHEEL_ECU\V2\Open CASCADE STEP translator 7.5 394
! SUMMARY-   
! SUMMARY-  Summary of Unigraphics Part Entities
! SUMMARY-   
! SUMMARY-  Entities Processed             Count
! SUMMARY-  ------------------             -----
! SUMMARY-  Solid/Sheet .................:     4
! SUMMARY-                                 -----
! SUMMARY-  Total                              4
! STATUS-   Creating the UG part (Phase 3 of 3): 21-DEC-2025  7:15:19 PM
! INFO-     Filing Part ..: C:\Users\Trololololol\Documents\Projects\0_BRZ_PARENT\0_BRZ_CAD\4_ECU_ENCLOSURES\6_STEERING_WHEEL_ECU\V2\Open CASCADE STEP translator 7.5 393
! SUMMARY-   
! SUMMARY-  Summary of Unigraphics Part Entities
! SUMMARY-   
! SUMMARY-  Entities Processed             Count
! SUMMARY-  ------------------             -----
! SUMMARY-  Solid/Sheet .................:     7
! SUMMARY-                                 -----
! SUMMARY-  Total                              7
! STATUS-   Creating the UG part (Phase 3 of 3): 21-DEC-2025  7:15:19 PM
! INFO-     Filing Part ..: C:\Users\Trololololol\Documents\Projects\0_BRZ_PARENT\0_BRZ_CAD\4_ECU_ENCLOSURES\6_STEERING_WHEEL_ECU\V2\Open CASCADE STEP translator 7.5 392
! SUMMARY-   
! SUMMARY-  Summary of Unigraphics Part Entities
! SUMMARY-   
! SUMMARY-  Entities Processed             Count
! SUMMARY-  ------------------             -----
! SUMMARY-  Solid/Sheet .................:     1
! SUMMARY-                                 -----
! SUMMARY-  Total                              1
! STATUS-   Creating the UG part (Phase 3 of 3): 21-DEC-2025  7:15:19 PM
! INFO-     Filing Part ..: C:\Users\Trololololol\Documents\Projects\0_BRZ_PARENT\0_BRZ_CAD\4_ECU_ENCLOSURES\6_STEERING_WHEEL_ECU\V2\Open CASCADE STEP translator 7.5 391
! SUMMARY-   
! SUMMARY-  Summary of Unigraphics Part Entities
! SUMMARY-   
! SUMMARY-  Entities Processed             Count
! SUMMARY-  ------------------             -----
! SUMMARY-  Solid/Sheet .................:     1
! SUMMARY-                                 -----
! SUMMARY-  Total                              1
! STATUS-   Creating the UG part (Phase 3 of 3): 21-DEC-2025  7:15:19 PM
! INFO-     Filing Part ..: C:\Users\Trololololol\Documents\Projects\0_BRZ_PARENT\0_BRZ_CAD\4_ECU_ENCLOSURES\6_STEERING_WHEEL_ECU\V2\Open CASCADE STEP translator 7.5 390
! SUMMARY-   
! SUMMARY-  Summary of Unigraphics Part Entities
! SUMMARY-   
! SUMMARY-  Entities Processed             Count
! SUMMARY-  ------------------             -----
! SUMMARY-  Solid/Sheet .................:     1
! SUMMARY-                                 -----
! SUMMARY-  Total                              1
! STATUS-   Creating the UG part (Phase 3 of 3): 21-DEC-2025  7:15:19 PM
! INFO-     Filing Part ..: C:\Users\Trololololol\Documents\Projects\0_BRZ_PARENT\0_BRZ_CAD\4_ECU_ENCLOSURES\6_STEERING_WHEEL_ECU\V2\Open CASCADE STEP translator 7.5 389
! SUMMARY-   
! SUMMARY-  Summary of Unigraphics Part Entities
! SUMMARY-   
! SUMMARY-  Entities Processed             Count
! SUMMARY-  ------------------             -----
! SUMMARY-  Solid/Sheet .................:     1
! SUMMARY-                                 -----
! SUMMARY-  Total                              1
! STATUS-   Creating the UG part (Phase 3 of 3): 21-DEC-2025  7:15:19 PM
! INFO-     Filing Part ..: C:\Users\Trololololol\Documents\Projects\0_BRZ_PARENT\0_BRZ_CAD\4_ECU_ENCLOSURES\6_STEERING_WHEEL_ECU\V2\Open CASCADE STEP translator 7.5 388
! SUMMARY-   
! SUMMARY-  Summary of Unigraphics Part Entities
! SUMMARY-   
! SUMMARY-  Entities Processed             Count
! SUMMARY-  ------------------             -----
! SUMMARY-  Solid/Sheet .................:     1
! SUMMARY-                                 -----
! SUMMARY-  Total                              1
! STATUS-   Creating the UG part (Phase 3 of 3): 21-DEC-2025  7:15:19 PM
! INFO-     Filing Part ..: C:\Users\Trololololol\Documents\Projects\0_BRZ_PARENT\0_BRZ_CAD\4_ECU_ENCLOSURES\6_STEERING_WHEEL_ECU\V2\Open CASCADE STEP translator 7.5 387
! SUMMARY-   
! SUMMARY-  Summary of Unigraphics Part Entities
! SUMMARY-   
! SUMMARY-  Entities Processed             Count
! SUMMARY-  ------------------             -----
! SUMMARY-  Solid/Sheet .................:     1
! SUMMARY-                                 -----
! SUMMARY-  Total                              1
! STATUS-   Creating the UG part (Phase 3 of 3): 21-DEC-2025  7:15:19 PM
! INFO-     Filing Part ..: C:\Users\Trololololol\Documents\Projects\0_BRZ_PARENT\0_BRZ_CAD\4_ECU_ENCLOSURES\6_STEERING_WHEEL_ECU\V2\Open CASCADE STEP translator 7.5 386
! SUMMARY-   
! SUMMARY-  Summary of Unigraphics Part Entities
! SUMMARY-   
! SUMMARY-  Entities Processed             Count
! SUMMARY-  ------------------             -----
! SUMMARY-  Solid/Sheet .................:     1
! SUMMARY-                                 -----
! SUMMARY-  Total                              1
! STATUS-   Creating the UG part (Phase 3 of 3): 21-DEC-2025  7:15:19 PM
! INFO-     Filing Part ..: C:\Users\Trololololol\Documents\Projects\0_BRZ_PARENT\0_BRZ_CAD\4_ECU_ENCLOSURES\6_STEERING_WHEEL_ECU\V2\Open CASCADE STEP translator 7.5 385
! SUMMARY-   
! SUMMARY-  Summary of Unigraphics Part Entities
! SUMMARY-   
! SUMMARY-  Entities Processed             Count
! SUMMARY-  ------------------             -----
! SUMMARY-  Solid/Sheet .................:     1
! SUMMARY-                                 -----
! SUMMARY-  Total                              1
! STATUS-   Creating the UG part (Phase 3 of 3): 21-DEC-2025  7:15:19 PM
! INFO-     Filing Part ..: C:\Users\Trololololol\Documents\Projects\0_BRZ_PARENT\0_BRZ_CAD\4_ECU_ENCLOSURES\6_STEERING_WHEEL_ECU\V2\Open CASCADE STEP translator 7.5 384
! SUMMARY-   
! SUMMARY-  Summary of Unigraphics Part Entities
! SUMMARY-   
! SUMMARY-  Entities Processed             Count
! SUMMARY-  ------------------             -----
! SUMMARY-  Solid/Sheet .................:     7
! SUMMARY-                                 -----
! SUMMARY-  Total                              7
! STATUS-   Creating the UG part (Phase 3 of 3): 21-DEC-2025  7:15:20 PM
! INFO-     Filing Part ..: C:\Users\Trololololol\Documents\Projects\0_BRZ_PARENT\0_BRZ_CAD\4_ECU_ENCLOSURES\6_STEERING_WHEEL_ECU\V2\Open CASCADE STEP translator 7.5 383
! SUMMARY-   
! SUMMARY-  Summary of Unigraphics Part Entities
! SUMMARY-   
! SUMMARY-  Entities Processed             Count
! SUMMARY-  ------------------             -----
! SUMMARY-  Solid/Sheet .................:     1
! SUMMARY-                                 -----
! SUMMARY-  Total                              1
! STATUS-   Creating the UG part (Phase 3 of 3): 21-DEC-2025  7:15:20 PM
! INFO-     Filing Part ..: C:\Users\Trololololol\Documents\Projects\0_BRZ_PARENT\0_BRZ_CAD\4_ECU_ENCLOSURES\6_STEERING_WHEEL_ECU\V2\Open CASCADE STEP translator 7.5 382
! SUMMARY-   
! SUMMARY-  Summary of Unigraphics Part Entities
! SUMMARY-   
! SUMMARY-  Entities Processed             Count
! SUMMARY-  ------------------             -----
! SUMMARY-  Solid/Sheet .................:     1
! SUMMARY-                                 -----
! SUMMARY-  Total                              1
! STATUS-   Creating the UG part (Phase 3 of 3): 21-DEC-2025  7:15:20 PM
! INFO-     Filing Part ..: C:\Users\Trololololol\Documents\Projects\0_BRZ_PARENT\0_BRZ_CAD\4_ECU_ENCLOSURES\6_STEERING_WHEEL_ECU\V2\Open CASCADE STEP translator 7.5 381
! SUMMARY-   
! SUMMARY-  Summary of Unigraphics Part Entities
! SUMMARY-   
! SUMMARY-  Entities Processed             Count
! SUMMARY-  ------------------             -----
! SUMMARY-  Solid/Sheet .................:     1
! SUMMARY-                                 -----
! SUMMARY-  Total                              1
! STATUS-   Creating the UG part (Phase 3 of 3): 21-DEC-2025  7:15:20 PM
! INFO-     Filing Part ..: C:\Users\Trololololol\Documents\Projects\0_BRZ_PARENT\0_BRZ_CAD\4_ECU_ENCLOSURES\6_STEERING_WHEEL_ECU\V2\Open CASCADE STEP translator 7.5 380
! SUMMARY-   
! SUMMARY-  Summary of Unigraphics Part Entities
! SUMMARY-   
! SUMMARY-  Entities Processed             Count
! SUMMARY-  ------------------             -----
! SUMMARY-  Solid/Sheet .................:     1
! SUMMARY-                                 -----
! SUMMARY-  Total                              1
! STATUS-   Creating the UG part (Phase 3 of 3): 21-DEC-2025  7:15:20 PM
! INFO-     Filing Part ..: C:\Users\Trololololol\Documents\Projects\0_BRZ_PARENT\0_BRZ_CAD\4_ECU_ENCLOSURES\6_STEERING_WHEEL_ECU\V2\Open CASCADE STEP translator 7.5 379
! SUMMARY-   
! SUMMARY-  Summary of Unigraphics Part Entities
! SUMMARY-   
! SUMMARY-  Entities Processed             Count
! SUMMARY-  ------------------             -----
! SUMMARY-  Solid/Sheet .................:     1
! SUMMARY-                                 -----
! SUMMARY-  Total                              1
! STATUS-   Creating the UG part (Phase 3 of 3): 21-DEC-2025  7:15:20 PM
! INFO-     Filing Part ..: C:\Users\Trololololol\Documents\Projects\0_BRZ_PARENT\0_BRZ_CAD\4_ECU_ENCLOSURES\6_STEERING_WHEEL_ECU\V2\Open CASCADE STEP translator 7.5 378
! SUMMARY-   
! SUMMARY-  Summary of Unigraphics Part Entities
! SUMMARY-   
! SUMMARY-  Entities Processed             Count
! SUMMARY-  ------------------             -----
! SUMMARY-  Solid/Sheet .................:     1
! SUMMARY-                                 -----
! SUMMARY-  Total                              1
! STATUS-   Creating the UG part (Phase 3 of 3): 21-DEC-2025  7:15:20 PM
! INFO-     Filing Part ..: C:\Users\Trololololol\Documents\Projects\0_BRZ_PARENT\0_BRZ_CAD\4_ECU_ENCLOSURES\6_STEERING_WHEEL_ECU\V2\Open CASCADE STEP translator 7.5 377
! SUMMARY-   
! SUMMARY-  Summary of Unigraphics Part Entities
! SUMMARY-   
! SUMMARY-  Entities Processed             Count
! SUMMARY-  ------------------             -----
! SUMMARY-  Solid/Sheet .................:     1
! SUMMARY-                                 -----
! SUMMARY-  Total                              1
! STATUS-   Creating the UG part (Phase 3 of 3): 21-DEC-2025  7:15:20 PM
! INFO-     Filing Part ..: C:\Users\Trololololol\Documents\Projects\0_BRZ_PARENT\0_BRZ_CAD\4_ECU_ENCLOSURES\6_STEERING_WHEEL_ECU\V2\Open CASCADE STEP translator 7.5 376
! SUMMARY-   
! SUMMARY-  Summary of Unigraphics Part Entities
! SUMMARY-   
! SUMMARY-  Entities Processed             Count
! SUMMARY-  ------------------             -----
! SUMMARY-  Solid/Sheet .................:     1
! SUMMARY-                                 -----
! SUMMARY-  Total                              1
! STATUS-   Creating the UG part (Phase 3 of 3): 21-DEC-2025  7:15:20 PM
! INFO-     Filing Part ..: C:\Users\Trololololol\Documents\Projects\0_BRZ_PARENT\0_BRZ_CAD\4_ECU_ENCLOSURES\6_STEERING_WHEEL_ECU\V2\Open CASCADE STEP translator 7.5 375
! SUMMARY-   
! SUMMARY-  Summary of Unigraphics Part Entities
! SUMMARY-   
! SUMMARY-  Entities Processed             Count
! SUMMARY-  ------------------             -----
! SUMMARY-  Solid/Sheet .................:     1
! SUMMARY-                                 -----
! SUMMARY-  Total                              1
! STATUS-   Creating the UG part (Phase 3 of 3): 21-DEC-2025  7:15:20 PM
! INFO-     Filing Part ..: C:\Users\Trololololol\Documents\Projects\0_BRZ_PARENT\0_BRZ_CAD\4_ECU_ENCLOSURES\6_STEERING_WHEEL_ECU\V2\Open CASCADE STEP translator 7.5 374
! SUMMARY-   
! SUMMARY-  Summary of Unigraphics Part Entities
! SUMMARY-   
! SUMMARY-  Entities Processed             Count
! SUMMARY-  ------------------             -----
! SUMMARY-  Solid/Sheet .................:     1
! SUMMARY-                                 -----
! SUMMARY-  Total                              1
! STATUS-   Creating the UG part (Phase 3 of 3): 21-DEC-2025  7:15:20 PM
! INFO-     Filing Part ..: C:\Users\Trololololol\Documents\Projects\0_BRZ_PARENT\0_BRZ_CAD\4_ECU_ENCLOSURES\6_STEERING_WHEEL_ECU\V2\Open CASCADE STEP translator 7.5 373
! SUMMARY-   
! SUMMARY-  Summary of Unigraphics Part Entities
! SUMMARY-   
! SUMMARY-  Entities Processed             Count
! SUMMARY-  ------------------             -----
! SUMMARY-  Solid/Sheet .................:     1
! SUMMARY-                                 -----
! SUMMARY-  Total                              1
! STATUS-   Creating the UG part (Phase 3 of 3): 21-DEC-2025  7:15:20 PM
! INFO-     Filing Part ..: C:\Users\Trololololol\Documents\Projects\0_BRZ_PARENT\0_BRZ_CAD\4_ECU_ENCLOSURES\6_STEERING_WHEEL_ECU\V2\Open CASCADE STEP translator 7.5 372
! SUMMARY-   
! SUMMARY-  Summary of Unigraphics Part Entities
! SUMMARY-   
! SUMMARY-  Entities Processed             Count
! SUMMARY-  ------------------             -----
! SUMMARY-  Solid/Sheet .................:     1
! SUMMARY-                                 -----
! SUMMARY-  Total                              1
! STATUS-   Creating the UG part (Phase 3 of 3): 21-DEC-2025  7:15:20 PM
! INFO-     Filing Part ..: C:\Users\Trololololol\Documents\Projects\0_BRZ_PARENT\0_BRZ_CAD\4_ECU_ENCLOSURES\6_STEERING_WHEEL_ECU\V2\Open CASCADE STEP translator 7.5 371
! SUMMARY-   
! SUMMARY-  Summary of Unigraphics Part Entities
! SUMMARY-   
! SUMMARY-  Entities Processed             Count
! SUMMARY-  ------------------             -----
! SUMMARY-  Solid/Sheet .................:     1
! SUMMARY-                                 -----
! SUMMARY-  Total                              1
! STATUS-   Creating the UG part (Phase 3 of 3): 21-DEC-2025  7:15:20 PM
! INFO-     Filing Part ..: C:\Users\Trololololol\Documents\Projects\0_BRZ_PARENT\0_BRZ_CAD\4_ECU_ENCLOSURES\6_STEERING_WHEEL_ECU\V2\Open CASCADE STEP translator 7.5 370
! SUMMARY-   
! SUMMARY-  Summary of Unigraphics Part Entities
! SUMMARY-   
! SUMMARY-  Entities Processed             Count
! SUMMARY-  ------------------             -----
! SUMMARY-  Solid/Sheet .................:     1
! SUMMARY-                                 -----
! SUMMARY-  Total                              1
! STATUS-   Creating the UG part (Phase 3 of 3): 21-DEC-2025  7:15:20 PM
! INFO-     Filing Part ..: C:\Users\Trololololol\Documents\Projects\0_BRZ_PARENT\0_BRZ_CAD\4_ECU_ENCLOSURES\6_STEERING_WHEEL_ECU\V2\Open CASCADE STEP translator 7.5 369
! SUMMARY-   
! SUMMARY-  Summary of Unigraphics Part Entities
! SUMMARY-   
! SUMMARY-  Entities Processed             Count
! SUMMARY-  ------------------             -----
! SUMMARY-  Solid/Sheet .................:     1
! SUMMARY-                                 -----
! SUMMARY-  Total                              1
! STATUS-   Creating the UG part (Phase 3 of 3): 21-DEC-2025  7:15:20 PM
! INFO-     Filing Part ..: C:\Users\Trololololol\Documents\Projects\0_BRZ_PARENT\0_BRZ_CAD\4_ECU_ENCLOSURES\6_STEERING_WHEEL_ECU\V2\Open CASCADE STEP translator 7.5 368
! SUMMARY-   
! SUMMARY-  Summary of Unigraphics Part Entities
! SUMMARY-   
! SUMMARY-  Entities Processed             Count
! SUMMARY-  ------------------             -----
! SUMMARY-  Solid/Sheet .................:     1
! SUMMARY-                                 -----
! SUMMARY-  Total                              1
! STATUS-   Creating the UG part (Phase 3 of 3): 21-DEC-2025  7:15:20 PM
! INFO-     Filing Part ..: C:\Users\Trololololol\Documents\Projects\0_BRZ_PARENT\0_BRZ_CAD\4_ECU_ENCLOSURES\6_STEERING_WHEEL_ECU\V2\Open CASCADE STEP translator 7.5 367
! SUMMARY-   
! SUMMARY-  Summary of Unigraphics Part Entities
! SUMMARY-   
! SUMMARY-  Entities Processed             Count
! SUMMARY-  ------------------             -----
! SUMMARY-  Solid/Sheet .................:     7
! SUMMARY-                                 -----
! SUMMARY-  Total                              7
! STATUS-   Creating the UG part (Phase 3 of 3): 21-DEC-2025  7:15:20 PM
! INFO-     Filing Part ..: C:\Users\Trololololol\Documents\Projects\0_BRZ_PARENT\0_BRZ_CAD\4_ECU_ENCLOSURES\6_STEERING_WHEEL_ECU\V2\Open CASCADE STEP translator 7.5 366
! SUMMARY-   
! SUMMARY-  Summary of Unigraphics Part Entities
! SUMMARY-   
! SUMMARY-  Entities Processed             Count
! SUMMARY-  ------------------             -----
! SUMMARY-  Solid/Sheet .................:     1
! SUMMARY-                                 -----
! SUMMARY-  Total                              1
! STATUS-   Creating the UG part (Phase 3 of 3): 21-DEC-2025  7:15:21 PM
! INFO-     Filing Part ..: C:\Users\Trololololol\Documents\Projects\0_BRZ_PARENT\0_BRZ_CAD\4_ECU_ENCLOSURES\6_STEERING_WHEEL_ECU\V2\Open CASCADE STEP translator 7.5 365
! SUMMARY-   
! SUMMARY-  Summary of Unigraphics Part Entities
! SUMMARY-   
! SUMMARY-  Entities Processed             Count
! SUMMARY-  ------------------             -----
! SUMMARY-  Solid/Sheet .................:     1
! SUMMARY-                                 -----
! SUMMARY-  Total                              1
! STATUS-   Creating the UG part (Phase 3 of 3): 21-DEC-2025  7:15:21 PM
! INFO-     Filing Part ..: C:\Users\Trololololol\Documents\Projects\0_BRZ_PARENT\0_BRZ_CAD\4_ECU_ENCLOSURES\6_STEERING_WHEEL_ECU\V2\Open CASCADE STEP translator 7.5 364
! SUMMARY-   
! SUMMARY-  Summary of Unigraphics Part Entities
! SUMMARY-   
! SUMMARY-  Entities Processed             Count
! SUMMARY-  ------------------             -----
! SUMMARY-  Solid/Sheet .................:     1
! SUMMARY-                                 -----
! SUMMARY-  Total                              1
! STATUS-   Creating the UG part (Phase 3 of 3): 21-DEC-2025  7:15:21 PM
! INFO-     Filing Part ..: C:\Users\Trololololol\Documents\Projects\0_BRZ_PARENT\0_BRZ_CAD\4_ECU_ENCLOSURES\6_STEERING_WHEEL_ECU\V2\Open CASCADE STEP translator 7.5 363
! SUMMARY-   
! SUMMARY-  Summary of Unigraphics Part Entities
! SUMMARY-   
! SUMMARY-  Entities Processed             Count
! SUMMARY-  ------------------             -----
! SUMMARY-  Solid/Sheet .................:     1
! SUMMARY-                                 -----
! SUMMARY-  Total                              1
! STATUS-   Creating the UG part (Phase 3 of 3): 21-DEC-2025  7:15:21 PM
! INFO-     Filing Part ..: C:\Users\Trololololol\Documents\Projects\0_BRZ_PARENT\0_BRZ_CAD\4_ECU_ENCLOSURES\6_STEERING_WHEEL_ECU\V2\Open CASCADE STEP translator 7.5 362
! SUMMARY-   
! SUMMARY-  Summary of Unigraphics Part Entities
! SUMMARY-   
! SUMMARY-  Entities Processed             Count
! SUMMARY-  ------------------             -----
! SUMMARY-  Solid/Sheet .................:     1
! SUMMARY-                                 -----
! SUMMARY-  Total                              1
! STATUS-   Creating the UG part (Phase 3 of 3): 21-DEC-2025  7:15:21 PM
! INFO-     Filing Part ..: C:\Users\Trololololol\Documents\Projects\0_BRZ_PARENT\0_BRZ_CAD\4_ECU_ENCLOSURES\6_STEERING_WHEEL_ECU\V2\Open CASCADE STEP translator 7.5 361
! SUMMARY-   
! SUMMARY-  Summary of Unigraphics Part Entities
! SUMMARY-   
! SUMMARY-  Entities Processed             Count
! SUMMARY-  ------------------             -----
! SUMMARY-  Solid/Sheet .................:     1
! SUMMARY-                                 -----
! SUMMARY-  Total                              1
! STATUS-   Creating the UG part (Phase 3 of 3): 21-DEC-2025  7:15:21 PM
! INFO-     Filing Part ..: C:\Users\Trololololol\Documents\Projects\0_BRZ_PARENT\0_BRZ_CAD\4_ECU_ENCLOSURES\6_STEERING_WHEEL_ECU\V2\Open CASCADE STEP translator 7.5 360
! SUMMARY-   
! SUMMARY-  Summary of Unigraphics Part Entities
! SUMMARY-   
! SUMMARY-  Entities Processed             Count
! SUMMARY-  ------------------             -----
! SUMMARY-  Solid/Sheet .................:     1
! SUMMARY-                                 -----
! SUMMARY-  Total                              1
! STATUS-   Creating the UG part (Phase 3 of 3): 21-DEC-2025  7:15:21 PM
! INFO-     Filing Part ..: C:\Users\Trololololol\Documents\Projects\0_BRZ_PARENT\0_BRZ_CAD\4_ECU_ENCLOSURES\6_STEERING_WHEEL_ECU\V2\Open CASCADE STEP translator 7.5 359
! SUMMARY-   
! SUMMARY-  Summary of Unigraphics Part Entities
! SUMMARY-   
! SUMMARY-  Entities Processed             Count
! SUMMARY-  ------------------             -----
! SUMMARY-  Solid/Sheet .................:     1
! SUMMARY-                                 -----
! SUMMARY-  Total                              1
! STATUS-   Creating the UG part (Phase 3 of 3): 21-DEC-2025  7:15:21 PM
! INFO-     Filing Part ..: C:\Users\Trololololol\Documents\Projects\0_BRZ_PARENT\0_BRZ_CAD\4_ECU_ENCLOSURES\6_STEERING_WHEEL_ECU\V2\Open CASCADE STEP translator 7.5 358
! SUMMARY-   
! SUMMARY-  Summary of Unigraphics Part Entities
! SUMMARY-   
! SUMMARY-  Entities Processed             Count
! SUMMARY-  ------------------             -----
! SUMMARY-  Solid/Sheet .................:     7
! SUMMARY-                                 -----
! SUMMARY-  Total                              7
! STATUS-   Creating the UG part (Phase 3 of 3): 21-DEC-2025  7:15:21 PM
! INFO-     Filing Part ..: C:\Users\Trololololol\Documents\Projects\0_BRZ_PARENT\0_BRZ_CAD\4_ECU_ENCLOSURES\6_STEERING_WHEEL_ECU\V2\Open CASCADE STEP translator 7.5 357
! SUMMARY-   
! SUMMARY-  Summary of Unigraphics Part Entities
! SUMMARY-   
! SUMMARY-  Entities Processed             Count
! SUMMARY-  ------------------             -----
! SUMMARY-  Solid/Sheet .................:     1
! SUMMARY-                                 -----
! SUMMARY-  Total                              1
! STATUS-   Creating the UG part (Phase 3 of 3): 21-DEC-2025  7:15:21 PM
! INFO-     Filing Part ..: C:\Users\Trololololol\Documents\Projects\0_BRZ_PARENT\0_BRZ_CAD\4_ECU_ENCLOSURES\6_STEERING_WHEEL_ECU\V2\Open CASCADE STEP translator 7.5 356
! SUMMARY-   
! SUMMARY-  Summary of Unigraphics Part Entities
! SUMMARY-   
! SUMMARY-  Entities Processed             Count
! SUMMARY-  ------------------             -----
! SUMMARY-  Solid/Sheet .................:     1
! SUMMARY-                                 -----
! SUMMARY-  Total                              1
! STATUS-   Creating the UG part (Phase 3 of 3): 21-DEC-2025  7:15:21 PM
! INFO-     Filing Part ..: C:\Users\Trololololol\Documents\Projects\0_BRZ_PARENT\0_BRZ_CAD\4_ECU_ENCLOSURES\6_STEERING_WHEEL_ECU\V2\Open CASCADE STEP translator 7.5 355
! SUMMARY-   
! SUMMARY-  Summary of Unigraphics Part Entities
! SUMMARY-   
! SUMMARY-  Entities Processed             Count
! SUMMARY-  ------------------             -----
! SUMMARY-  Solid/Sheet .................:     1
! SUMMARY-                                 -----
! SUMMARY-  Total                              1
! STATUS-   Creating the UG part (Phase 3 of 3): 21-DEC-2025  7:15:21 PM
! INFO-     Filing Part ..: C:\Users\Trololololol\Documents\Projects\0_BRZ_PARENT\0_BRZ_CAD\4_ECU_ENCLOSURES\6_STEERING_WHEEL_ECU\V2\Open CASCADE STEP translator 7.5 354
! SUMMARY-   
! SUMMARY-  Summary of Unigraphics Part Entities
! SUMMARY-   
! SUMMARY-  Entities Processed             Count
! SUMMARY-  ------------------             -----
! SUMMARY-  Solid/Sheet .................:     1
! SUMMARY-                                 -----
! SUMMARY-  Total                              1
! STATUS-   Creating the UG part (Phase 3 of 3): 21-DEC-2025  7:15:21 PM
! INFO-     Filing Part ..: C:\Users\Trololololol\Documents\Projects\0_BRZ_PARENT\0_BRZ_CAD\4_ECU_ENCLOSURES\6_STEERING_WHEEL_ECU\V2\Open CASCADE STEP translator 7.5 353
! SUMMARY-   
! SUMMARY-  Summary of Unigraphics Part Entities
! SUMMARY-   
! SUMMARY-  Entities Processed             Count
! SUMMARY-  ------------------             -----
! SUMMARY-  Solid/Sheet .................:     1
! SUMMARY-                                 -----
! SUMMARY-  Total                              1
! STATUS-   Creating the UG part (Phase 3 of 3): 21-DEC-2025  7:15:21 PM
! INFO-     Filing Part ..: C:\Users\Trololololol\Documents\Projects\0_BRZ_PARENT\0_BRZ_CAD\4_ECU_ENCLOSURES\6_STEERING_WHEEL_ECU\V2\Open CASCADE STEP translator 7.5 352
! SUMMARY-   
! SUMMARY-  Summary of Unigraphics Part Entities
! SUMMARY-   
! SUMMARY-  Entities Processed             Count
! SUMMARY-  ------------------             -----
! SUMMARY-  Solid/Sheet .................:     1
! SUMMARY-                                 -----
! SUMMARY-  Total                              1
! STATUS-   Creating the UG part (Phase 3 of 3): 21-DEC-2025  7:15:21 PM
! INFO-     Filing Part ..: C:\Users\Trololololol\Documents\Projects\0_BRZ_PARENT\0_BRZ_CAD\4_ECU_ENCLOSURES\6_STEERING_WHEEL_ECU\V2\Open CASCADE STEP translator 7.5 351
! SUMMARY-   
! SUMMARY-  Summary of Unigraphics Part Entities
! SUMMARY-   
! SUMMARY-  Entities Processed             Count
! SUMMARY-  ------------------             -----
! SUMMARY-  Solid/Sheet .................:     1
! SUMMARY-                                 -----
! SUMMARY-  Total                              1
! STATUS-   Creating the UG part (Phase 3 of 3): 21-DEC-2025  7:15:21 PM
! INFO-     Filing Part ..: C:\Users\Trololololol\Documents\Projects\0_BRZ_PARENT\0_BRZ_CAD\4_ECU_ENCLOSURES\6_STEERING_WHEEL_ECU\V2\Open CASCADE STEP translator 7.5 350
! SUMMARY-   
! SUMMARY-  Summary of Unigraphics Part Entities
! SUMMARY-   
! SUMMARY-  Entities Processed             Count
! SUMMARY-  ------------------             -----
! SUMMARY-  Solid/Sheet .................:     1
! SUMMARY-                                 -----
! SUMMARY-  Total                              1
! STATUS-   Creating the UG part (Phase 3 of 3): 21-DEC-2025  7:15:22 PM
! INFO-     Filing Part ..: C:\Users\Trololololol\Documents\Projects\0_BRZ_PARENT\0_BRZ_CAD\4_ECU_ENCLOSURES\6_STEERING_WHEEL_ECU\V2\Open CASCADE STEP translator 7.5 349
! SUMMARY-   
! SUMMARY-  Summary of Unigraphics Part Entities
! SUMMARY-   
! SUMMARY-  Entities Processed             Count
! SUMMARY-  ------------------             -----
! SUMMARY-  Solid/Sheet .................:    27
! SUMMARY-                                 -----
! SUMMARY-  Total                             27
! STATUS-   Creating the UG part (Phase 3 of 3): 21-DEC-2025  7:15:22 PM
! INFO-     Filing Part ..: C:\Users\Trololololol\Documents\Projects\0_BRZ_PARENT\0_BRZ_CAD\4_ECU_ENCLOSURES\6_STEERING_WHEEL_ECU\V2\Open CASCADE STEP translator 7.5 348
! SUMMARY-   
! SUMMARY-  Summary of Unigraphics Part Entities
! SUMMARY-   
! SUMMARY-  Entities Processed             Count
! SUMMARY-  ------------------             -----
! SUMMARY-  Solid/Sheet .................:     5
! SUMMARY-                                 -----
! SUMMARY-  Total                              5
! STATUS-   Creating the UG part (Phase 3 of 3): 21-DEC-2025  7:15:22 PM
! INFO-     Filing Part ..: C:\Users\Trololololol\Documents\Projects\0_BRZ_PARENT\0_BRZ_CAD\4_ECU_ENCLOSURES\6_STEERING_WHEEL_ECU\V2\Open CASCADE STEP translator 7.5 347
! SUMMARY-   
! SUMMARY-  Summary of Unigraphics Part Entities
! SUMMARY-   
! SUMMARY-  Entities Processed             Count
! SUMMARY-  ------------------             -----
! SUMMARY-  Solid/Sheet .................:     1
! SUMMARY-                                 -----
! SUMMARY-  Total                              1
! STATUS-   Creating the UG part (Phase 3 of 3): 21-DEC-2025  7:15:22 PM
! INFO-     Filing Part ..: C:\Users\Trololololol\Documents\Projects\0_BRZ_PARENT\0_BRZ_CAD\4_ECU_ENCLOSURES\6_STEERING_WHEEL_ECU\V2\Open CASCADE STEP translator 7.5 346
! SUMMARY-   
! SUMMARY-  Summary of Unigraphics Part Entities
! SUMMARY-   
! SUMMARY-  Entities Processed             Count
! SUMMARY-  ------------------             -----
! SUMMARY-  Solid/Sheet .................:     1
! SUMMARY-                                 -----
! SUMMARY-  Total                              1
! STATUS-   Creating the UG part (Phase 3 of 3): 21-DEC-2025  7:15:22 PM
! INFO-     Filing Part ..: C:\Users\Trololololol\Documents\Projects\0_BRZ_PARENT\0_BRZ_CAD\4_ECU_ENCLOSURES\6_STEERING_WHEEL_ECU\V2\Open CASCADE STEP translator 7.5 345
! SUMMARY-   
! SUMMARY-  Summary of Unigraphics Part Entities
! SUMMARY-   
! SUMMARY-  Entities Processed             Count
! SUMMARY-  ------------------             -----
! SUMMARY-  Solid/Sheet .................:     1
! SUMMARY-                                 -----
! SUMMARY-  Total                              1
! STATUS-   Creating the UG part (Phase 3 of 3): 21-DEC-2025  7:15:22 PM
! INFO-     Filing Part ..: C:\Users\Trololololol\Documents\Projects\0_BRZ_PARENT\0_BRZ_CAD\4_ECU_ENCLOSURES\6_STEERING_WHEEL_ECU\V2\Open CASCADE STEP translator 7.5 344
! SUMMARY-   
! SUMMARY-  Summary of Unigraphics Part Entities
! SUMMARY-   
! SUMMARY-  Entities Processed             Count
! SUMMARY-  ------------------             -----
! SUMMARY-  Solid/Sheet .................:     1
! SUMMARY-                                 -----
! SUMMARY-  Total                              1
! STATUS-   Creating the UG part (Phase 3 of 3): 21-DEC-2025  7:15:22 PM
! INFO-     Filing Part ..: C:\Users\Trololololol\Documents\Projects\0_BRZ_PARENT\0_BRZ_CAD\4_ECU_ENCLOSURES\6_STEERING_WHEEL_ECU\V2\Open CASCADE STEP translator 7.5 343
! SUMMARY-   
! SUMMARY-  Summary of Unigraphics Part Entities
! SUMMARY-   
! SUMMARY-  Entities Processed             Count
! SUMMARY-  ------------------             -----
! SUMMARY-  Solid/Sheet .................:     1
! SUMMARY-                                 -----
! SUMMARY-  Total                              1
! STATUS-   Creating the UG part (Phase 3 of 3): 21-DEC-2025  7:15:22 PM
! INFO-     Filing Part ..: C:\Users\Trololololol\Documents\Projects\0_BRZ_PARENT\0_BRZ_CAD\4_ECU_ENCLOSURES\6_STEERING_WHEEL_ECU\V2\Open CASCADE STEP translator 7.5 342
! SUMMARY-   
! SUMMARY-  Summary of Unigraphics Part Entities
! SUMMARY-   
! SUMMARY-  Entities Processed             Count
! SUMMARY-  ------------------             -----
! SUMMARY-  Solid/Sheet .................:     1
! SUMMARY-                                 -----
! SUMMARY-  Total                              1
! STATUS-   Creating the UG part (Phase 3 of 3): 21-DEC-2025  7:15:22 PM
! INFO-     Filing Part ..: C:\Users\Trololololol\Documents\Projects\0_BRZ_PARENT\0_BRZ_CAD\4_ECU_ENCLOSURES\6_STEERING_WHEEL_ECU\V2\Open CASCADE STEP translator 7.5 341
! SUMMARY-   
! SUMMARY-  Summary of Unigraphics Part Entities
! SUMMARY-   
! SUMMARY-  Entities Processed             Count
! SUMMARY-  ------------------             -----
! SUMMARY-  Solid/Sheet .................:     1
! SUMMARY-                                 -----
! SUMMARY-  Total                              1
! STATUS-   Creating the UG part (Phase 3 of 3): 21-DEC-2025  7:15:22 PM
! INFO-     Filing Part ..: C:\Users\Trololololol\Documents\Projects\0_BRZ_PARENT\0_BRZ_CAD\4_ECU_ENCLOSURES\6_STEERING_WHEEL_ECU\V2\Open CASCADE STEP translator 7.5 340
! SUMMARY-   
! SUMMARY-  Summary of Unigraphics Part Entities
! SUMMARY-   
! SUMMARY-  Entities Processed             Count
! SUMMARY-  ------------------             -----
! SUMMARY-  Solid/Sheet .................:     1
! SUMMARY-                                 -----
! SUMMARY-  Total                              1
! STATUS-   Creating the UG part (Phase 3 of 3): 21-DEC-2025  7:15:23 PM
! INFO-     Filing Part ..: C:\Users\Trololololol\Documents\Projects\0_BRZ_PARENT\0_BRZ_CAD\4_ECU_ENCLOSURES\6_STEERING_WHEEL_ECU\V2\Open CASCADE STEP translator 7.5 339
! SUMMARY-   
! SUMMARY-  Summary of Unigraphics Part Entities
! SUMMARY-   
! SUMMARY-  Entities Processed             Count
! SUMMARY-  ------------------             -----
! SUMMARY-  Solid/Sheet .................:     1
! SUMMARY-                                 -----
! SUMMARY-  Total                              1
! STATUS-   Creating the UG part (Phase 3 of 3): 21-DEC-2025  7:15:23 PM
! INFO-     Filing Part ..: C:\Users\Trololololol\Documents\Projects\0_BRZ_PARENT\0_BRZ_CAD\4_ECU_ENCLOSURES\6_STEERING_WHEEL_ECU\V2\Open CASCADE STEP translator 7.5 338
! SUMMARY-   
! SUMMARY-  Summary of Unigraphics Part Entities
! SUMMARY-   
! SUMMARY-  Entities Processed             Count
! SUMMARY-  ------------------             -----
! SUMMARY-  Solid/Sheet .................:     1
! SUMMARY-                                 -----
! SUMMARY-  Total                              1
! STATUS-   Creating the UG part (Phase 3 of 3): 21-DEC-2025  7:15:23 PM
! INFO-     Filing Part ..: C:\Users\Trololololol\Documents\Projects\0_BRZ_PARENT\0_BRZ_CAD\4_ECU_ENCLOSURES\6_STEERING_WHEEL_ECU\V2\Open CASCADE STEP translator 7.5 337
! SUMMARY-   
! SUMMARY-  Summary of Unigraphics Part Entities
! SUMMARY-   
! SUMMARY-  Entities Processed             Count
! SUMMARY-  ------------------             -----
! SUMMARY-  Solid/Sheet .................:     1
! SUMMARY-                                 -----
! SUMMARY-  Total                              1
! STATUS-   Creating the UG part (Phase 3 of 3): 21-DEC-2025  7:15:23 PM
! INFO-     Filing Part ..: C:\Users\Trololololol\Documents\Projects\0_BRZ_PARENT\0_BRZ_CAD\4_ECU_ENCLOSURES\6_STEERING_WHEEL_ECU\V2\Open CASCADE STEP translator 7.5 336
! SUMMARY-   
! SUMMARY-  Summary of Unigraphics Part Entities
! SUMMARY-   
! SUMMARY-  Entities Processed             Count
! SUMMARY-  ------------------             -----
! SUMMARY-  Solid/Sheet .................:     1
! SUMMARY-                                 -----
! SUMMARY-  Total                              1
! STATUS-   Creating the UG part (Phase 3 of 3): 21-DEC-2025  7:15:23 PM
! INFO-     Filing Part ..: C:\Users\Trololololol\Documents\Projects\0_BRZ_PARENT\0_BRZ_CAD\4_ECU_ENCLOSURES\6_STEERING_WHEEL_ECU\V2\Open CASCADE STEP translator 7.5 335
! SUMMARY-   
! SUMMARY-  Summary of Unigraphics Part Entities
! SUMMARY-   
! SUMMARY-  Entities Processed             Count
! SUMMARY-  ------------------             -----
! SUMMARY-  Solid/Sheet .................:     1
! SUMMARY-                                 -----
! SUMMARY-  Total                              1
! STATUS-   Creating the UG part (Phase 3 of 3): 21-DEC-2025  7:15:23 PM
! INFO-     Filing Part ..: C:\Users\Trololololol\Documents\Projects\0_BRZ_PARENT\0_BRZ_CAD\4_ECU_ENCLOSURES\6_STEERING_WHEEL_ECU\V2\Open CASCADE STEP translator 7.5 334
! SUMMARY-   
! SUMMARY-  Summary of Unigraphics Part Entities
! SUMMARY-   
! SUMMARY-  Entities Processed             Count
! SUMMARY-  ------------------             -----
! SUMMARY-  Solid/Sheet .................:     1
! SUMMARY-                                 -----
! SUMMARY-  Total                              1
! STATUS-   Creating the UG part (Phase 3 of 3): 21-DEC-2025  7:15:23 PM
! INFO-     Filing Part ..: C:\Users\Trololololol\Documents\Projects\0_BRZ_PARENT\0_BRZ_CAD\4_ECU_ENCLOSURES\6_STEERING_WHEEL_ECU\V2\Open CASCADE STEP translator 7.5 333
! SUMMARY-   
! SUMMARY-  Summary of Unigraphics Part Entities
! SUMMARY-   
! SUMMARY-  Entities Processed             Count
! SUMMARY-  ------------------             -----
! SUMMARY-  Solid/Sheet .................:     1
! SUMMARY-                                 -----
! SUMMARY-  Total                              1
! STATUS-   Creating the UG part (Phase 3 of 3): 21-DEC-2025  7:15:23 PM
! INFO-     Filing Part ..: C:\Users\Trololololol\Documents\Projects\0_BRZ_PARENT\0_BRZ_CAD\4_ECU_ENCLOSURES\6_STEERING_WHEEL_ECU\V2\Open CASCADE STEP translator 7.5 332
! SUMMARY-   
! SUMMARY-  Summary of Unigraphics Part Entities
! SUMMARY-   
! SUMMARY-  Entities Processed             Count
! SUMMARY-  ------------------             -----
! SUMMARY-  Solid/Sheet .................:     1
! SUMMARY-                                 -----
! SUMMARY-  Total                              1
! STATUS-   Creating the UG part (Phase 3 of 3): 21-DEC-2025  7:15:23 PM
! INFO-     Filing Part ..: C:\Users\Trololololol\Documents\Projects\0_BRZ_PARENT\0_BRZ_CAD\4_ECU_ENCLOSURES\6_STEERING_WHEEL_ECU\V2\Open CASCADE STEP translator 7.5 331
! SUMMARY-   
! SUMMARY-  Summary of Unigraphics Part Entities
! SUMMARY-   
! SUMMARY-  Entities Processed             Count
! SUMMARY-  ------------------             -----
! SUMMARY-  Solid/Sheet .................:     1
! SUMMARY-                                 -----
! SUMMARY-  Total                              1
! STATUS-   Creating the UG part (Phase 3 of 3): 21-DEC-2025  7:15:23 PM
! INFO-     Filing Part ..: C:\Users\Trololololol\Documents\Projects\0_BRZ_PARENT\0_BRZ_CAD\4_ECU_ENCLOSURES\6_STEERING_WHEEL_ECU\V2\Open CASCADE STEP translator 7.5 330
! SUMMARY-   
! SUMMARY-  Summary of Unigraphics Part Entities
! SUMMARY-   
! SUMMARY-  Entities Processed             Count
! SUMMARY-  ------------------             -----
! SUMMARY-  Solid/Sheet .................:     1
! SUMMARY-                                 -----
! SUMMARY-  Total                              1
! STATUS-   Creating the UG part (Phase 3 of 3): 21-DEC-2025  7:15:23 PM
! INFO-     Filing Part ..: C:\Users\Trololololol\Documents\Projects\0_BRZ_PARENT\0_BRZ_CAD\4_ECU_ENCLOSURES\6_STEERING_WHEEL_ECU\V2\Open CASCADE STEP translator 7.5 329
! SUMMARY-   
! SUMMARY-  Summary of Unigraphics Part Entities
! SUMMARY-   
! SUMMARY-  Entities Processed             Count
! SUMMARY-  ------------------             -----
! SUMMARY-  Solid/Sheet .................:     1
! SUMMARY-                                 -----
! SUMMARY-  Total                              1
! STATUS-   Creating the UG part (Phase 3 of 3): 21-DEC-2025  7:15:23 PM
! INFO-     Filing Part ..: C:\Users\Trololololol\Documents\Projects\0_BRZ_PARENT\0_BRZ_CAD\4_ECU_ENCLOSURES\6_STEERING_WHEEL_ECU\V2\Open CASCADE STEP translator 7.5 328
! SUMMARY-   
! SUMMARY-  Summary of Unigraphics Part Entities
! SUMMARY-   
! SUMMARY-  Entities Processed             Count
! SUMMARY-  ------------------             -----
! SUMMARY-  Solid/Sheet .................:     1
! SUMMARY-                                 -----
! SUMMARY-  Total                              1
! STATUS-   Creating the UG part (Phase 3 of 3): 21-DEC-2025  7:15:23 PM
! INFO-     Filing Part ..: C:\Users\Trololololol\Documents\Projects\0_BRZ_PARENT\0_BRZ_CAD\4_ECU_ENCLOSURES\6_STEERING_WHEEL_ECU\V2\Open CASCADE STEP translator 7.5 327
! SUMMARY-   
! SUMMARY-  Summary of Unigraphics Part Entities
! SUMMARY-   
! SUMMARY-  Entities Processed             Count
! SUMMARY-  ------------------             -----
! SUMMARY-  Solid/Sheet .................:     1
! SUMMARY-                                 -----
! SUMMARY-  Total                              1
! STATUS-   Creating the UG part (Phase 3 of 3): 21-DEC-2025  7:15:23 PM
! INFO-     Filing Part ..: C:\Users\Trololololol\Documents\Projects\0_BRZ_PARENT\0_BRZ_CAD\4_ECU_ENCLOSURES\6_STEERING_WHEEL_ECU\V2\Open CASCADE STEP translator 7.5 326
! SUMMARY-   
! SUMMARY-  Summary of Unigraphics Part Entities
! SUMMARY-   
! SUMMARY-  Entities Processed             Count
! SUMMARY-  ------------------             -----
! SUMMARY-  Solid/Sheet .................:     1
! SUMMARY-                                 -----
! SUMMARY-  Total                              1
! STATUS-   Creating the UG part (Phase 3 of 3): 21-DEC-2025  7:15:23 PM
! INFO-     Filing Part ..: C:\Users\Trololololol\Documents\Projects\0_BRZ_PARENT\0_BRZ_CAD\4_ECU_ENCLOSURES\6_STEERING_WHEEL_ECU\V2\Open CASCADE STEP translator 7.5 325
! SUMMARY-   
! SUMMARY-  Summary of Unigraphics Part Entities
! SUMMARY-   
! SUMMARY-  Entities Processed             Count
! SUMMARY-  ------------------             -----
! SUMMARY-  Solid/Sheet .................:     1
! SUMMARY-                                 -----
! SUMMARY-  Total                              1
! STATUS-   Creating the UG part (Phase 3 of 3): 21-DEC-2025  7:15:23 PM
! INFO-     Filing Part ..: C:\Users\Trololololol\Documents\Projects\0_BRZ_PARENT\0_BRZ_CAD\4_ECU_ENCLOSURES\6_STEERING_WHEEL_ECU\V2\Open CASCADE STEP translator 7.5 324
! SUMMARY-   
! SUMMARY-  Summary of Unigraphics Part Entities
! SUMMARY-   
! SUMMARY-  Entities Processed             Count
! SUMMARY-  ------------------             -----
! SUMMARY-  Solid/Sheet .................:     1
! SUMMARY-                                 -----
! SUMMARY-  Total                              1
! STATUS-   Creating the UG part (Phase 3 of 3): 21-DEC-2025  7:15:23 PM
! INFO-     Filing Part ..: C:\Users\Trololololol\Documents\Projects\0_BRZ_PARENT\0_BRZ_CAD\4_ECU_ENCLOSURES\6_STEERING_WHEEL_ECU\V2\Open CASCADE STEP translator 7.5 323
! SUMMARY-   
! SUMMARY-  Summary of Unigraphics Part Entities
! SUMMARY-   
! SUMMARY-  Entities Processed             Count
! SUMMARY-  ------------------             -----
! SUMMARY-  Solid/Sheet .................:     1
! SUMMARY-                                 -----
! SUMMARY-  Total                              1
! STATUS-   Creating the UG part (Phase 3 of 3): 21-DEC-2025  7:15:23 PM
! INFO-     Filing Part ..: C:\Users\Trololololol\Documents\Projects\0_BRZ_PARENT\0_BRZ_CAD\4_ECU_ENCLOSURES\6_STEERING_WHEEL_ECU\V2\Open CASCADE STEP translator 7.5 322
! SUMMARY-   
! SUMMARY-  Summary of Unigraphics Part Entities
! SUMMARY-   
! SUMMARY-  Entities Processed             Count
! SUMMARY-  ------------------             -----
! SUMMARY-  Solid/Sheet .................:     1
! SUMMARY-                                 -----
! SUMMARY-  Total                              1
! STATUS-   Creating the UG part (Phase 3 of 3): 21-DEC-2025  7:15:23 PM
! INFO-     Filing Part ..: C:\Users\Trololololol\Documents\Projects\0_BRZ_PARENT\0_BRZ_CAD\4_ECU_ENCLOSURES\6_STEERING_WHEEL_ECU\V2\Open CASCADE STEP translator 7.5 321
! SUMMARY-   
! SUMMARY-  Summary of Unigraphics Part Entities
! SUMMARY-   
! SUMMARY-  Entities Processed             Count
! SUMMARY-  ------------------             -----
! SUMMARY-  Solid/Sheet .................:     1
! SUMMARY-                                 -----
! SUMMARY-  Total                              1
! STATUS-   Creating the UG part (Phase 3 of 3): 21-DEC-2025  7:15:23 PM
! INFO-     Filing Part ..: C:\Users\Trololololol\Documents\Projects\0_BRZ_PARENT\0_BRZ_CAD\4_ECU_ENCLOSURES\6_STEERING_WHEEL_ECU\V2\Open CASCADE STEP translator 7.5 320
! SUMMARY-   
! SUMMARY-  Summary of Unigraphics Part Entities
! SUMMARY-   
! SUMMARY-  Entities Processed             Count
! SUMMARY-  ------------------             -----
! SUMMARY-  Solid/Sheet .................:     1
! SUMMARY-                                 -----
! SUMMARY-  Total                              1
! STATUS-   Creating the UG part (Phase 3 of 3): 21-DEC-2025  7:15:23 PM
! INFO-     Filing Part ..: C:\Users\Trololololol\Documents\Projects\0_BRZ_PARENT\0_BRZ_CAD\4_ECU_ENCLOSURES\6_STEERING_WHEEL_ECU\V2\Open CASCADE STEP translator 7.5 319
! SUMMARY-   
! SUMMARY-  Summary of Unigraphics Part Entities
! SUMMARY-   
! SUMMARY-  Entities Processed             Count
! SUMMARY-  ------------------             -----
! SUMMARY-  Solid/Sheet .................:     1
! SUMMARY-                                 -----
! SUMMARY-  Total                              1
! STATUS-   Creating the UG part (Phase 3 of 3): 21-DEC-2025  7:15:24 PM
! INFO-     Filing Part ..: C:\Users\Trololololol\Documents\Projects\0_BRZ_PARENT\0_BRZ_CAD\4_ECU_ENCLOSURES\6_STEERING_WHEEL_ECU\V2\Open CASCADE STEP translator 7.5 318
! SUMMARY-   
! SUMMARY-  Summary of Unigraphics Part Entities
! SUMMARY-   
! SUMMARY-  Entities Processed             Count
! SUMMARY-  ------------------             -----
! SUMMARY-  Solid/Sheet .................:     1
! SUMMARY-                                 -----
! SUMMARY-  Total                              1
! STATUS-   Creating the UG part (Phase 3 of 3): 21-DEC-2025  7:15:24 PM
! INFO-     Filing Part ..: C:\Users\Trololololol\Documents\Projects\0_BRZ_PARENT\0_BRZ_CAD\4_ECU_ENCLOSURES\6_STEERING_WHEEL_ECU\V2\Open CASCADE STEP translator 7.5 317
! SUMMARY-   
! SUMMARY-  Summary of Unigraphics Part Entities
! SUMMARY-   
! SUMMARY-  Entities Processed             Count
! SUMMARY-  ------------------             -----
! SUMMARY-  Solid/Sheet .................:     1
! SUMMARY-                                 -----
! SUMMARY-  Total                              1
! STATUS-   Creating the UG part (Phase 3 of 3): 21-DEC-2025  7:15:24 PM
! INFO-     Filing Part ..: C:\Users\Trololololol\Documents\Projects\0_BRZ_PARENT\0_BRZ_CAD\4_ECU_ENCLOSURES\6_STEERING_WHEEL_ECU\V2\Open CASCADE STEP translator 7.5 316
! SUMMARY-   
! SUMMARY-  Summary of Unigraphics Part Entities
! SUMMARY-   
! SUMMARY-  Entities Processed             Count
! SUMMARY-  ------------------             -----
! SUMMARY-  Solid/Sheet .................:     1
! SUMMARY-                                 -----
! SUMMARY-  Total                              1
! STATUS-   Creating the UG part (Phase 3 of 3): 21-DEC-2025  7:15:24 PM
! INFO-     Filing Part ..: C:\Users\Trololololol\Documents\Projects\0_BRZ_PARENT\0_BRZ_CAD\4_ECU_ENCLOSURES\6_STEERING_WHEEL_ECU\V2\Open CASCADE STEP translator 7.5 315
! SUMMARY-   
! SUMMARY-  Summary of Unigraphics Part Entities
! SUMMARY-   
! SUMMARY-  Entities Processed             Count
! SUMMARY-  ------------------             -----
! SUMMARY-  Solid/Sheet .................:     1
! SUMMARY-                                 -----
! SUMMARY-  Total                              1
! STATUS-   Creating the UG part (Phase 3 of 3): 21-DEC-2025  7:15:24 PM
! INFO-     Filing Part ..: C:\Users\Trololololol\Documents\Projects\0_BRZ_PARENT\0_BRZ_CAD\4_ECU_ENCLOSURES\6_STEERING_WHEEL_ECU\V2\Open CASCADE STEP translator 7.5 314
! SUMMARY-   
! SUMMARY-  Summary of Unigraphics Part Entities
! SUMMARY-   
! SUMMARY-  Entities Processed             Count
! SUMMARY-  ------------------             -----
! SUMMARY-  Solid/Sheet .................:     1
! SUMMARY-                                 -----
! SUMMARY-  Total                              1
! STATUS-   Creating the UG part (Phase 3 of 3): 21-DEC-2025  7:15:24 PM
! INFO-     Filing Part ..: C:\Users\Trololololol\Documents\Projects\0_BRZ_PARENT\0_BRZ_CAD\4_ECU_ENCLOSURES\6_STEERING_WHEEL_ECU\V2\Open CASCADE STEP translator 7.5 313
! SUMMARY-   
! SUMMARY-  Summary of Unigraphics Part Entities
! SUMMARY-   
! SUMMARY-  Entities Processed             Count
! SUMMARY-  ------------------             -----
! SUMMARY-  Solid/Sheet .................:     1
! SUMMARY-                                 -----
! SUMMARY-  Total                              1
! STATUS-   Creating the UG part (Phase 3 of 3): 21-DEC-2025  7:15:24 PM
! INFO-     Filing Part ..: C:\Users\Trololololol\Documents\Projects\0_BRZ_PARENT\0_BRZ_CAD\4_ECU_ENCLOSURES\6_STEERING_WHEEL_ECU\V2\Open CASCADE STEP translator 7.5 312
! SUMMARY-   
! SUMMARY-  Summary of Unigraphics Part Entities
! SUMMARY-   
! SUMMARY-  Entities Processed             Count
! SUMMARY-  ------------------             -----
! SUMMARY-  Solid/Sheet .................:     1
! SUMMARY-                                 -----
! SUMMARY-  Total                              1
! STATUS-   Creating the UG part (Phase 3 of 3): 21-DEC-2025  7:15:24 PM
! INFO-     Filing Part ..: C:\Users\Trololololol\Documents\Projects\0_BRZ_PARENT\0_BRZ_CAD\4_ECU_ENCLOSURES\6_STEERING_WHEEL_ECU\V2\Open CASCADE STEP translator 7.5 311
! SUMMARY-   
! SUMMARY-  Summary of Unigraphics Part Entities
! SUMMARY-   
! SUMMARY-  Entities Processed             Count
! SUMMARY-  ------------------             -----
! SUMMARY-  Solid/Sheet .................:     1
! SUMMARY-                                 -----
! SUMMARY-  Total                              1
! STATUS-   Creating the UG part (Phase 3 of 3): 21-DEC-2025  7:15:24 PM
! INFO-     Filing Part ..: C:\Users\Trololololol\Documents\Projects\0_BRZ_PARENT\0_BRZ_CAD\4_ECU_ENCLOSURES\6_STEERING_WHEEL_ECU\V2\Open CASCADE STEP translator 7.5 310
! SUMMARY-   
! SUMMARY-  Summary of Unigraphics Part Entities
! SUMMARY-   
! SUMMARY-  Entities Processed             Count
! SUMMARY-  ------------------             -----
! SUMMARY-  Solid/Sheet .................:     1
! SUMMARY-                                 -----
! SUMMARY-  Total                              1
! STATUS-   Creating the UG part (Phase 3 of 3): 21-DEC-2025  7:15:24 PM
! INFO-     Filing Part ..: C:\Users\Trololololol\Documents\Projects\0_BRZ_PARENT\0_BRZ_CAD\4_ECU_ENCLOSURES\6_STEERING_WHEEL_ECU\V2\Open CASCADE STEP translator 7.5 309
! SUMMARY-   
! SUMMARY-  Summary of Unigraphics Part Entities
! SUMMARY-   
! SUMMARY-  Entities Processed             Count
! SUMMARY-  ------------------             -----
! SUMMARY-  Solid/Sheet .................:     1
! SUMMARY-                                 -----
! SUMMARY-  Total                              1
! STATUS-   Creating the UG part (Phase 3 of 3): 21-DEC-2025  7:15:24 PM
! INFO-     Filing Part ..: C:\Users\Trololololol\Documents\Projects\0_BRZ_PARENT\0_BRZ_CAD\4_ECU_ENCLOSURES\6_STEERING_WHEEL_ECU\V2\Open CASCADE STEP translator 7.5 308
! SUMMARY-   
! SUMMARY-  Summary of Unigraphics Part Entities
! SUMMARY-   
! SUMMARY-  Entities Processed             Count
! SUMMARY-  ------------------             -----
! SUMMARY-  Solid/Sheet .................:     1
! SUMMARY-                                 -----
! SUMMARY-  Total                              1
! STATUS-   Creating the UG part (Phase 3 of 3): 21-DEC-2025  7:15:24 PM
! INFO-     Filing Part ..: C:\Users\Trololololol\Documents\Projects\0_BRZ_PARENT\0_BRZ_CAD\4_ECU_ENCLOSURES\6_STEERING_WHEEL_ECU\V2\Open CASCADE STEP translator 7.5 307
! SUMMARY-   
! SUMMARY-  Summary of Unigraphics Part Entities
! SUMMARY-   
! SUMMARY-  Entities Processed             Count
! SUMMARY-  ------------------             -----
! SUMMARY-  Solid/Sheet .................:     1
! SUMMARY-                                 -----
! SUMMARY-  Total                              1
! STATUS-   Creating the UG part (Phase 3 of 3): 21-DEC-2025  7:15:24 PM
! INFO-     Filing Part ..: C:\Users\Trololololol\Documents\Projects\0_BRZ_PARENT\0_BRZ_CAD\4_ECU_ENCLOSURES\6_STEERING_WHEEL_ECU\V2\Open CASCADE STEP translator 7.5 306
! SUMMARY-   
! SUMMARY-  Summary of Unigraphics Part Entities
! SUMMARY-   
! SUMMARY-  Entities Processed             Count
! SUMMARY-  ------------------             -----
! SUMMARY-  Solid/Sheet .................:     1
! SUMMARY-                                 -----
! SUMMARY-  Total                              1
! STATUS-   Creating the UG part (Phase 3 of 3): 21-DEC-2025  7:15:24 PM
! INFO-     Filing Part ..: C:\Users\Trololololol\Documents\Projects\0_BRZ_PARENT\0_BRZ_CAD\4_ECU_ENCLOSURES\6_STEERING_WHEEL_ECU\V2\Open CASCADE STEP translator 7.5 305
! SUMMARY-   
! SUMMARY-  Summary of Unigraphics Part Entities
! SUMMARY-   
! SUMMARY-  Entities Processed             Count
! SUMMARY-  ------------------             -----
! SUMMARY-  Solid/Sheet .................:     1
! SUMMARY-                                 -----
! SUMMARY-  Total                              1
! STATUS-   Creating the UG part (Phase 3 of 3): 21-DEC-2025  7:15:24 PM
! INFO-     Filing Part ..: C:\Users\Trololololol\Documents\Projects\0_BRZ_PARENT\0_BRZ_CAD\4_ECU_ENCLOSURES\6_STEERING_WHEEL_ECU\V2\Open CASCADE STEP translator 7.5 304
! SUMMARY-   
! SUMMARY-  Summary of Unigraphics Part Entities
! SUMMARY-   
! SUMMARY-  Entities Processed             Count
! SUMMARY-  ------------------             -----
! SUMMARY-  Solid/Sheet .................:     1
! SUMMARY-                                 -----
! SUMMARY-  Total                              1
! STATUS-   Creating the UG part (Phase 3 of 3): 21-DEC-2025  7:15:24 PM
! INFO-     Filing Part ..: C:\Users\Trololololol\Documents\Projects\0_BRZ_PARENT\0_BRZ_CAD\4_ECU_ENCLOSURES\6_STEERING_WHEEL_ECU\V2\Open CASCADE STEP translator 7.5 303
! SUMMARY-   
! SUMMARY-  Summary of Unigraphics Part Entities
! SUMMARY-   
! SUMMARY-  Entities Processed             Count
! SUMMARY-  ------------------             -----
! SUMMARY-  Solid/Sheet .................:     1
! SUMMARY-                                 -----
! SUMMARY-  Total                              1
! STATUS-   Creating the UG part (Phase 3 of 3): 21-DEC-2025  7:15:24 PM
! INFO-     Filing Part ..: C:\Users\Trololololol\Documents\Projects\0_BRZ_PARENT\0_BRZ_CAD\4_ECU_ENCLOSURES\6_STEERING_WHEEL_ECU\V2\Open CASCADE STEP translator 7.5 302
! SUMMARY-   
! SUMMARY-  Summary of Unigraphics Part Entities
! SUMMARY-   
! SUMMARY-  Entities Processed             Count
! SUMMARY-  ------------------             -----
! SUMMARY-  Solid/Sheet .................:     1
! SUMMARY-                                 -----
! SUMMARY-  Total                              1
! STATUS-   Creating the UG part (Phase 3 of 3): 21-DEC-2025  7:15:24 PM
! INFO-     Filing Part ..: C:\Users\Trololololol\Documents\Projects\0_BRZ_PARENT\0_BRZ_CAD\4_ECU_ENCLOSURES\6_STEERING_WHEEL_ECU\V2\Open CASCADE STEP translator 7.5 301
! SUMMARY-   
! SUMMARY-  Summary of Unigraphics Part Entities
! SUMMARY-   
! SUMMARY-  Entities Processed             Count
! SUMMARY-  ------------------             -----
! SUMMARY-  Solid/Sheet .................:     1
! SUMMARY-                                 -----
! SUMMARY-  Total                              1
! STATUS-   Creating the UG part (Phase 3 of 3): 21-DEC-2025  7:15:24 PM
! INFO-     Filing Part ..: C:\Users\Trololololol\Documents\Projects\0_BRZ_PARENT\0_BRZ_CAD\4_ECU_ENCLOSURES\6_STEERING_WHEEL_ECU\V2\Open CASCADE STEP translator 7.5 300
! SUMMARY-   
! SUMMARY-  Summary of Unigraphics Part Entities
! SUMMARY-   
! SUMMARY-  Entities Processed             Count
! SUMMARY-  ------------------             -----
! SUMMARY-  Solid/Sheet .................:     1
! SUMMARY-                                 -----
! SUMMARY-  Total                              1
! STATUS-   Creating the UG part (Phase 3 of 3): 21-DEC-2025  7:15:24 PM
! INFO-     Filing Part ..: C:\Users\Trololololol\Documents\Projects\0_BRZ_PARENT\0_BRZ_CAD\4_ECU_ENCLOSURES\6_STEERING_WHEEL_ECU\V2\Open CASCADE STEP translator 7.5 299
! SUMMARY-   
! SUMMARY-  Summary of Unigraphics Part Entities
! SUMMARY-   
! SUMMARY-  Entities Processed             Count
! SUMMARY-  ------------------             -----
! SUMMARY-  Solid/Sheet .................:     1
! SUMMARY-                                 -----
! SUMMARY-  Total                              1
! STATUS-   Creating the UG part (Phase 3 of 3): 21-DEC-2025  7:15:24 PM
! INFO-     Filing Part ..: C:\Users\Trololololol\Documents\Projects\0_BRZ_PARENT\0_BRZ_CAD\4_ECU_ENCLOSURES\6_STEERING_WHEEL_ECU\V2\Open CASCADE STEP translator 7.5 298
! SUMMARY-   
! SUMMARY-  Summary of Unigraphics Part Entities
! SUMMARY-   
! SUMMARY-  Entities Processed             Count
! SUMMARY-  ------------------             -----
! SUMMARY-  Solid/Sheet .................:     1
! SUMMARY-                                 -----
! SUMMARY-  Total                              1
! STATUS-   Creating the UG part (Phase 3 of 3): 21-DEC-2025  7:15:24 PM
! INFO-     Filing Part ..: C:\Users\Trololololol\Documents\Projects\0_BRZ_PARENT\0_BRZ_CAD\4_ECU_ENCLOSURES\6_STEERING_WHEEL_ECU\V2\Open CASCADE STEP translator 7.5 297
! SUMMARY-   
! SUMMARY-  Summary of Unigraphics Part Entities
! SUMMARY-   
! SUMMARY-  Entities Processed             Count
! SUMMARY-  ------------------             -----
! SUMMARY-  Solid/Sheet .................:     1
! SUMMARY-                                 -----
! SUMMARY-  Total                              1
! STATUS-   Creating the UG part (Phase 3 of 3): 21-DEC-2025  7:15:25 PM
! INFO-     Filing Part ..: C:\Users\Trololololol\Documents\Projects\0_BRZ_PARENT\0_BRZ_CAD\4_ECU_ENCLOSURES\6_STEERING_WHEEL_ECU\V2\Open CASCADE STEP translator 7.5 296
! SUMMARY-   
! SUMMARY-  Summary of Unigraphics Part Entities
! SUMMARY-   
! SUMMARY-  Entities Processed             Count
! SUMMARY-  ------------------             -----
! SUMMARY-  Solid/Sheet .................:     1
! SUMMARY-                                 -----
! SUMMARY-  Total                              1
! STATUS-   Creating the UG part (Phase 3 of 3): 21-DEC-2025  7:15:25 PM
! INFO-     Filing Part ..: C:\Users\Trololololol\Documents\Projects\0_BRZ_PARENT\0_BRZ_CAD\4_ECU_ENCLOSURES\6_STEERING_WHEEL_ECU\V2\Open CASCADE STEP translator 7.5 295
! SUMMARY-   
! SUMMARY-  Summary of Unigraphics Part Entities
! SUMMARY-   
! SUMMARY-  Entities Processed             Count
! SUMMARY-  ------------------             -----
! SUMMARY-  Solid/Sheet .................:     1
! SUMMARY-                                 -----
! SUMMARY-  Total                              1
! STATUS-   Creating the UG part (Phase 3 of 3): 21-DEC-2025  7:15:25 PM
! INFO-     Filing Part ..: C:\Users\Trololololol\Documents\Projects\0_BRZ_PARENT\0_BRZ_CAD\4_ECU_ENCLOSURES\6_STEERING_WHEEL_ECU\V2\Open CASCADE STEP translator 7.5 294
! SUMMARY-   
! SUMMARY-  Summary of Unigraphics Part Entities
! SUMMARY-   
! SUMMARY-  Entities Processed             Count
! SUMMARY-  ------------------             -----
! SUMMARY-  Solid/Sheet .................:     1
! SUMMARY-                                 -----
! SUMMARY-  Total                              1
! STATUS-   Creating the UG part (Phase 3 of 3): 21-DEC-2025  7:15:25 PM
! INFO-     Filing Part ..: C:\Users\Trololololol\Documents\Projects\0_BRZ_PARENT\0_BRZ_CAD\4_ECU_ENCLOSURES\6_STEERING_WHEEL_ECU\V2\Open CASCADE STEP translator 7.5 293
! SUMMARY-   
! SUMMARY-  Summary of Unigraphics Part Entities
! SUMMARY-   
! SUMMARY-  Entities Processed             Count
! SUMMARY-  ------------------             -----
! SUMMARY-  Solid/Sheet .................:     1
! SUMMARY-                                 -----
! SUMMARY-  Total                              1
! STATUS-   Creating the UG part (Phase 3 of 3): 21-DEC-2025  7:15:25 PM
! INFO-     Filing Part ..: C:\Users\Trololololol\Documents\Projects\0_BRZ_PARENT\0_BRZ_CAD\4_ECU_ENCLOSURES\6_STEERING_WHEEL_ECU\V2\Open CASCADE STEP translator 7.5 292
! SUMMARY-   
! SUMMARY-  Summary of Unigraphics Part Entities
! SUMMARY-   
! SUMMARY-  Entities Processed             Count
! SUMMARY-  ------------------             -----
! SUMMARY-  Solid/Sheet .................:     1
! SUMMARY-                                 -----
! SUMMARY-  Total                              1
! STATUS-   Creating the UG part (Phase 3 of 3): 21-DEC-2025  7:15:25 PM
! INFO-     Filing Part ..: C:\Users\Trololololol\Documents\Projects\0_BRZ_PARENT\0_BRZ_CAD\4_ECU_ENCLOSURES\6_STEERING_WHEEL_ECU\V2\Open CASCADE STEP translator 7.5 291
! SUMMARY-   
! SUMMARY-  Summary of Unigraphics Part Entities
! SUMMARY-   
! SUMMARY-  Entities Processed             Count
! SUMMARY-  ------------------             -----
! SUMMARY-  Solid/Sheet .................:     1
! SUMMARY-                                 -----
! SUMMARY-  Total                              1
! STATUS-   Creating the UG part (Phase 3 of 3): 21-DEC-2025  7:15:25 PM
! INFO-     Filing Part ..: C:\Users\Trololololol\Documents\Projects\0_BRZ_PARENT\0_BRZ_CAD\4_ECU_ENCLOSURES\6_STEERING_WHEEL_ECU\V2\Open CASCADE STEP translator 7.5 290
! SUMMARY-   
! SUMMARY-  Summary of Unigraphics Part Entities
! SUMMARY-   
! SUMMARY-  Entities Processed             Count
! SUMMARY-  ------------------             -----
! SUMMARY-  Solid/Sheet .................:     1
! SUMMARY-                                 -----
! SUMMARY-  Total                              1
! STATUS-   Creating the UG part (Phase 3 of 3): 21-DEC-2025  7:15:25 PM
! INFO-     Filing Part ..: C:\Users\Trololololol\Documents\Projects\0_BRZ_PARENT\0_BRZ_CAD\4_ECU_ENCLOSURES\6_STEERING_WHEEL_ECU\V2\Open CASCADE STEP translator 7.5 289
! SUMMARY-   
! SUMMARY-  Summary of Unigraphics Part Entities
! SUMMARY-   
! SUMMARY-  Entities Processed             Count
! SUMMARY-  ------------------             -----
! SUMMARY-  Solid/Sheet .................:     1
! SUMMARY-                                 -----
! SUMMARY-  Total                              1
! STATUS-   Creating the UG part (Phase 3 of 3): 21-DEC-2025  7:15:25 PM
! INFO-     Filing Part ..: C:\Users\Trololololol\Documents\Projects\0_BRZ_PARENT\0_BRZ_CAD\4_ECU_ENCLOSURES\6_STEERING_WHEEL_ECU\V2\Open CASCADE STEP translator 7.5 288
! SUMMARY-   
! SUMMARY-  Summary of Unigraphics Part Entities
! SUMMARY-   
! SUMMARY-  Entities Processed             Count
! SUMMARY-  ------------------             -----
! SUMMARY-  Solid/Sheet .................:     1
! SUMMARY-                                 -----
! SUMMARY-  Total                              1
! STATUS-   Creating the UG part (Phase 3 of 3): 21-DEC-2025  7:15:25 PM
! INFO-     Filing Part ..: C:\Users\Trololololol\Documents\Projects\0_BRZ_PARENT\0_BRZ_CAD\4_ECU_ENCLOSURES\6_STEERING_WHEEL_ECU\V2\Open CASCADE STEP translator 7.5 287
! SUMMARY-   
! SUMMARY-  Summary of Unigraphics Part Entities
! SUMMARY-   
! SUMMARY-  Entities Processed             Count
! SUMMARY-  ------------------             -----
! SUMMARY-  Solid/Sheet .................:     1
! SUMMARY-                                 -----
! SUMMARY-  Total                              1
! STATUS-   Creating the UG part (Phase 3 of 3): 21-DEC-2025  7:15:25 PM
! INFO-     Filing Part ..: C:\Users\Trololololol\Documents\Projects\0_BRZ_PARENT\0_BRZ_CAD\4_ECU_ENCLOSURES\6_STEERING_WHEEL_ECU\V2\Open CASCADE STEP translator 7.5 286
! SUMMARY-   
! SUMMARY-  Summary of Unigraphics Part Entities
! SUMMARY-   
! SUMMARY-  Entities Processed             Count
! SUMMARY-  ------------------             -----
! SUMMARY-  Solid/Sheet .................:     1
! SUMMARY-                                 -----
! SUMMARY-  Total                              1
! STATUS-   Creating the UG part (Phase 3 of 3): 21-DEC-2025  7:15:25 PM
! INFO-     Filing Part ..: C:\Users\Trololololol\Documents\Projects\0_BRZ_PARENT\0_BRZ_CAD\4_ECU_ENCLOSURES\6_STEERING_WHEEL_ECU\V2\Open CASCADE STEP translator 7.5 285
! SUMMARY-   
! SUMMARY-  Summary of Unigraphics Part Entities
! SUMMARY-   
! SUMMARY-  Entities Processed             Count
! SUMMARY-  ------------------             -----
! SUMMARY-  Solid/Sheet .................:     1
! SUMMARY-                                 -----
! SUMMARY-  Total                              1
! STATUS-   Creating the UG part (Phase 3 of 3): 21-DEC-2025  7:15:25 PM
! INFO-     Filing Part ..: C:\Users\Trololololol\Documents\Projects\0_BRZ_PARENT\0_BRZ_CAD\4_ECU_ENCLOSURES\6_STEERING_WHEEL_ECU\V2\Open CASCADE STEP translator 7.5 284
! SUMMARY-   
! SUMMARY-  Summary of Unigraphics Part Entities
! SUMMARY-   
! SUMMARY-  Entities Processed             Count
! SUMMARY-  ------------------             -----
! SUMMARY-  Solid/Sheet .................:     1
! SUMMARY-                                 -----
! SUMMARY-  Total                              1
! STATUS-   Creating the UG part (Phase 3 of 3): 21-DEC-2025  7:15:25 PM
! INFO-     Filing Part ..: C:\Users\Trololololol\Documents\Projects\0_BRZ_PARENT\0_BRZ_CAD\4_ECU_ENCLOSURES\6_STEERING_WHEEL_ECU\V2\Open CASCADE STEP translator 7.5 283
! SUMMARY-   
! SUMMARY-  Summary of Unigraphics Part Entities
! SUMMARY-   
! SUMMARY-  Entities Processed             Count
! SUMMARY-  ------------------             -----
! SUMMARY-  Solid/Sheet .................:     1
! SUMMARY-                                 -----
! SUMMARY-  Total                              1
! STATUS-   Creating the UG part (Phase 3 of 3): 21-DEC-2025  7:15:25 PM
! INFO-     Filing Part ..: C:\Users\Trololololol\Documents\Projects\0_BRZ_PARENT\0_BRZ_CAD\4_ECU_ENCLOSURES\6_STEERING_WHEEL_ECU\V2\Open CASCADE STEP translator 7.5 282
! SUMMARY-   
! SUMMARY-  Summary of Unigraphics Part Entities
! SUMMARY-   
! SUMMARY-  Entities Processed             Count
! SUMMARY-  ------------------             -----
! SUMMARY-  Solid/Sheet .................:     1
! SUMMARY-                                 -----
! SUMMARY-  Total                              1
! STATUS-   Creating the UG part (Phase 3 of 3): 21-DEC-2025  7:15:25 PM
! INFO-     Filing Part ..: C:\Users\Trololololol\Documents\Projects\0_BRZ_PARENT\0_BRZ_CAD\4_ECU_ENCLOSURES\6_STEERING_WHEEL_ECU\V2\Open CASCADE STEP translator 7.5 281
! SUMMARY-   
! SUMMARY-  Summary of Unigraphics Part Entities
! SUMMARY-   
! SUMMARY-  Entities Processed             Count
! SUMMARY-  ------------------             -----
! SUMMARY-  Solid/Sheet .................:     1
! SUMMARY-                                 -----
! SUMMARY-  Total                              1
! STATUS-   Creating the UG part (Phase 3 of 3): 21-DEC-2025  7:15:25 PM
! INFO-     Filing Part ..: C:\Users\Trololololol\Documents\Projects\0_BRZ_PARENT\0_BRZ_CAD\4_ECU_ENCLOSURES\6_STEERING_WHEEL_ECU\V2\Open CASCADE STEP translator 7.5 280
! SUMMARY-   
! SUMMARY-  Summary of Unigraphics Part Entities
! SUMMARY-   
! SUMMARY-  Entities Processed             Count
! SUMMARY-  ------------------             -----
! SUMMARY-  Solid/Sheet .................:     1
! SUMMARY-                                 -----
! SUMMARY-  Total                              1
! STATUS-   Creating the UG part (Phase 3 of 3): 21-DEC-2025  7:15:25 PM
! INFO-     Filing Part ..: C:\Users\Trololololol\Documents\Projects\0_BRZ_PARENT\0_BRZ_CAD\4_ECU_ENCLOSURES\6_STEERING_WHEEL_ECU\V2\Open CASCADE STEP translator 7.5 279
! SUMMARY-   
! SUMMARY-  Summary of Unigraphics Part Entities
! SUMMARY-   
! SUMMARY-  Entities Processed             Count
! SUMMARY-  ------------------             -----
! SUMMARY-  Solid/Sheet .................:     1
! SUMMARY-                                 -----
! SUMMARY-  Total                              1
! STATUS-   Creating the UG part (Phase 3 of 3): 21-DEC-2025  7:15:25 PM
! INFO-     Filing Part ..: C:\Users\Trololololol\Documents\Projects\0_BRZ_PARENT\0_BRZ_CAD\4_ECU_ENCLOSURES\6_STEERING_WHEEL_ECU\V2\Open CASCADE STEP translator 7.5 278
! SUMMARY-   
! SUMMARY-  Summary of Unigraphics Part Entities
! SUMMARY-   
! SUMMARY-  Entities Processed             Count
! SUMMARY-  ------------------             -----
! SUMMARY-  Solid/Sheet .................:     1
! SUMMARY-                                 -----
! SUMMARY-  Total                              1
! STATUS-   Creating the UG part (Phase 3 of 3): 21-DEC-2025  7:15:25 PM
! INFO-     Filing Part ..: C:\Users\Trololololol\Documents\Projects\0_BRZ_PARENT\0_BRZ_CAD\4_ECU_ENCLOSURES\6_STEERING_WHEEL_ECU\V2\Open CASCADE STEP translator 7.5 277
! SUMMARY-   
! SUMMARY-  Summary of Unigraphics Part Entities
! SUMMARY-   
! SUMMARY-  Entities Processed             Count
! SUMMARY-  ------------------             -----
! SUMMARY-  Solid/Sheet .................:     1
! SUMMARY-                                 -----
! SUMMARY-  Total                              1
! STATUS-   Creating the UG part (Phase 3 of 3): 21-DEC-2025  7:15:25 PM
! INFO-     Filing Part ..: C:\Users\Trololololol\Documents\Projects\0_BRZ_PARENT\0_BRZ_CAD\4_ECU_ENCLOSURES\6_STEERING_WHEEL_ECU\V2\Open CASCADE STEP translator 7.5 276
! SUMMARY-   
! SUMMARY-  Summary of Unigraphics Part Entities
! SUMMARY-   
! SUMMARY-  Entities Processed             Count
! SUMMARY-  ------------------             -----
! SUMMARY-  Solid/Sheet .................:     1
! SUMMARY-                                 -----
! SUMMARY-  Total                              1
! STATUS-   Creating the UG part (Phase 3 of 3): 21-DEC-2025  7:15:26 PM
! INFO-     Filing Part ..: C:\Users\Trololololol\Documents\Projects\0_BRZ_PARENT\0_BRZ_CAD\4_ECU_ENCLOSURES\6_STEERING_WHEEL_ECU\V2\Open CASCADE STEP translator 7.5 275
! SUMMARY-   
! SUMMARY-  Summary of Unigraphics Part Entities
! SUMMARY-   
! SUMMARY-  Entities Processed             Count
! SUMMARY-  ------------------             -----
! SUMMARY-  Solid/Sheet .................:     1
! SUMMARY-                                 -----
! SUMMARY-  Total                              1
! STATUS-   Creating the UG part (Phase 3 of 3): 21-DEC-2025  7:15:26 PM
! INFO-     Filing Part ..: C:\Users\Trololololol\Documents\Projects\0_BRZ_PARENT\0_BRZ_CAD\4_ECU_ENCLOSURES\6_STEERING_WHEEL_ECU\V2\Open CASCADE STEP translator 7.5 274
! SUMMARY-   
! SUMMARY-  Summary of Unigraphics Part Entities
! SUMMARY-   
! SUMMARY-  Entities Processed             Count
! SUMMARY-  ------------------             -----
! SUMMARY-  Solid/Sheet .................:     1
! SUMMARY-                                 -----
! SUMMARY-  Total                              1
! STATUS-   Creating the UG part (Phase 3 of 3): 21-DEC-2025  7:15:26 PM
! INFO-     Filing Part ..: C:\Users\Trololololol\Documents\Projects\0_BRZ_PARENT\0_BRZ_CAD\4_ECU_ENCLOSURES\6_STEERING_WHEEL_ECU\V2\Open CASCADE STEP translator 7.5 273
! SUMMARY-   
! SUMMARY-  Summary of Unigraphics Part Entities
! SUMMARY-   
! SUMMARY-  Entities Processed             Count
! SUMMARY-  ------------------             -----
! SUMMARY-  Solid/Sheet .................:     1
! SUMMARY-                                 -----
! SUMMARY-  Total                              1
! STATUS-   Creating the UG part (Phase 3 of 3): 21-DEC-2025  7:15:26 PM
! INFO-     Filing Part ..: C:\Users\Trololololol\Documents\Projects\0_BRZ_PARENT\0_BRZ_CAD\4_ECU_ENCLOSURES\6_STEERING_WHEEL_ECU\V2\Open CASCADE STEP translator 7.5 272
! SUMMARY-   
! SUMMARY-  Summary of Unigraphics Part Entities
! SUMMARY-   
! SUMMARY-  Entities Processed             Count
! SUMMARY-  ------------------             -----
! SUMMARY-  Solid/Sheet .................:     1
! SUMMARY-                                 -----
! SUMMARY-  Total                              1
! STATUS-   Creating the UG part (Phase 3 of 3): 21-DEC-2025  7:15:26 PM
! INFO-     Filing Part ..: C:\Users\Trololololol\Documents\Projects\0_BRZ_PARENT\0_BRZ_CAD\4_ECU_ENCLOSURES\6_STEERING_WHEEL_ECU\V2\Open CASCADE STEP translator 7.5 271
! SUMMARY-   
! SUMMARY-  Summary of Unigraphics Part Entities
! SUMMARY-   
! SUMMARY-  Entities Processed             Count
! SUMMARY-  ------------------             -----
! SUMMARY-  Solid/Sheet .................:     1
! SUMMARY-                                 -----
! SUMMARY-  Total                              1
! STATUS-   Creating the UG part (Phase 3 of 3): 21-DEC-2025  7:15:26 PM
! INFO-     Filing Part ..: C:\Users\Trololololol\Documents\Projects\0_BRZ_PARENT\0_BRZ_CAD\4_ECU_ENCLOSURES\6_STEERING_WHEEL_ECU\V2\Open CASCADE STEP translator 7.5 270
! SUMMARY-   
! SUMMARY-  Summary of Unigraphics Part Entities
! SUMMARY-   
! SUMMARY-  Entities Processed             Count
! SUMMARY-  ------------------             -----
! SUMMARY-  Solid/Sheet .................:     1
! SUMMARY-                                 -----
! SUMMARY-  Total                              1
! STATUS-   Creating the UG part (Phase 3 of 3): 21-DEC-2025  7:15:26 PM
! INFO-     Filing Part ..: C:\Users\Trololololol\Documents\Projects\0_BRZ_PARENT\0_BRZ_CAD\4_ECU_ENCLOSURES\6_STEERING_WHEEL_ECU\V2\Open CASCADE STEP translator 7.5 269
! SUMMARY-   
! SUMMARY-  Summary of Unigraphics Part Entities
! SUMMARY-   
! SUMMARY-  Entities Processed             Count
! SUMMARY-  ------------------             -----
! SUMMARY-  Solid/Sheet .................:     1
! SUMMARY-                                 -----
! SUMMARY-  Total                              1
! STATUS-   Creating the UG part (Phase 3 of 3): 21-DEC-2025  7:15:26 PM
! INFO-     Filing Part ..: C:\Users\Trololololol\Documents\Projects\0_BRZ_PARENT\0_BRZ_CAD\4_ECU_ENCLOSURES\6_STEERING_WHEEL_ECU\V2\Open CASCADE STEP translator 7.5 268
! SUMMARY-   
! SUMMARY-  Summary of Unigraphics Part Entities
! SUMMARY-   
! SUMMARY-  Entities Processed             Count
! SUMMARY-  ------------------             -----
! SUMMARY-  Solid/Sheet .................:     1
! SUMMARY-                                 -----
! SUMMARY-  Total                              1
! STATUS-   Creating the UG part (Phase 3 of 3): 21-DEC-2025  7:15:26 PM
! INFO-     Filing Part ..: C:\Users\Trololololol\Documents\Projects\0_BRZ_PARENT\0_BRZ_CAD\4_ECU_ENCLOSURES\6_STEERING_WHEEL_ECU\V2\Open CASCADE STEP translator 7.5 267
! SUMMARY-   
! SUMMARY-  Summary of Unigraphics Part Entities
! SUMMARY-   
! SUMMARY-  Entities Processed             Count
! SUMMARY-  ------------------             -----
! SUMMARY-  Solid/Sheet .................:     1
! SUMMARY-                                 -----
! SUMMARY-  Total                              1
! STATUS-   Creating the UG part (Phase 3 of 3): 21-DEC-2025  7:15:26 PM
! INFO-     Filing Part ..: C:\Users\Trololololol\Documents\Projects\0_BRZ_PARENT\0_BRZ_CAD\4_ECU_ENCLOSURES\6_STEERING_WHEEL_ECU\V2\Open CASCADE STEP translator 7.5 266
! SUMMARY-   
! SUMMARY-  Summary of Unigraphics Part Entities
! SUMMARY-   
! SUMMARY-  Entities Processed             Count
! SUMMARY-  ------------------             -----
! SUMMARY-  Solid/Sheet .................:     1
! SUMMARY-                                 -----
! SUMMARY-  Total                              1
! STATUS-   Creating the UG part (Phase 3 of 3): 21-DEC-2025  7:15:26 PM
! INFO-     Filing Part ..: C:\Users\Trololololol\Documents\Projects\0_BRZ_PARENT\0_BRZ_CAD\4_ECU_ENCLOSURES\6_STEERING_WHEEL_ECU\V2\Open CASCADE STEP translator 7.5 265
! SUMMARY-   
! SUMMARY-  Summary of Unigraphics Part Entities
! SUMMARY-   
! SUMMARY-  Entities Processed             Count
! SUMMARY-  ------------------             -----
! SUMMARY-  Solid/Sheet .................:     1
! SUMMARY-                                 -----
! SUMMARY-  Total                              1
! STATUS-   Creating the UG part (Phase 3 of 3): 21-DEC-2025  7:15:26 PM
! INFO-     Filing Part ..: C:\Users\Trololololol\Documents\Projects\0_BRZ_PARENT\0_BRZ_CAD\4_ECU_ENCLOSURES\6_STEERING_WHEEL_ECU\V2\Open CASCADE STEP translator 7.5 264
! SUMMARY-   
! SUMMARY-  Summary of Unigraphics Part Entities
! SUMMARY-   
! SUMMARY-  Entities Processed             Count
! SUMMARY-  ------------------             -----
! SUMMARY-  Solid/Sheet .................:     1
! SUMMARY-                                 -----
! SUMMARY-  Total                              1
! STATUS-   Creating the UG part (Phase 3 of 3): 21-DEC-2025  7:15:26 PM
! INFO-     Filing Part ..: C:\Users\Trololololol\Documents\Projects\0_BRZ_PARENT\0_BRZ_CAD\4_ECU_ENCLOSURES\6_STEERING_WHEEL_ECU\V2\Open CASCADE STEP translator 7.5 263
! SUMMARY-   
! SUMMARY-  Summary of Unigraphics Part Entities
! SUMMARY-   
! SUMMARY-  Entities Processed             Count
! SUMMARY-  ------------------             -----
! SUMMARY-  Solid/Sheet .................:     1
! SUMMARY-                                 -----
! SUMMARY-  Total                              1
! STATUS-   Creating the UG part (Phase 3 of 3): 21-DEC-2025  7:15:26 PM
! INFO-     Filing Part ..: C:\Users\Trololololol\Documents\Projects\0_BRZ_PARENT\0_BRZ_CAD\4_ECU_ENCLOSURES\6_STEERING_WHEEL_ECU\V2\Open CASCADE STEP translator 7.5 262
! SUMMARY-   
! SUMMARY-  Summary of Unigraphics Part Entities
! SUMMARY-   
! SUMMARY-  Entities Processed             Count
! SUMMARY-  ------------------             -----
! SUMMARY-  Solid/Sheet .................:     1
! SUMMARY-                                 -----
! SUMMARY-  Total                              1
! STATUS-   Creating the UG part (Phase 3 of 3): 21-DEC-2025  7:15:26 PM
! INFO-     Filing Part ..: C:\Users\Trololololol\Documents\Projects\0_BRZ_PARENT\0_BRZ_CAD\4_ECU_ENCLOSURES\6_STEERING_WHEEL_ECU\V2\Open CASCADE STEP translator 7.5 261
! SUMMARY-   
! SUMMARY-  Summary of Unigraphics Part Entities
! SUMMARY-   
! SUMMARY-  Entities Processed             Count
! SUMMARY-  ------------------             -----
! SUMMARY-  Solid/Sheet .................:     1
! SUMMARY-                                 -----
! SUMMARY-  Total                              1
! STATUS-   Creating the UG part (Phase 3 of 3): 21-DEC-2025  7:15:26 PM
! INFO-     Filing Part ..: C:\Users\Trololololol\Documents\Projects\0_BRZ_PARENT\0_BRZ_CAD\4_ECU_ENCLOSURES\6_STEERING_WHEEL_ECU\V2\Open CASCADE STEP translator 7.5 260
! SUMMARY-   
! SUMMARY-  Summary of Unigraphics Part Entities
! SUMMARY-   
! SUMMARY-  Entities Processed             Count
! SUMMARY-  ------------------             -----
! SUMMARY-  Solid/Sheet .................:     1
! SUMMARY-                                 -----
! SUMMARY-  Total                              1
! STATUS-   Creating the UG part (Phase 3 of 3): 21-DEC-2025  7:15:26 PM
! INFO-     Filing Part ..: C:\Users\Trololololol\Documents\Projects\0_BRZ_PARENT\0_BRZ_CAD\4_ECU_ENCLOSURES\6_STEERING_WHEEL_ECU\V2\Open CASCADE STEP translator 7.5 259
! SUMMARY-   
! SUMMARY-  Summary of Unigraphics Part Entities
! SUMMARY-   
! SUMMARY-  Entities Processed             Count
! SUMMARY-  ------------------             -----
! SUMMARY-  Solid/Sheet .................:     1
! SUMMARY-                                 -----
! SUMMARY-  Total                              1
! STATUS-   Creating the UG part (Phase 3 of 3): 21-DEC-2025  7:15:26 PM
! INFO-     Filing Part ..: C:\Users\Trololololol\Documents\Projects\0_BRZ_PARENT\0_BRZ_CAD\4_ECU_ENCLOSURES\6_STEERING_WHEEL_ECU\V2\Open CASCADE STEP translator 7.5 258
! SUMMARY-   
! SUMMARY-  Summary of Unigraphics Part Entities
! SUMMARY-   
! SUMMARY-  Entities Processed             Count
! SUMMARY-  ------------------             -----
! SUMMARY-  Solid/Sheet .................:     1
! SUMMARY-                                 -----
! SUMMARY-  Total                              1
! STATUS-   Creating the UG part (Phase 3 of 3): 21-DEC-2025  7:15:26 PM
! INFO-     Filing Part ..: C:\Users\Trololololol\Documents\Projects\0_BRZ_PARENT\0_BRZ_CAD\4_ECU_ENCLOSURES\6_STEERING_WHEEL_ECU\V2\Open CASCADE STEP translator 7.5 257
! SUMMARY-   
! SUMMARY-  Summary of Unigraphics Part Entities
! SUMMARY-   
! SUMMARY-  Entities Processed             Count
! SUMMARY-  ------------------             -----
! SUMMARY-  Solid/Sheet .................:     1
! SUMMARY-                                 -----
! SUMMARY-  Total                              1
! STATUS-   Creating the UG part (Phase 3 of 3): 21-DEC-2025  7:15:26 PM
! INFO-     Filing Part ..: C:\Users\Trololololol\Documents\Projects\0_BRZ_PARENT\0_BRZ_CAD\4_ECU_ENCLOSURES\6_STEERING_WHEEL_ECU\V2\Open CASCADE STEP translator 7.5 256
! SUMMARY-   
! SUMMARY-  Summary of Unigraphics Part Entities
! SUMMARY-   
! SUMMARY-  Entities Processed             Count
! SUMMARY-  ------------------             -----
! SUMMARY-  Solid/Sheet .................:     1
! SUMMARY-                                 -----
! SUMMARY-  Total                              1
! STATUS-   Creating the UG part (Phase 3 of 3): 21-DEC-2025  7:15:26 PM
! INFO-     Filing Part ..: C:\Users\Trololololol\Documents\Projects\0_BRZ_PARENT\0_BRZ_CAD\4_ECU_ENCLOSURES\6_STEERING_WHEEL_ECU\V2\Open CASCADE STEP translator 7.5 255
! SUMMARY-   
! SUMMARY-  Summary of Unigraphics Part Entities
! SUMMARY-   
! SUMMARY-  Entities Processed             Count
! SUMMARY-  ------------------             -----
! SUMMARY-  Solid/Sheet .................:     1
! SUMMARY-                                 -----
! SUMMARY-  Total                              1
! STATUS-   Creating the UG part (Phase 3 of 3): 21-DEC-2025  7:15:27 PM
! INFO-     Filing Part ..: C:\Users\Trololololol\Documents\Projects\0_BRZ_PARENT\0_BRZ_CAD\4_ECU_ENCLOSURES\6_STEERING_WHEEL_ECU\V2\Open CASCADE STEP translator 7.5 254
! SUMMARY-   
! SUMMARY-  Summary of Unigraphics Part Entities
! SUMMARY-   
! SUMMARY-  Entities Processed             Count
! SUMMARY-  ------------------             -----
! SUMMARY-  Solid/Sheet .................:     1
! SUMMARY-                                 -----
! SUMMARY-  Total                              1
! STATUS-   Creating the UG part (Phase 3 of 3): 21-DEC-2025  7:15:27 PM
! INFO-     Filing Part ..: C:\Users\Trololololol\Documents\Projects\0_BRZ_PARENT\0_BRZ_CAD\4_ECU_ENCLOSURES\6_STEERING_WHEEL_ECU\V2\Open CASCADE STEP translator 7.5 253
! SUMMARY-   
! SUMMARY-  Summary of Unigraphics Part Entities
! SUMMARY-   
! SUMMARY-  Entities Processed             Count
! SUMMARY-  ------------------             -----
! SUMMARY-  Solid/Sheet .................:     1
! SUMMARY-                                 -----
! SUMMARY-  Total                              1
! STATUS-   Creating the UG part (Phase 3 of 3): 21-DEC-2025  7:15:27 PM
! INFO-     Filing Part ..: C:\Users\Trololololol\Documents\Projects\0_BRZ_PARENT\0_BRZ_CAD\4_ECU_ENCLOSURES\6_STEERING_WHEEL_ECU\V2\Open CASCADE STEP translator 7.5 252
! SUMMARY-   
! SUMMARY-  Summary of Unigraphics Part Entities
! SUMMARY-   
! SUMMARY-  Entities Processed             Count
! SUMMARY-  ------------------             -----
! SUMMARY-  Solid/Sheet .................:     1
! SUMMARY-                                 -----
! SUMMARY-  Total                              1
! STATUS-   Creating the UG part (Phase 3 of 3): 21-DEC-2025  7:15:27 PM
! INFO-     Filing Part ..: C:\Users\Trololololol\Documents\Projects\0_BRZ_PARENT\0_BRZ_CAD\4_ECU_ENCLOSURES\6_STEERING_WHEEL_ECU\V2\Open CASCADE STEP translator 7.5 251
! SUMMARY-   
! SUMMARY-  Summary of Unigraphics Part Entities
! SUMMARY-   
! SUMMARY-  Entities Processed             Count
! SUMMARY-  ------------------             -----
! SUMMARY-  Solid/Sheet .................:     1
! SUMMARY-                                 -----
! SUMMARY-  Total                              1
! STATUS-   Creating the UG part (Phase 3 of 3): 21-DEC-2025  7:15:27 PM
! INFO-     Filing Part ..: C:\Users\Trololololol\Documents\Projects\0_BRZ_PARENT\0_BRZ_CAD\4_ECU_ENCLOSURES\6_STEERING_WHEEL_ECU\V2\Open CASCADE STEP translator 7.5 250
! SUMMARY-   
! SUMMARY-  Summary of Unigraphics Part Entities
! SUMMARY-   
! SUMMARY-  Entities Processed             Count
! SUMMARY-  ------------------             -----
! SUMMARY-  Solid/Sheet .................:     1
! SUMMARY-                                 -----
! SUMMARY-  Total                              1
! STATUS-   Creating the UG part (Phase 3 of 3): 21-DEC-2025  7:15:27 PM
! INFO-     Filing Part ..: C:\Users\Trololololol\Documents\Projects\0_BRZ_PARENT\0_BRZ_CAD\4_ECU_ENCLOSURES\6_STEERING_WHEEL_ECU\V2\Open CASCADE STEP translator 7.5 249
! SUMMARY-   
! SUMMARY-  Summary of Unigraphics Part Entities
! SUMMARY-   
! SUMMARY-  Entities Processed             Count
! SUMMARY-  ------------------             -----
! SUMMARY-  Solid/Sheet .................:     1
! SUMMARY-                                 -----
! SUMMARY-  Total                              1
! STATUS-   Creating the UG part (Phase 3 of 3): 21-DEC-2025  7:15:27 PM
! INFO-     Filing Part ..: C:\Users\Trololololol\Documents\Projects\0_BRZ_PARENT\0_BRZ_CAD\4_ECU_ENCLOSURES\6_STEERING_WHEEL_ECU\V2\Open CASCADE STEP translator 7.5 248
! SUMMARY-   
! SUMMARY-  Summary of Unigraphics Part Entities
! SUMMARY-   
! SUMMARY-  Entities Processed             Count
! SUMMARY-  ------------------             -----
! SUMMARY-  Solid/Sheet .................:     1
! SUMMARY-                                 -----
! SUMMARY-  Total                              1
! STATUS-   Creating the UG part (Phase 3 of 3): 21-DEC-2025  7:15:27 PM
! INFO-     Filing Part ..: C:\Users\Trololololol\Documents\Projects\0_BRZ_PARENT\0_BRZ_CAD\4_ECU_ENCLOSURES\6_STEERING_WHEEL_ECU\V2\Open CASCADE STEP translator 7.5 247
! SUMMARY-   
! SUMMARY-  Summary of Unigraphics Part Entities
! SUMMARY-   
! SUMMARY-  Entities Processed             Count
! SUMMARY-  ------------------             -----
! SUMMARY-  Solid/Sheet .................:     1
! SUMMARY-                                 -----
! SUMMARY-  Total                              1
! STATUS-   Creating the UG part (Phase 3 of 3): 21-DEC-2025  7:15:27 PM
! INFO-     Filing Part ..: C:\Users\Trololololol\Documents\Projects\0_BRZ_PARENT\0_BRZ_CAD\4_ECU_ENCLOSURES\6_STEERING_WHEEL_ECU\V2\Open CASCADE STEP translator 7.5 246
! SUMMARY-   
! SUMMARY-  Summary of Unigraphics Part Entities
! SUMMARY-   
! SUMMARY-  Entities Processed             Count
! SUMMARY-  ------------------             -----
! SUMMARY-  Solid/Sheet .................:     1
! SUMMARY-                                 -----
! SUMMARY-  Total                              1
! STATUS-   Creating the UG part (Phase 3 of 3): 21-DEC-2025  7:15:27 PM
! INFO-     Filing Part ..: C:\Users\Trololololol\Documents\Projects\0_BRZ_PARENT\0_BRZ_CAD\4_ECU_ENCLOSURES\6_STEERING_WHEEL_ECU\V2\Open CASCADE STEP translator 7.5 245
! SUMMARY-   
! SUMMARY-  Summary of Unigraphics Part Entities
! SUMMARY-   
! SUMMARY-  Entities Processed             Count
! SUMMARY-  ------------------             -----
! SUMMARY-  Solid/Sheet .................:     1
! SUMMARY-                                 -----
! SUMMARY-  Total                              1
! STATUS-   Creating the UG part (Phase 3 of 3): 21-DEC-2025  7:15:27 PM
! INFO-     Filing Part ..: C:\Users\Trololololol\Documents\Projects\0_BRZ_PARENT\0_BRZ_CAD\4_ECU_ENCLOSURES\6_STEERING_WHEEL_ECU\V2\Open CASCADE STEP translator 7.5 244
! SUMMARY-   
! SUMMARY-  Summary of Unigraphics Part Entities
! SUMMARY-   
! SUMMARY-  Entities Processed             Count
! SUMMARY-  ------------------             -----
! SUMMARY-  Solid/Sheet .................:     1
! SUMMARY-                                 -----
! SUMMARY-  Total                              1
! STATUS-   Creating the UG part (Phase 3 of 3): 21-DEC-2025  7:15:27 PM
! INFO-     Filing Part ..: C:\Users\Trololololol\Documents\Projects\0_BRZ_PARENT\0_BRZ_CAD\4_ECU_ENCLOSURES\6_STEERING_WHEEL_ECU\V2\Open CASCADE STEP translator 7.5 243
! SUMMARY-   
! SUMMARY-  Summary of Unigraphics Part Entities
! SUMMARY-   
! SUMMARY-  Entities Processed             Count
! SUMMARY-  ------------------             -----
! SUMMARY-  Solid/Sheet .................:     1
! SUMMARY-                                 -----
! SUMMARY-  Total                              1
! STATUS-   Creating the UG part (Phase 3 of 3): 21-DEC-2025  7:15:27 PM
! INFO-     Filing Part ..: C:\Users\Trololololol\Documents\Projects\0_BRZ_PARENT\0_BRZ_CAD\4_ECU_ENCLOSURES\6_STEERING_WHEEL_ECU\V2\Open CASCADE STEP translator 7.5 242
! SUMMARY-   
! SUMMARY-  Summary of Unigraphics Part Entities
! SUMMARY-   
! SUMMARY-  Entities Processed             Count
! SUMMARY-  ------------------             -----
! SUMMARY-  Solid/Sheet .................:     1
! SUMMARY-                                 -----
! SUMMARY-  Total                              1
! STATUS-   Creating the UG part (Phase 3 of 3): 21-DEC-2025  7:15:27 PM
! INFO-     Filing Part ..: C:\Users\Trololololol\Documents\Projects\0_BRZ_PARENT\0_BRZ_CAD\4_ECU_ENCLOSURES\6_STEERING_WHEEL_ECU\V2\Open CASCADE STEP translator 7.5 241
! SUMMARY-   
! SUMMARY-  Summary of Unigraphics Part Entities
! SUMMARY-   
! SUMMARY-  Entities Processed             Count
! SUMMARY-  ------------------             -----
! SUMMARY-  Solid/Sheet .................:     1
! SUMMARY-                                 -----
! SUMMARY-  Total                              1
! STATUS-   Creating the UG part (Phase 3 of 3): 21-DEC-2025  7:15:27 PM
! INFO-     Filing Part ..: C:\Users\Trololololol\Documents\Projects\0_BRZ_PARENT\0_BRZ_CAD\4_ECU_ENCLOSURES\6_STEERING_WHEEL_ECU\V2\Open CASCADE STEP translator 7.5 240
! SUMMARY-   
! SUMMARY-  Summary of Unigraphics Part Entities
! SUMMARY-   
! SUMMARY-  Entities Processed             Count
! SUMMARY-  ------------------             -----
! SUMMARY-  Solid/Sheet .................:     1
! SUMMARY-                                 -----
! SUMMARY-  Total                              1
! STATUS-   Creating the UG part (Phase 3 of 3): 21-DEC-2025  7:15:27 PM
! INFO-     Filing Part ..: C:\Users\Trololololol\Documents\Projects\0_BRZ_PARENT\0_BRZ_CAD\4_ECU_ENCLOSURES\6_STEERING_WHEEL_ECU\V2\Open CASCADE STEP translator 7.5 239
! SUMMARY-   
! SUMMARY-  Summary of Unigraphics Part Entities
! SUMMARY-   
! SUMMARY-  Entities Processed             Count
! SUMMARY-  ------------------             -----
! SUMMARY-  Solid/Sheet .................:     1
! SUMMARY-                                 -----
! SUMMARY-  Total                              1
! STATUS-   Creating the UG part (Phase 3 of 3): 21-DEC-2025  7:15:27 PM
! INFO-     Filing Part ..: C:\Users\Trololololol\Documents\Projects\0_BRZ_PARENT\0_BRZ_CAD\4_ECU_ENCLOSURES\6_STEERING_WHEEL_ECU\V2\Open CASCADE STEP translator 7.5 238
! SUMMARY-   
! SUMMARY-  Summary of Unigraphics Part Entities
! SUMMARY-   
! SUMMARY-  Entities Processed             Count
! SUMMARY-  ------------------             -----
! SUMMARY-  Solid/Sheet .................:     1
! SUMMARY-                                 -----
! SUMMARY-  Total                              1
! STATUS-   Creating the UG part (Phase 3 of 3): 21-DEC-2025  7:15:27 PM
! INFO-     Filing Part ..: C:\Users\Trololololol\Documents\Projects\0_BRZ_PARENT\0_BRZ_CAD\4_ECU_ENCLOSURES\6_STEERING_WHEEL_ECU\V2\Open CASCADE STEP translator 7.5 237
! SUMMARY-   
! SUMMARY-  Summary of Unigraphics Part Entities
! SUMMARY-   
! SUMMARY-  Entities Processed             Count
! SUMMARY-  ------------------             -----
! SUMMARY-  Solid/Sheet .................:     1
! SUMMARY-                                 -----
! SUMMARY-  Total                              1
! STATUS-   Creating the UG part (Phase 3 of 3): 21-DEC-2025  7:15:27 PM
! INFO-     Filing Part ..: C:\Users\Trololololol\Documents\Projects\0_BRZ_PARENT\0_BRZ_CAD\4_ECU_ENCLOSURES\6_STEERING_WHEEL_ECU\V2\Open CASCADE STEP translator 7.5 236
! SUMMARY-   
! SUMMARY-  Summary of Unigraphics Part Entities
! SUMMARY-   
! SUMMARY-  Entities Processed             Count
! SUMMARY-  ------------------             -----
! SUMMARY-  Solid/Sheet .................:     1
! SUMMARY-                                 -----
! SUMMARY-  Total                              1
! STATUS-   Creating the UG part (Phase 3 of 3): 21-DEC-2025  7:15:27 PM
! INFO-     Filing Part ..: C:\Users\Trololololol\Documents\Projects\0_BRZ_PARENT\0_BRZ_CAD\4_ECU_ENCLOSURES\6_STEERING_WHEEL_ECU\V2\Open CASCADE STEP translator 7.5 235
! SUMMARY-   
! SUMMARY-  Summary of Unigraphics Part Entities
! SUMMARY-   
! SUMMARY-  Entities Processed             Count
! SUMMARY-  ------------------             -----
! SUMMARY-  Solid/Sheet .................:     1
! SUMMARY-                                 -----
! SUMMARY-  Total                              1
! STATUS-   Creating the UG part (Phase 3 of 3): 21-DEC-2025  7:15:28 PM
! INFO-     Filing Part ..: C:\Users\Trololololol\Documents\Projects\0_BRZ_PARENT\0_BRZ_CAD\4_ECU_ENCLOSURES\6_STEERING_WHEEL_ECU\V2\Open CASCADE STEP translator 7.5 234
! SUMMARY-   
! SUMMARY-  Summary of Unigraphics Part Entities
! SUMMARY-   
! SUMMARY-  Entities Processed             Count
! SUMMARY-  ------------------             -----
! SUMMARY-  Solid/Sheet .................:     1
! SUMMARY-                                 -----
! SUMMARY-  Total                              1
! STATUS-   Creating the UG part (Phase 3 of 3): 21-DEC-2025  7:15:28 PM
! INFO-     Filing Part ..: C:\Users\Trololololol\Documents\Projects\0_BRZ_PARENT\0_BRZ_CAD\4_ECU_ENCLOSURES\6_STEERING_WHEEL_ECU\V2\Open CASCADE STEP translator 7.5 233
! SUMMARY-   
! SUMMARY-  Summary of Unigraphics Part Entities
! SUMMARY-   
! SUMMARY-  Entities Processed             Count
! SUMMARY-  ------------------             -----
! SUMMARY-  Solid/Sheet .................:     1
! SUMMARY-                                 -----
! SUMMARY-  Total                              1
! STATUS-   Creating the UG part (Phase 3 of 3): 21-DEC-2025  7:15:28 PM
! INFO-     Filing Part ..: C:\Users\Trololololol\Documents\Projects\0_BRZ_PARENT\0_BRZ_CAD\4_ECU_ENCLOSURES\6_STEERING_WHEEL_ECU\V2\Open CASCADE STEP translator 7.5 232
! SUMMARY-   
! SUMMARY-  Summary of Unigraphics Part Entities
! SUMMARY-   
! SUMMARY-  Entities Processed             Count
! SUMMARY-  ------------------             -----
! SUMMARY-  Solid/Sheet .................:     1
! SUMMARY-                                 -----
! SUMMARY-  Total                              1
! STATUS-   Creating the UG part (Phase 3 of 3): 21-DEC-2025  7:15:28 PM
! INFO-     Filing Part ..: C:\Users\Trololololol\Documents\Projects\0_BRZ_PARENT\0_BRZ_CAD\4_ECU_ENCLOSURES\6_STEERING_WHEEL_ECU\V2\Open CASCADE STEP translator 7.5 231
! SUMMARY-   
! SUMMARY-  Summary of Unigraphics Part Entities
! SUMMARY-   
! SUMMARY-  Entities Processed             Count
! SUMMARY-  ------------------             -----
! SUMMARY-  Solid/Sheet .................:     1
! SUMMARY-                                 -----
! SUMMARY-  Total                              1
! STATUS-   Creating the UG part (Phase 3 of 3): 21-DEC-2025  7:15:28 PM
! INFO-     Filing Part ..: C:\Users\Trololololol\Documents\Projects\0_BRZ_PARENT\0_BRZ_CAD\4_ECU_ENCLOSURES\6_STEERING_WHEEL_ECU\V2\Open CASCADE STEP translator 7.5 230
! SUMMARY-   
! SUMMARY-  Summary of Unigraphics Part Entities
! SUMMARY-   
! SUMMARY-  Entities Processed             Count
! SUMMARY-  ------------------             -----
! SUMMARY-  Solid/Sheet .................:     1
! SUMMARY-                                 -----
! SUMMARY-  Total                              1
! STATUS-   Creating the UG part (Phase 3 of 3): 21-DEC-2025  7:15:28 PM
! INFO-     Filing Part ..: C:\Users\Trololololol\Documents\Projects\0_BRZ_PARENT\0_BRZ_CAD\4_ECU_ENCLOSURES\6_STEERING_WHEEL_ECU\V2\Open CASCADE STEP translator 7.5 229
! SUMMARY-   
! SUMMARY-  Summary of Unigraphics Part Entities
! SUMMARY-   
! SUMMARY-  Entities Processed             Count
! SUMMARY-  ------------------             -----
! SUMMARY-  Solid/Sheet .................:     1
! SUMMARY-                                 -----
! SUMMARY-  Total                              1
! STATUS-   Creating the UG part (Phase 3 of 3): 21-DEC-2025  7:15:28 PM
! INFO-     Filing Part ..: C:\Users\Trololololol\Documents\Projects\0_BRZ_PARENT\0_BRZ_CAD\4_ECU_ENCLOSURES\6_STEERING_WHEEL_ECU\V2\Open CASCADE STEP translator 7.5 228
! SUMMARY-   
! SUMMARY-  Summary of Unigraphics Part Entities
! SUMMARY-   
! SUMMARY-  Entities Processed             Count
! SUMMARY-  ------------------             -----
! SUMMARY-  Solid/Sheet .................:     1
! SUMMARY-                                 -----
! SUMMARY-  Total                              1
! STATUS-   Creating the UG part (Phase 3 of 3): 21-DEC-2025  7:15:28 PM
! INFO-     Filing Part ..: C:\Users\Trololololol\Documents\Projects\0_BRZ_PARENT\0_BRZ_CAD\4_ECU_ENCLOSURES\6_STEERING_WHEEL_ECU\V2\Open CASCADE STEP translator 7.5 227
! SUMMARY-   
! SUMMARY-  Summary of Unigraphics Part Entities
! SUMMARY-   
! SUMMARY-  Entities Processed             Count
! SUMMARY-  ------------------             -----
! SUMMARY-  Solid/Sheet .................:     1
! SUMMARY-                                 -----
! SUMMARY-  Total                              1
! STATUS-   Creating the UG part (Phase 3 of 3): 21-DEC-2025  7:15:28 PM
! INFO-     Filing Part ..: C:\Users\Trololololol\Documents\Projects\0_BRZ_PARENT\0_BRZ_CAD\4_ECU_ENCLOSURES\6_STEERING_WHEEL_ECU\V2\Open CASCADE STEP translator 7.5 226
! SUMMARY-   
! SUMMARY-  Summary of Unigraphics Part Entities
! SUMMARY-   
! SUMMARY-  Entities Processed             Count
! SUMMARY-  ------------------             -----
! SUMMARY-  Solid/Sheet .................:     1
! SUMMARY-                                 -----
! SUMMARY-  Total                              1
! STATUS-   Creating the UG part (Phase 3 of 3): 21-DEC-2025  7:15:28 PM
! INFO-     Filing Part ..: C:\Users\Trololololol\Documents\Projects\0_BRZ_PARENT\0_BRZ_CAD\4_ECU_ENCLOSURES\6_STEERING_WHEEL_ECU\V2\Open CASCADE STEP translator 7.5 225
! SUMMARY-   
! SUMMARY-  Summary of Unigraphics Part Entities
! SUMMARY-   
! SUMMARY-  Entities Processed             Count
! SUMMARY-  ------------------             -----
! SUMMARY-  Solid/Sheet .................:     1
! SUMMARY-                                 -----
! SUMMARY-  Total                              1
! STATUS-   Creating the UG part (Phase 3 of 3): 21-DEC-2025  7:15:28 PM
! INFO-     Filing Part ..: C:\Users\Trololololol\Documents\Projects\0_BRZ_PARENT\0_BRZ_CAD\4_ECU_ENCLOSURES\6_STEERING_WHEEL_ECU\V2\Open CASCADE STEP translator 7.5 224
! SUMMARY-   
! SUMMARY-  Summary of Unigraphics Part Entities
! SUMMARY-   
! SUMMARY-  Entities Processed             Count
! SUMMARY-  ------------------             -----
! SUMMARY-  Solid/Sheet .................:     1
! SUMMARY-                                 -----
! SUMMARY-  Total                              1
! STATUS-   Creating the UG part (Phase 3 of 3): 21-DEC-2025  7:15:28 PM
! INFO-     Filing Part ..: C:\Users\Trololololol\Documents\Projects\0_BRZ_PARENT\0_BRZ_CAD\4_ECU_ENCLOSURES\6_STEERING_WHEEL_ECU\V2\Open CASCADE STEP translator 7.5 223
! SUMMARY-   
! SUMMARY-  Summary of Unigraphics Part Entities
! SUMMARY-   
! SUMMARY-  Entities Processed             Count
! SUMMARY-  ------------------             -----
! SUMMARY-  Solid/Sheet .................:     1
! SUMMARY-                                 -----
! SUMMARY-  Total                              1
! STATUS-   Creating the UG part (Phase 3 of 3): 21-DEC-2025  7:15:28 PM
! INFO-     Filing Part ..: C:\Users\Trololololol\Documents\Projects\0_BRZ_PARENT\0_BRZ_CAD\4_ECU_ENCLOSURES\6_STEERING_WHEEL_ECU\V2\Open CASCADE STEP translator 7.5 222
! SUMMARY-   
! SUMMARY-  Summary of Unigraphics Part Entities
! SUMMARY-   
! SUMMARY-  Entities Processed             Count
! SUMMARY-  ------------------             -----
! SUMMARY-  Solid/Sheet .................:     1
! SUMMARY-                                 -----
! SUMMARY-  Total                              1
! STATUS-   Creating the UG part (Phase 3 of 3): 21-DEC-2025  7:15:28 PM
! INFO-     Filing Part ..: C:\Users\Trololololol\Documents\Projects\0_BRZ_PARENT\0_BRZ_CAD\4_ECU_ENCLOSURES\6_STEERING_WHEEL_ECU\V2\Open CASCADE STEP translator 7.5 221
! SUMMARY-   
! SUMMARY-  Summary of Unigraphics Part Entities
! SUMMARY-   
! SUMMARY-  Entities Processed             Count
! SUMMARY-  ------------------             -----
! SUMMARY-  Solid/Sheet .................:     1
! SUMMARY-                                 -----
! SUMMARY-  Total                              1
! STATUS-   Creating the UG part (Phase 3 of 3): 21-DEC-2025  7:15:28 PM
! INFO-     Filing Part ..: C:\Users\Trololololol\Documents\Projects\0_BRZ_PARENT\0_BRZ_CAD\4_ECU_ENCLOSURES\6_STEERING_WHEEL_ECU\V2\Open CASCADE STEP translator 7.5 220
! SUMMARY-   
! SUMMARY-  Summary of Unigraphics Part Entities
! SUMMARY-   
! SUMMARY-  Entities Processed             Count
! SUMMARY-  ------------------             -----
! SUMMARY-  Solid/Sheet .................:     1
! SUMMARY-                                 -----
! SUMMARY-  Total                              1
! STATUS-   Creating the UG part (Phase 3 of 3): 21-DEC-2025  7:15:28 PM
! INFO-     Filing Part ..: C:\Users\Trololololol\Documents\Projects\0_BRZ_PARENT\0_BRZ_CAD\4_ECU_ENCLOSURES\6_STEERING_WHEEL_ECU\V2\Open CASCADE STEP translator 7.5 219
! SUMMARY-   
! SUMMARY-  Summary of Unigraphics Part Entities
! SUMMARY-   
! SUMMARY-  Entities Processed             Count
! SUMMARY-  ------------------             -----
! SUMMARY-  Solid/Sheet .................:     1
! SUMMARY-                                 -----
! SUMMARY-  Total                              1
! STATUS-   Creating the UG part (Phase 3 of 3): 21-DEC-2025  7:15:28 PM
! INFO-     Filing Part ..: C:\Users\Trololololol\Documents\Projects\0_BRZ_PARENT\0_BRZ_CAD\4_ECU_ENCLOSURES\6_STEERING_WHEEL_ECU\V2\Open CASCADE STEP translator 7.5 218
! SUMMARY-   
! SUMMARY-  Summary of Unigraphics Part Entities
! SUMMARY-   
! SUMMARY-  Entities Processed             Count
! SUMMARY-  ------------------             -----
! SUMMARY-  Solid/Sheet .................:     1
! SUMMARY-                                 -----
! SUMMARY-  Total                              1
! STATUS-   Creating the UG part (Phase 3 of 3): 21-DEC-2025  7:15:28 PM
! INFO-     Filing Part ..: C:\Users\Trololololol\Documents\Projects\0_BRZ_PARENT\0_BRZ_CAD\4_ECU_ENCLOSURES\6_STEERING_WHEEL_ECU\V2\Open CASCADE STEP translator 7.5 217
! SUMMARY-   
! SUMMARY-  Summary of Unigraphics Part Entities
! SUMMARY-   
! SUMMARY-  Entities Processed             Count
! SUMMARY-  ------------------             -----
! SUMMARY-  Solid/Sheet .................:     1
! SUMMARY-                                 -----
! SUMMARY-  Total                              1
! STATUS-   Creating the UG part (Phase 3 of 3): 21-DEC-2025  7:15:28 PM
! INFO-     Filing Part ..: C:\Users\Trololololol\Documents\Projects\0_BRZ_PARENT\0_BRZ_CAD\4_ECU_ENCLOSURES\6_STEERING_WHEEL_ECU\V2\Open CASCADE STEP translator 7.5 216
! SUMMARY-   
! SUMMARY-  Summary of Unigraphics Part Entities
! SUMMARY-   
! SUMMARY-  Entities Processed             Count
! SUMMARY-  ------------------             -----
! SUMMARY-  Solid/Sheet .................:     1
! SUMMARY-                                 -----
! SUMMARY-  Total                              1
! STATUS-   Creating the UG part (Phase 3 of 3): 21-DEC-2025  7:15:29 PM
! INFO-     Filing Part ..: C:\Users\Trololololol\Documents\Projects\0_BRZ_PARENT\0_BRZ_CAD\4_ECU_ENCLOSURES\6_STEERING_WHEEL_ECU\V2\Open CASCADE STEP translator 7.5 215
! SUMMARY-   
! SUMMARY-  Summary of Unigraphics Part Entities
! SUMMARY-   
! SUMMARY-  Entities Processed             Count
! SUMMARY-  ------------------             -----
! SUMMARY-  Solid/Sheet .................:     1
! SUMMARY-                                 -----
! SUMMARY-  Total                              1
! STATUS-   Creating the UG part (Phase 3 of 3): 21-DEC-2025  7:15:29 PM
! INFO-     Filing Part ..: C:\Users\Trololololol\Documents\Projects\0_BRZ_PARENT\0_BRZ_CAD\4_ECU_ENCLOSURES\6_STEERING_WHEEL_ECU\V2\Open CASCADE STEP translator 7.5 214
! SUMMARY-   
! SUMMARY-  Summary of Unigraphics Part Entities
! SUMMARY-   
! SUMMARY-  Entities Processed             Count
! SUMMARY-  ------------------             -----
! SUMMARY-  Solid/Sheet .................:     1
! SUMMARY-                                 -----
! SUMMARY-  Total                              1
! STATUS-   Creating the UG part (Phase 3 of 3): 21-DEC-2025  7:15:29 PM
! INFO-     Filing Part ..: C:\Users\Trololololol\Documents\Projects\0_BRZ_PARENT\0_BRZ_CAD\4_ECU_ENCLOSURES\6_STEERING_WHEEL_ECU\V2\Open CASCADE STEP translator 7.5 213
! SUMMARY-   
! SUMMARY-  Summary of Unigraphics Part Entities
! SUMMARY-   
! SUMMARY-  Entities Processed             Count
! SUMMARY-  ------------------             -----
! SUMMARY-  Solid/Sheet .................:     1
! SUMMARY-                                 -----
! SUMMARY-  Total                              1
! STATUS-   Creating the UG part (Phase 3 of 3): 21-DEC-2025  7:15:29 PM
! INFO-     Filing Part ..: C:\Users\Trololololol\Documents\Projects\0_BRZ_PARENT\0_BRZ_CAD\4_ECU_ENCLOSURES\6_STEERING_WHEEL_ECU\V2\Open CASCADE STEP translator 7.5 212
! SUMMARY-   
! SUMMARY-  Summary of Unigraphics Part Entities
! SUMMARY-   
! SUMMARY-  Entities Processed             Count
! SUMMARY-  ------------------             -----
! SUMMARY-  Solid/Sheet .................:     1
! SUMMARY-                                 -----
! SUMMARY-  Total                              1
! STATUS-   Creating the UG part (Phase 3 of 3): 21-DEC-2025  7:15:29 PM
! INFO-     Filing Part ..: C:\Users\Trololololol\Documents\Projects\0_BRZ_PARENT\0_BRZ_CAD\4_ECU_ENCLOSURES\6_STEERING_WHEEL_ECU\V2\Open CASCADE STEP translator 7.5 211
! SUMMARY-   
! SUMMARY-  Summary of Unigraphics Part Entities
! SUMMARY-   
! SUMMARY-  Entities Processed             Count
! SUMMARY-  ------------------             -----
! SUMMARY-  Solid/Sheet .................:     1
! SUMMARY-                                 -----
! SUMMARY-  Total                              1
! STATUS-   Creating the UG part (Phase 3 of 3): 21-DEC-2025  7:15:29 PM
! INFO-     Filing Part ..: C:\Users\Trololololol\Documents\Projects\0_BRZ_PARENT\0_BRZ_CAD\4_ECU_ENCLOSURES\6_STEERING_WHEEL_ECU\V2\Open CASCADE STEP translator 7.5 210
! SUMMARY-   
! SUMMARY-  Summary of Unigraphics Part Entities
! SUMMARY-   
! SUMMARY-  Entities Processed             Count
! SUMMARY-  ------------------             -----
! SUMMARY-  Solid/Sheet .................:     1
! SUMMARY-                                 -----
! SUMMARY-  Total                              1
! STATUS-   Creating the UG part (Phase 3 of 3): 21-DEC-2025  7:15:29 PM
! INFO-     Filing Part ..: C:\Users\Trololololol\Documents\Projects\0_BRZ_PARENT\0_BRZ_CAD\4_ECU_ENCLOSURES\6_STEERING_WHEEL_ECU\V2\Open CASCADE STEP translator 7.5 209
! SUMMARY-   
! SUMMARY-  Summary of Unigraphics Part Entities
! SUMMARY-   
! SUMMARY-  Entities Processed             Count
! SUMMARY-  ------------------             -----
! SUMMARY-  Solid/Sheet .................:     1
! SUMMARY-                                 -----
! SUMMARY-  Total                              1
! STATUS-   Creating the UG part (Phase 3 of 3): 21-DEC-2025  7:15:29 PM
! INFO-     Filing Part ..: C:\Users\Trololololol\Documents\Projects\0_BRZ_PARENT\0_BRZ_CAD\4_ECU_ENCLOSURES\6_STEERING_WHEEL_ECU\V2\Open CASCADE STEP translator 7.5 208
! SUMMARY-   
! SUMMARY-  Summary of Unigraphics Part Entities
! SUMMARY-   
! SUMMARY-  Entities Processed             Count
! SUMMARY-  ------------------             -----
! SUMMARY-  Solid/Sheet .................:     1
! SUMMARY-                                 -----
! SUMMARY-  Total                              1
! STATUS-   Creating the UG part (Phase 3 of 3): 21-DEC-2025  7:15:29 PM
! INFO-     Filing Part ..: C:\Users\Trololololol\Documents\Projects\0_BRZ_PARENT\0_BRZ_CAD\4_ECU_ENCLOSURES\6_STEERING_WHEEL_ECU\V2\Open CASCADE STEP translator 7.5 207
! SUMMARY-   
! SUMMARY-  Summary of Unigraphics Part Entities
! SUMMARY-   
! SUMMARY-  Entities Processed             Count
! SUMMARY-  ------------------             -----
! SUMMARY-  Solid/Sheet .................:     1
! SUMMARY-                                 -----
! SUMMARY-  Total                              1
! STATUS-   Creating the UG part (Phase 3 of 3): 21-DEC-2025  7:15:29 PM
! INFO-     Filing Part ..: C:\Users\Trololololol\Documents\Projects\0_BRZ_PARENT\0_BRZ_CAD\4_ECU_ENCLOSURES\6_STEERING_WHEEL_ECU\V2\Open CASCADE STEP translator 7.5 206
! SUMMARY-   
! SUMMARY-  Summary of Unigraphics Part Entities
! SUMMARY-   
! SUMMARY-  Entities Processed             Count
! SUMMARY-  ------------------             -----
! SUMMARY-  Solid/Sheet .................:     1
! SUMMARY-                                 -----
! SUMMARY-  Total                              1
! STATUS-   Creating the UG part (Phase 3 of 3): 21-DEC-2025  7:15:29 PM
! INFO-     Filing Part ..: C:\Users\Trololololol\Documents\Projects\0_BRZ_PARENT\0_BRZ_CAD\4_ECU_ENCLOSURES\6_STEERING_WHEEL_ECU\V2\Open CASCADE STEP translator 7.5 205
! SUMMARY-   
! SUMMARY-  Summary of Unigraphics Part Entities
! SUMMARY-   
! SUMMARY-  Entities Processed             Count
! SUMMARY-  ------------------             -----
! SUMMARY-  Solid/Sheet .................:     1
! SUMMARY-                                 -----
! SUMMARY-  Total                              1
! STATUS-   Creating the UG part (Phase 3 of 3): 21-DEC-2025  7:15:29 PM
! INFO-     Filing Part ..: C:\Users\Trololololol\Documents\Projects\0_BRZ_PARENT\0_BRZ_CAD\4_ECU_ENCLOSURES\6_STEERING_WHEEL_ECU\V2\Open CASCADE STEP translator 7.5 204
! SUMMARY-   
! SUMMARY-  Summary of Unigraphics Part Entities
! SUMMARY-   
! SUMMARY-  Entities Processed             Count
! SUMMARY-  ------------------             -----
! SUMMARY-  Solid/Sheet .................:     1
! SUMMARY-                                 -----
! SUMMARY-  Total                              1
! STATUS-   Creating the UG part (Phase 3 of 3): 21-DEC-2025  7:15:29 PM
! INFO-     Filing Part ..: C:\Users\Trololololol\Documents\Projects\0_BRZ_PARENT\0_BRZ_CAD\4_ECU_ENCLOSURES\6_STEERING_WHEEL_ECU\V2\Open CASCADE STEP translator 7.5 203
! SUMMARY-   
! SUMMARY-  Summary of Unigraphics Part Entities
! SUMMARY-   
! SUMMARY-  Entities Processed             Count
! SUMMARY-  ------------------             -----
! SUMMARY-  Solid/Sheet .................:     1
! SUMMARY-                                 -----
! SUMMARY-  Total                              1
! STATUS-   Creating the UG part (Phase 3 of 3): 21-DEC-2025  7:15:29 PM
! INFO-     Filing Part ..: C:\Users\Trololololol\Documents\Projects\0_BRZ_PARENT\0_BRZ_CAD\4_ECU_ENCLOSURES\6_STEERING_WHEEL_ECU\V2\Open CASCADE STEP translator 7.5 202
! SUMMARY-   
! SUMMARY-  Summary of Unigraphics Part Entities
! SUMMARY-   
! SUMMARY-  Entities Processed             Count
! SUMMARY-  ------------------             -----
! SUMMARY-  Solid/Sheet .................:     1
! SUMMARY-                                 -----
! SUMMARY-  Total                              1
! STATUS-   Creating the UG part (Phase 3 of 3): 21-DEC-2025  7:15:29 PM
! INFO-     Filing Part ..: C:\Users\Trololololol\Documents\Projects\0_BRZ_PARENT\0_BRZ_CAD\4_ECU_ENCLOSURES\6_STEERING_WHEEL_ECU\V2\Open CASCADE STEP translator 7.5 201
! SUMMARY-   
! SUMMARY-  Summary of Unigraphics Part Entities
! SUMMARY-   
! SUMMARY-  Entities Processed             Count
! SUMMARY-  ------------------             -----
! SUMMARY-  Solid/Sheet .................:     1
! SUMMARY-                                 -----
! SUMMARY-  Total                              1
! STATUS-   Creating the UG part (Phase 3 of 3): 21-DEC-2025  7:15:29 PM
! INFO-     Filing Part ..: C:\Users\Trololololol\Documents\Projects\0_BRZ_PARENT\0_BRZ_CAD\4_ECU_ENCLOSURES\6_STEERING_WHEEL_ECU\V2\Open CASCADE STEP translator 7.5 200
! SUMMARY-   
! SUMMARY-  Summary of Unigraphics Part Entities
! SUMMARY-   
! SUMMARY-  Entities Processed             Count
! SUMMARY-  ------------------             -----
! SUMMARY-  Solid/Sheet .................:     1
! SUMMARY-                                 -----
! SUMMARY-  Total                              1
! STATUS-   Creating the UG part (Phase 3 of 3): 21-DEC-2025  7:15:29 PM
! INFO-     Filing Part ..: C:\Users\Trololololol\Documents\Projects\0_BRZ_PARENT\0_BRZ_CAD\4_ECU_ENCLOSURES\6_STEERING_WHEEL_ECU\V2\Open CASCADE STEP translator 7.5 199
! SUMMARY-   
! SUMMARY-  Summary of Unigraphics Part Entities
! SUMMARY-   
! SUMMARY-  Entities Processed             Count
! SUMMARY-  ------------------             -----
! SUMMARY-  Solid/Sheet .................:     1
! SUMMARY-                                 -----
! SUMMARY-  Total                              1
! STATUS-   Creating the UG part (Phase 3 of 3): 21-DEC-2025  7:15:29 PM
! INFO-     Filing Part ..: C:\Users\Trololololol\Documents\Projects\0_BRZ_PARENT\0_BRZ_CAD\4_ECU_ENCLOSURES\6_STEERING_WHEEL_ECU\V2\Open CASCADE STEP translator 7.5 198
! SUMMARY-   
! SUMMARY-  Summary of Unigraphics Part Entities
! SUMMARY-   
! SUMMARY-  Entities Processed             Count
! SUMMARY-  ------------------             -----
! SUMMARY-  Solid/Sheet .................:     1
! SUMMARY-                                 -----
! SUMMARY-  Total                              1
! STATUS-   Creating the UG part (Phase 3 of 3): 21-DEC-2025  7:15:29 PM
! INFO-     Filing Part ..: C:\Users\Trololololol\Documents\Projects\0_BRZ_PARENT\0_BRZ_CAD\4_ECU_ENCLOSURES\6_STEERING_WHEEL_ECU\V2\Open CASCADE STEP translator 7.5 197
! SUMMARY-   
! SUMMARY-  Summary of Unigraphics Part Entities
! SUMMARY-   
! SUMMARY-  Entities Processed             Count
! SUMMARY-  ------------------             -----
! SUMMARY-  Solid/Sheet .................:     1
! SUMMARY-                                 -----
! SUMMARY-  Total                              1
! STATUS-   Creating the UG part (Phase 3 of 3): 21-DEC-2025  7:15:29 PM
! INFO-     Filing Part ..: C:\Users\Trololololol\Documents\Projects\0_BRZ_PARENT\0_BRZ_CAD\4_ECU_ENCLOSURES\6_STEERING_WHEEL_ECU\V2\Open CASCADE STEP translator 7.5 196
! SUMMARY-   
! SUMMARY-  Summary of Unigraphics Part Entities
! SUMMARY-   
! SUMMARY-  Entities Processed             Count
! SUMMARY-  ------------------             -----
! SUMMARY-  Solid/Sheet .................:     1
! SUMMARY-                                 -----
! SUMMARY-  Total                              1
! STATUS-   Creating the UG part (Phase 3 of 3): 21-DEC-2025  7:15:30 PM
! INFO-     Filing Part ..: C:\Users\Trololololol\Documents\Projects\0_BRZ_PARENT\0_BRZ_CAD\4_ECU_ENCLOSURES\6_STEERING_WHEEL_ECU\V2\Open CASCADE STEP translator 7.5 195
! SUMMARY-   
! SUMMARY-  Summary of Unigraphics Part Entities
! SUMMARY-   
! SUMMARY-  Entities Processed             Count
! SUMMARY-  ------------------             -----
! SUMMARY-  Solid/Sheet .................:     1
! SUMMARY-                                 -----
! SUMMARY-  Total                              1
! STATUS-   Creating the UG part (Phase 3 of 3): 21-DEC-2025  7:15:30 PM
! INFO-     Filing Part ..: C:\Users\Trololololol\Documents\Projects\0_BRZ_PARENT\0_BRZ_CAD\4_ECU_ENCLOSURES\6_STEERING_WHEEL_ECU\V2\Open CASCADE STEP translator 7.5 194
! SUMMARY-   
! SUMMARY-  Summary of Unigraphics Part Entities
! SUMMARY-   
! SUMMARY-  Entities Processed             Count
! SUMMARY-  ------------------             -----
! SUMMARY-  Solid/Sheet .................:     1
! SUMMARY-                                 -----
! SUMMARY-  Total                              1
! STATUS-   Creating the UG part (Phase 3 of 3): 21-DEC-2025  7:15:30 PM
! INFO-     Filing Part ..: C:\Users\Trololololol\Documents\Projects\0_BRZ_PARENT\0_BRZ_CAD\4_ECU_ENCLOSURES\6_STEERING_WHEEL_ECU\V2\Open CASCADE STEP translator 7.5 193
! SUMMARY-   
! SUMMARY-  Summary of Unigraphics Part Entities
! SUMMARY-   
! SUMMARY-  Entities Processed             Count
! SUMMARY-  ------------------             -----
! SUMMARY-  Solid/Sheet .................:     1
! SUMMARY-                                 -----
! SUMMARY-  Total                              1
! STATUS-   Creating the UG part (Phase 3 of 3): 21-DEC-2025  7:15:30 PM
! INFO-     Filing Part ..: C:\Users\Trololololol\Documents\Projects\0_BRZ_PARENT\0_BRZ_CAD\4_ECU_ENCLOSURES\6_STEERING_WHEEL_ECU\V2\Open CASCADE STEP translator 7.5 192
! SUMMARY-   
! SUMMARY-  Summary of Unigraphics Part Entities
! SUMMARY-   
! SUMMARY-  Entities Processed             Count
! SUMMARY-  ------------------             -----
! SUMMARY-  Solid/Sheet .................:     1
! SUMMARY-                                 -----
! SUMMARY-  Total                              1
! STATUS-   Creating the UG part (Phase 3 of 3): 21-DEC-2025  7:15:30 PM
! INFO-     Filing Part ..: C:\Users\Trololololol\Documents\Projects\0_BRZ_PARENT\0_BRZ_CAD\4_ECU_ENCLOSURES\6_STEERING_WHEEL_ECU\V2\Open CASCADE STEP translator 7.5 191
! SUMMARY-   
! SUMMARY-  Summary of Unigraphics Part Entities
! SUMMARY-   
! SUMMARY-  Entities Processed             Count
! SUMMARY-  ------------------             -----
! SUMMARY-  Solid/Sheet .................:     1
! SUMMARY-                                 -----
! SUMMARY-  Total                              1
! STATUS-   Creating the UG part (Phase 3 of 3): 21-DEC-2025  7:15:30 PM
! INFO-     Filing Part ..: C:\Users\Trololololol\Documents\Projects\0_BRZ_PARENT\0_BRZ_CAD\4_ECU_ENCLOSURES\6_STEERING_WHEEL_ECU\V2\Open CASCADE STEP translator 7.5 190
! SUMMARY-   
! SUMMARY-  Summary of Unigraphics Part Entities
! SUMMARY-   
! SUMMARY-  Entities Processed             Count
! SUMMARY-  ------------------             -----
! SUMMARY-  Solid/Sheet .................:     1
! SUMMARY-                                 -----
! SUMMARY-  Total                              1
! STATUS-   Creating the UG part (Phase 3 of 3): 21-DEC-2025  7:15:30 PM
! INFO-     Filing Part ..: C:\Users\Trololololol\Documents\Projects\0_BRZ_PARENT\0_BRZ_CAD\4_ECU_ENCLOSURES\6_STEERING_WHEEL_ECU\V2\Open CASCADE STEP translator 7.5 189
! SUMMARY-   
! SUMMARY-  Summary of Unigraphics Part Entities
! SUMMARY-   
! SUMMARY-  Entities Processed             Count
! SUMMARY-  ------------------             -----
! SUMMARY-  Solid/Sheet .................:     1
! SUMMARY-                                 -----
! SUMMARY-  Total                              1
! STATUS-   Creating the UG part (Phase 3 of 3): 21-DEC-2025  7:15:30 PM
! INFO-     Filing Part ..: C:\Users\Trololololol\Documents\Projects\0_BRZ_PARENT\0_BRZ_CAD\4_ECU_ENCLOSURES\6_STEERING_WHEEL_ECU\V2\Open CASCADE STEP translator 7.5 188
! SUMMARY-   
! SUMMARY-  Summary of Unigraphics Part Entities
! SUMMARY-   
! SUMMARY-  Entities Processed             Count
! SUMMARY-  ------------------             -----
! SUMMARY-  Solid/Sheet .................:     1
! SUMMARY-                                 -----
! SUMMARY-  Total                              1
! STATUS-   Creating the UG part (Phase 3 of 3): 21-DEC-2025  7:15:30 PM
! INFO-     Filing Part ..: C:\Users\Trololololol\Documents\Projects\0_BRZ_PARENT\0_BRZ_CAD\4_ECU_ENCLOSURES\6_STEERING_WHEEL_ECU\V2\Open CASCADE STEP translator 7.5 187
! SUMMARY-   
! SUMMARY-  Summary of Unigraphics Part Entities
! SUMMARY-   
! SUMMARY-  Entities Processed             Count
! SUMMARY-  ------------------             -----
! SUMMARY-  Solid/Sheet .................:     1
! SUMMARY-                                 -----
! SUMMARY-  Total                              1
! STATUS-   Creating the UG part (Phase 3 of 3): 21-DEC-2025  7:15:30 PM
! INFO-     Filing Part ..: C:\Users\Trololololol\Documents\Projects\0_BRZ_PARENT\0_BRZ_CAD\4_ECU_ENCLOSURES\6_STEERING_WHEEL_ECU\V2\Open CASCADE STEP translator 7.5 186
! SUMMARY-   
! SUMMARY-  Summary of Unigraphics Part Entities
! SUMMARY-   
! SUMMARY-  Entities Processed             Count
! SUMMARY-  ------------------             -----
! SUMMARY-  Solid/Sheet .................:     1
! SUMMARY-                                 -----
! SUMMARY-  Total                              1
! STATUS-   Creating the UG part (Phase 3 of 3): 21-DEC-2025  7:15:30 PM
! INFO-     Filing Part ..: C:\Users\Trololololol\Documents\Projects\0_BRZ_PARENT\0_BRZ_CAD\4_ECU_ENCLOSURES\6_STEERING_WHEEL_ECU\V2\Open CASCADE STEP translator 7.5 185
! SUMMARY-   
! SUMMARY-  Summary of Unigraphics Part Entities
! SUMMARY-   
! SUMMARY-  Entities Processed             Count
! SUMMARY-  ------------------             -----
! SUMMARY-  Solid/Sheet .................:     1
! SUMMARY-                                 -----
! SUMMARY-  Total                              1
! STATUS-   Creating the UG part (Phase 3 of 3): 21-DEC-2025  7:15:30 PM
! INFO-     Filing Part ..: C:\Users\Trololololol\Documents\Projects\0_BRZ_PARENT\0_BRZ_CAD\4_ECU_ENCLOSURES\6_STEERING_WHEEL_ECU\V2\Open CASCADE STEP translator 7.5 184
! SUMMARY-   
! SUMMARY-  Summary of Unigraphics Part Entities
! SUMMARY-   
! SUMMARY-  Entities Processed             Count
! SUMMARY-  ------------------             -----
! SUMMARY-  Solid/Sheet .................:     1
! SUMMARY-                                 -----
! SUMMARY-  Total                              1
! STATUS-   Creating the UG part (Phase 3 of 3): 21-DEC-2025  7:15:30 PM
! INFO-     Filing Part ..: C:\Users\Trololololol\Documents\Projects\0_BRZ_PARENT\0_BRZ_CAD\4_ECU_ENCLOSURES\6_STEERING_WHEEL_ECU\V2\Open CASCADE STEP translator 7.5 183
! SUMMARY-   
! SUMMARY-  Summary of Unigraphics Part Entities
! SUMMARY-   
! SUMMARY-  Entities Processed             Count
! SUMMARY-  ------------------             -----
! SUMMARY-  Solid/Sheet .................:     1
! SUMMARY-                                 -----
! SUMMARY-  Total                              1
! STATUS-   Creating the UG part (Phase 3 of 3): 21-DEC-2025  7:15:30 PM
! INFO-     Filing Part ..: C:\Users\Trololololol\Documents\Projects\0_BRZ_PARENT\0_BRZ_CAD\4_ECU_ENCLOSURES\6_STEERING_WHEEL_ECU\V2\Open CASCADE STEP translator 7.5 182
! SUMMARY-   
! SUMMARY-  Summary of Unigraphics Part Entities
! SUMMARY-   
! SUMMARY-  Entities Processed             Count
! SUMMARY-  ------------------             -----
! SUMMARY-  Solid/Sheet .................:     1
! SUMMARY-                                 -----
! SUMMARY-  Total                              1
! STATUS-   Creating the UG part (Phase 3 of 3): 21-DEC-2025  7:15:30 PM
! INFO-     Filing Part ..: C:\Users\Trololololol\Documents\Projects\0_BRZ_PARENT\0_BRZ_CAD\4_ECU_ENCLOSURES\6_STEERING_WHEEL_ECU\V2\Open CASCADE STEP translator 7.5 181
! SUMMARY-   
! SUMMARY-  Summary of Unigraphics Part Entities
! SUMMARY-   
! SUMMARY-  Entities Processed             Count
! SUMMARY-  ------------------             -----
! SUMMARY-  Solid/Sheet .................:     1
! SUMMARY-                                 -----
! SUMMARY-  Total                              1
! STATUS-   Creating the UG part (Phase 3 of 3): 21-DEC-2025  7:15:30 PM
! INFO-     Filing Part ..: C:\Users\Trololololol\Documents\Projects\0_BRZ_PARENT\0_BRZ_CAD\4_ECU_ENCLOSURES\6_STEERING_WHEEL_ECU\V2\Open CASCADE STEP translator 7.5 180
! SUMMARY-   
! SUMMARY-  Summary of Unigraphics Part Entities
! SUMMARY-   
! SUMMARY-  Entities Processed             Count
! SUMMARY-  ------------------             -----
! SUMMARY-  Solid/Sheet .................:     1
! SUMMARY-                                 -----
! SUMMARY-  Total                              1
! STATUS-   Creating the UG part (Phase 3 of 3): 21-DEC-2025  7:15:30 PM
! INFO-     Filing Part ..: C:\Users\Trololololol\Documents\Projects\0_BRZ_PARENT\0_BRZ_CAD\4_ECU_ENCLOSURES\6_STEERING_WHEEL_ECU\V2\Open CASCADE STEP translator 7.5 179
! SUMMARY-   
! SUMMARY-  Summary of Unigraphics Part Entities
! SUMMARY-   
! SUMMARY-  Entities Processed             Count
! SUMMARY-  ------------------             -----
! SUMMARY-  Solid/Sheet .................:     1
! SUMMARY-                                 -----
! SUMMARY-  Total                              1
! STATUS-   Creating the UG part (Phase 3 of 3): 21-DEC-2025  7:15:30 PM
! INFO-     Filing Part ..: C:\Users\Trololololol\Documents\Projects\0_BRZ_PARENT\0_BRZ_CAD\4_ECU_ENCLOSURES\6_STEERING_WHEEL_ECU\V2\Open CASCADE STEP translator 7.5 178
! SUMMARY-   
! SUMMARY-  Summary of Unigraphics Part Entities
! SUMMARY-   
! SUMMARY-  Entities Processed             Count
! SUMMARY-  ------------------             -----
! SUMMARY-  Solid/Sheet .................:     1
! SUMMARY-                                 -----
! SUMMARY-  Total                              1
! STATUS-   Creating the UG part (Phase 3 of 3): 21-DEC-2025  7:15:30 PM
! INFO-     Filing Part ..: C:\Users\Trololololol\Documents\Projects\0_BRZ_PARENT\0_BRZ_CAD\4_ECU_ENCLOSURES\6_STEERING_WHEEL_ECU\V2\Open CASCADE STEP translator 7.5 177
! SUMMARY-   
! SUMMARY-  Summary of Unigraphics Part Entities
! SUMMARY-   
! SUMMARY-  Entities Processed             Count
! SUMMARY-  ------------------             -----
! SUMMARY-  Solid/Sheet .................:     1
! SUMMARY-                                 -----
! SUMMARY-  Total                              1
! STATUS-   Creating the UG part (Phase 3 of 3): 21-DEC-2025  7:15:30 PM
! INFO-     Filing Part ..: C:\Users\Trololololol\Documents\Projects\0_BRZ_PARENT\0_BRZ_CAD\4_ECU_ENCLOSURES\6_STEERING_WHEEL_ECU\V2\Open CASCADE STEP translator 7.5 176
! SUMMARY-   
! SUMMARY-  Summary of Unigraphics Part Entities
! SUMMARY-   
! SUMMARY-  Entities Processed             Count
! SUMMARY-  ------------------             -----
! SUMMARY-  Solid/Sheet .................:     1
! SUMMARY-                                 -----
! SUMMARY-  Total                              1
! STATUS-   Creating the UG part (Phase 3 of 3): 21-DEC-2025  7:15:31 PM
! INFO-     Filing Part ..: C:\Users\Trololololol\Documents\Projects\0_BRZ_PARENT\0_BRZ_CAD\4_ECU_ENCLOSURES\6_STEERING_WHEEL_ECU\V2\Open CASCADE STEP translator 7.5 175
! SUMMARY-   
! SUMMARY-  Summary of Unigraphics Part Entities
! SUMMARY-   
! SUMMARY-  Entities Processed             Count
! SUMMARY-  ------------------             -----
! SUMMARY-  Solid/Sheet .................:     1
! SUMMARY-                                 -----
! SUMMARY-  Total                              1
! STATUS-   Creating the UG part (Phase 3 of 3): 21-DEC-2025  7:15:31 PM
! INFO-     Filing Part ..: C:\Users\Trololololol\Documents\Projects\0_BRZ_PARENT\0_BRZ_CAD\4_ECU_ENCLOSURES\6_STEERING_WHEEL_ECU\V2\Open CASCADE STEP translator 7.5 174
! SUMMARY-   
! SUMMARY-  Summary of Unigraphics Part Entities
! SUMMARY-   
! SUMMARY-  Entities Processed             Count
! SUMMARY-  ------------------             -----
! SUMMARY-  Solid/Sheet .................:     1
! SUMMARY-                                 -----
! SUMMARY-  Total                              1
! STATUS-   Creating the UG part (Phase 3 of 3): 21-DEC-2025  7:15:31 PM
! INFO-     Filing Part ..: C:\Users\Trololololol\Documents\Projects\0_BRZ_PARENT\0_BRZ_CAD\4_ECU_ENCLOSURES\6_STEERING_WHEEL_ECU\V2\Open CASCADE STEP translator 7.5 173
! SUMMARY-   
! SUMMARY-  Summary of Unigraphics Part Entities
! SUMMARY-   
! SUMMARY-  Entities Processed             Count
! SUMMARY-  ------------------             -----
! SUMMARY-  Solid/Sheet .................:     1
! SUMMARY-                                 -----
! SUMMARY-  Total                              1
! STATUS-   Creating the UG part (Phase 3 of 3): 21-DEC-2025  7:15:31 PM
! INFO-     Filing Part ..: C:\Users\Trololololol\Documents\Projects\0_BRZ_PARENT\0_BRZ_CAD\4_ECU_ENCLOSURES\6_STEERING_WHEEL_ECU\V2\Open CASCADE STEP translator 7.5 172
! SUMMARY-   
! SUMMARY-  Summary of Unigraphics Part Entities
! SUMMARY-   
! SUMMARY-  Entities Processed             Count
! SUMMARY-  ------------------             -----
! SUMMARY-  Solid/Sheet .................:     1
! SUMMARY-                                 -----
! SUMMARY-  Total                              1
! STATUS-   Creating the UG part (Phase 3 of 3): 21-DEC-2025  7:15:31 PM
! INFO-     Filing Part ..: C:\Users\Trololololol\Documents\Projects\0_BRZ_PARENT\0_BRZ_CAD\4_ECU_ENCLOSURES\6_STEERING_WHEEL_ECU\V2\Open CASCADE STEP translator 7.5 171
! SUMMARY-   
! SUMMARY-  Summary of Unigraphics Part Entities
! SUMMARY-   
! SUMMARY-  Entities Processed             Count
! SUMMARY-  ------------------             -----
! SUMMARY-  Solid/Sheet .................:     1
! SUMMARY-                                 -----
! SUMMARY-  Total                              1
! STATUS-   Creating the UG part (Phase 3 of 3): 21-DEC-2025  7:15:31 PM
! INFO-     Filing Part ..: C:\Users\Trololololol\Documents\Projects\0_BRZ_PARENT\0_BRZ_CAD\4_ECU_ENCLOSURES\6_STEERING_WHEEL_ECU\V2\Open CASCADE STEP translator 7.5 170
! SUMMARY-   
! SUMMARY-  Summary of Unigraphics Part Entities
! SUMMARY-   
! SUMMARY-  Entities Processed             Count
! SUMMARY-  ------------------             -----
! SUMMARY-  Solid/Sheet .................:     1
! SUMMARY-                                 -----
! SUMMARY-  Total                              1
! STATUS-   Creating the UG part (Phase 3 of 3): 21-DEC-2025  7:15:31 PM
! INFO-     Filing Part ..: C:\Users\Trololololol\Documents\Projects\0_BRZ_PARENT\0_BRZ_CAD\4_ECU_ENCLOSURES\6_STEERING_WHEEL_ECU\V2\Open CASCADE STEP translator 7.5 169
! SUMMARY-   
! SUMMARY-  Summary of Unigraphics Part Entities
! SUMMARY-   
! SUMMARY-  Entities Processed             Count
! SUMMARY-  ------------------             -----
! SUMMARY-  Solid/Sheet .................:     1
! SUMMARY-                                 -----
! SUMMARY-  Total                              1
! STATUS-   Creating the UG part (Phase 3 of 3): 21-DEC-2025  7:15:31 PM
! INFO-     Filing Part ..: C:\Users\Trololololol\Documents\Projects\0_BRZ_PARENT\0_BRZ_CAD\4_ECU_ENCLOSURES\6_STEERING_WHEEL_ECU\V2\Open CASCADE STEP translator 7.5 168
! SUMMARY-   
! SUMMARY-  Summary of Unigraphics Part Entities
! SUMMARY-   
! SUMMARY-  Entities Processed             Count
! SUMMARY-  ------------------             -----
! SUMMARY-  Solid/Sheet .................:     1
! SUMMARY-                                 -----
! SUMMARY-  Total                              1
! STATUS-   Creating the UG part (Phase 3 of 3): 21-DEC-2025  7:15:31 PM
! INFO-     Filing Part ..: C:\Users\Trololololol\Documents\Projects\0_BRZ_PARENT\0_BRZ_CAD\4_ECU_ENCLOSURES\6_STEERING_WHEEL_ECU\V2\Open CASCADE STEP translator 7.5 167
! SUMMARY-   
! SUMMARY-  Summary of Unigraphics Part Entities
! SUMMARY-   
! SUMMARY-  Entities Processed             Count
! SUMMARY-  ------------------             -----
! SUMMARY-  Solid/Sheet .................:     1
! SUMMARY-                                 -----
! SUMMARY-  Total                              1
! STATUS-   Creating the UG part (Phase 3 of 3): 21-DEC-2025  7:15:31 PM
! INFO-     Filing Part ..: C:\Users\Trololololol\Documents\Projects\0_BRZ_PARENT\0_BRZ_CAD\4_ECU_ENCLOSURES\6_STEERING_WHEEL_ECU\V2\Open CASCADE STEP translator 7.5 166
! SUMMARY-   
! SUMMARY-  Summary of Unigraphics Part Entities
! SUMMARY-   
! SUMMARY-  Entities Processed             Count
! SUMMARY-  ------------------             -----
! SUMMARY-  Solid/Sheet .................:     1
! SUMMARY-                                 -----
! SUMMARY-  Total                              1
! STATUS-   Creating the UG part (Phase 3 of 3): 21-DEC-2025  7:15:31 PM
! INFO-     Filing Part ..: C:\Users\Trololololol\Documents\Projects\0_BRZ_PARENT\0_BRZ_CAD\4_ECU_ENCLOSURES\6_STEERING_WHEEL_ECU\V2\Open CASCADE STEP translator 7.5 165
! SUMMARY-   
! SUMMARY-  Summary of Unigraphics Part Entities
! SUMMARY-   
! SUMMARY-  Entities Processed             Count
! SUMMARY-  ------------------             -----
! SUMMARY-  Solid/Sheet .................:     1
! SUMMARY-                                 -----
! SUMMARY-  Total                              1
! STATUS-   Creating the UG part (Phase 3 of 3): 21-DEC-2025  7:15:31 PM
! INFO-     Filing Part ..: C:\Users\Trololololol\Documents\Projects\0_BRZ_PARENT\0_BRZ_CAD\4_ECU_ENCLOSURES\6_STEERING_WHEEL_ECU\V2\Open CASCADE STEP translator 7.5 164
! SUMMARY-   
! SUMMARY-  Summary of Unigraphics Part Entities
! SUMMARY-   
! SUMMARY-  Entities Processed             Count
! SUMMARY-  ------------------             -----
! SUMMARY-  Solid/Sheet .................:     1
! SUMMARY-                                 -----
! SUMMARY-  Total                              1
! STATUS-   Creating the UG part (Phase 3 of 3): 21-DEC-2025  7:15:31 PM
! INFO-     Filing Part ..: C:\Users\Trololololol\Documents\Projects\0_BRZ_PARENT\0_BRZ_CAD\4_ECU_ENCLOSURES\6_STEERING_WHEEL_ECU\V2\Open CASCADE STEP translator 7.5 163
! SUMMARY-   
! SUMMARY-  Summary of Unigraphics Part Entities
! SUMMARY-   
! SUMMARY-  Entities Processed             Count
! SUMMARY-  ------------------             -----
! SUMMARY-  Solid/Sheet .................:     1
! SUMMARY-                                 -----
! SUMMARY-  Total                              1
! STATUS-   Creating the UG part (Phase 3 of 3): 21-DEC-2025  7:15:31 PM
! INFO-     Filing Part ..: C:\Users\Trololololol\Documents\Projects\0_BRZ_PARENT\0_BRZ_CAD\4_ECU_ENCLOSURES\6_STEERING_WHEEL_ECU\V2\Open CASCADE STEP translator 7.5 162
! SUMMARY-   
! SUMMARY-  Summary of Unigraphics Part Entities
! SUMMARY-   
! SUMMARY-  Entities Processed             Count
! SUMMARY-  ------------------             -----
! SUMMARY-  Solid/Sheet .................:     1
! SUMMARY-                                 -----
! SUMMARY-  Total                              1
! STATUS-   Creating the UG part (Phase 3 of 3): 21-DEC-2025  7:15:31 PM
! INFO-     Filing Part ..: C:\Users\Trololololol\Documents\Projects\0_BRZ_PARENT\0_BRZ_CAD\4_ECU_ENCLOSURES\6_STEERING_WHEEL_ECU\V2\Open CASCADE STEP translator 7.5 161
! SUMMARY-   
! SUMMARY-  Summary of Unigraphics Part Entities
! SUMMARY-   
! SUMMARY-  Entities Processed             Count
! SUMMARY-  ------------------             -----
! SUMMARY-  Solid/Sheet .................:     1
! SUMMARY-                                 -----
! SUMMARY-  Total                              1
! STATUS-   Creating the UG part (Phase 3 of 3): 21-DEC-2025  7:15:31 PM
! INFO-     Filing Part ..: C:\Users\Trololololol\Documents\Projects\0_BRZ_PARENT\0_BRZ_CAD\4_ECU_ENCLOSURES\6_STEERING_WHEEL_ECU\V2\Open CASCADE STEP translator 7.5 160
! SUMMARY-   
! SUMMARY-  Summary of Unigraphics Part Entities
! SUMMARY-   
! SUMMARY-  Entities Processed             Count
! SUMMARY-  ------------------             -----
! SUMMARY-  Solid/Sheet .................:     1
! SUMMARY-                                 -----
! SUMMARY-  Total                              1
! STATUS-   Creating the UG part (Phase 3 of 3): 21-DEC-2025  7:15:31 PM
! INFO-     Filing Part ..: C:\Users\Trololololol\Documents\Projects\0_BRZ_PARENT\0_BRZ_CAD\4_ECU_ENCLOSURES\6_STEERING_WHEEL_ECU\V2\Open CASCADE STEP translator 7.5 159
! SUMMARY-   
! SUMMARY-  Summary of Unigraphics Part Entities
! SUMMARY-   
! SUMMARY-  Entities Processed             Count
! SUMMARY-  ------------------             -----
! SUMMARY-  Solid/Sheet .................:     1
! SUMMARY-                                 -----
! SUMMARY-  Total                              1
! STATUS-   Creating the UG part (Phase 3 of 3): 21-DEC-2025  7:15:31 PM
! INFO-     Filing Part ..: C:\Users\Trololololol\Documents\Projects\0_BRZ_PARENT\0_BRZ_CAD\4_ECU_ENCLOSURES\6_STEERING_WHEEL_ECU\V2\Open CASCADE STEP translator 7.5 158
! SUMMARY-   
! SUMMARY-  Summary of Unigraphics Part Entities
! SUMMARY-   
! SUMMARY-  Entities Processed             Count
! SUMMARY-  ------------------             -----
! SUMMARY-  Solid/Sheet .................:     1
! SUMMARY-                                 -----
! SUMMARY-  Total                              1
! STATUS-   Creating the UG part (Phase 3 of 3): 21-DEC-2025  7:15:32 PM
! INFO-     Filing Part ..: C:\Users\Trololololol\Documents\Projects\0_BRZ_PARENT\0_BRZ_CAD\4_ECU_ENCLOSURES\6_STEERING_WHEEL_ECU\V2\Open CASCADE STEP translator 7.5 157
! SUMMARY-   
! SUMMARY-  Summary of Unigraphics Part Entities
! SUMMARY-   
! SUMMARY-  Entities Processed             Count
! SUMMARY-  ------------------             -----
! SUMMARY-  Solid/Sheet .................:     1
! SUMMARY-                                 -----
! SUMMARY-  Total                              1
! STATUS-   Creating the UG part (Phase 3 of 3): 21-DEC-2025  7:15:32 PM
! INFO-     Filing Part ..: C:\Users\Trololololol\Documents\Projects\0_BRZ_PARENT\0_BRZ_CAD\4_ECU_ENCLOSURES\6_STEERING_WHEEL_ECU\V2\Open CASCADE STEP translator 7.5 156
! SUMMARY-   
! SUMMARY-  Summary of Unigraphics Part Entities
! SUMMARY-   
! SUMMARY-  Entities Processed             Count
! SUMMARY-  ------------------             -----
! SUMMARY-  Solid/Sheet .................:     1
! SUMMARY-                                 -----
! SUMMARY-  Total                              1
! STATUS-   Creating the UG part (Phase 3 of 3): 21-DEC-2025  7:15:32 PM
! INFO-     Filing Part ..: C:\Users\Trololololol\Documents\Projects\0_BRZ_PARENT\0_BRZ_CAD\4_ECU_ENCLOSURES\6_STEERING_WHEEL_ECU\V2\Open CASCADE STEP translator 7.5 155
! SUMMARY-   
! SUMMARY-  Summary of Unigraphics Part Entities
! SUMMARY-   
! SUMMARY-  Entities Processed             Count
! SUMMARY-  ------------------             -----
! SUMMARY-  Solid/Sheet .................:     1
! SUMMARY-                                 -----
! SUMMARY-  Total                              1
! STATUS-   Creating the UG part (Phase 3 of 3): 21-DEC-2025  7:15:32 PM
! INFO-     Filing Part ..: C:\Users\Trololololol\Documents\Projects\0_BRZ_PARENT\0_BRZ_CAD\4_ECU_ENCLOSURES\6_STEERING_WHEEL_ECU\V2\Open CASCADE STEP translator 7.5 154
! SUMMARY-   
! SUMMARY-  Summary of Unigraphics Part Entities
! SUMMARY-   
! SUMMARY-  Entities Processed             Count
! SUMMARY-  ------------------             -----
! SUMMARY-  Solid/Sheet .................:     1
! SUMMARY-                                 -----
! SUMMARY-  Total                              1
! STATUS-   Creating the UG part (Phase 3 of 3): 21-DEC-2025  7:15:32 PM
! INFO-     Filing Part ..: C:\Users\Trololololol\Documents\Projects\0_BRZ_PARENT\0_BRZ_CAD\4_ECU_ENCLOSURES\6_STEERING_WHEEL_ECU\V2\Open CASCADE STEP translator 7.5 153
! SUMMARY-   
! SUMMARY-  Summary of Unigraphics Part Entities
! SUMMARY-   
! SUMMARY-  Entities Processed             Count
! SUMMARY-  ------------------             -----
! SUMMARY-  Solid/Sheet .................:     1
! SUMMARY-                                 -----
! SUMMARY-  Total                              1
! STATUS-   Creating the UG part (Phase 3 of 3): 21-DEC-2025  7:15:32 PM
! INFO-     Filing Part ..: C:\Users\Trololololol\Documents\Projects\0_BRZ_PARENT\0_BRZ_CAD\4_ECU_ENCLOSURES\6_STEERING_WHEEL_ECU\V2\Open CASCADE STEP translator 7.5 152
! SUMMARY-   
! SUMMARY-  Summary of Unigraphics Part Entities
! SUMMARY-   
! SUMMARY-  Entities Processed             Count
! SUMMARY-  ------------------             -----
! SUMMARY-  Solid/Sheet .................:     1
! SUMMARY-                                 -----
! SUMMARY-  Total                              1
! STATUS-   Creating the UG part (Phase 3 of 3): 21-DEC-2025  7:15:32 PM
! INFO-     Filing Part ..: C:\Users\Trololololol\Documents\Projects\0_BRZ_PARENT\0_BRZ_CAD\4_ECU_ENCLOSURES\6_STEERING_WHEEL_ECU\V2\Open CASCADE STEP translator 7.5 151
! SUMMARY-   
! SUMMARY-  Summary of Unigraphics Part Entities
! SUMMARY-   
! SUMMARY-  Entities Processed             Count
! SUMMARY-  ------------------             -----
! SUMMARY-  Solid/Sheet .................:     1
! SUMMARY-                                 -----
! SUMMARY-  Total                              1
! STATUS-   Creating the UG part (Phase 3 of 3): 21-DEC-2025  7:15:32 PM
! INFO-     Filing Part ..: C:\Users\Trololololol\Documents\Projects\0_BRZ_PARENT\0_BRZ_CAD\4_ECU_ENCLOSURES\6_STEERING_WHEEL_ECU\V2\Open CASCADE STEP translator 7.5 150
! SUMMARY-   
! SUMMARY-  Summary of Unigraphics Part Entities
! SUMMARY-   
! SUMMARY-  Entities Processed             Count
! SUMMARY-  ------------------             -----
! SUMMARY-  Solid/Sheet .................:     1
! SUMMARY-                                 -----
! SUMMARY-  Total                              1
! STATUS-   Creating the UG part (Phase 3 of 3): 21-DEC-2025  7:15:32 PM
! INFO-     Filing Part ..: C:\Users\Trololololol\Documents\Projects\0_BRZ_PARENT\0_BRZ_CAD\4_ECU_ENCLOSURES\6_STEERING_WHEEL_ECU\V2\Open CASCADE STEP translator 7.5 149
! SUMMARY-   
! SUMMARY-  Summary of Unigraphics Part Entities
! SUMMARY-   
! SUMMARY-  Entities Processed             Count
! SUMMARY-  ------------------             -----
! SUMMARY-  Solid/Sheet .................:     1
! SUMMARY-                                 -----
! SUMMARY-  Total                              1
! STATUS-   Creating the UG part (Phase 3 of 3): 21-DEC-2025  7:15:32 PM
! INFO-     Filing Part ..: C:\Users\Trololololol\Documents\Projects\0_BRZ_PARENT\0_BRZ_CAD\4_ECU_ENCLOSURES\6_STEERING_WHEEL_ECU\V2\Open CASCADE STEP translator 7.5 148
! SUMMARY-   
! SUMMARY-  Summary of Unigraphics Part Entities
! SUMMARY-   
! SUMMARY-  Entities Processed             Count
! SUMMARY-  ------------------             -----
! SUMMARY-  Solid/Sheet .................:     1
! SUMMARY-                                 -----
! SUMMARY-  Total                              1
! STATUS-   Creating the UG part (Phase 3 of 3): 21-DEC-2025  7:15:32 PM
! INFO-     Filing Part ..: C:\Users\Trololololol\Documents\Projects\0_BRZ_PARENT\0_BRZ_CAD\4_ECU_ENCLOSURES\6_STEERING_WHEEL_ECU\V2\Open CASCADE STEP translator 7.5 147
! SUMMARY-   
! SUMMARY-  Summary of Unigraphics Part Entities
! SUMMARY-   
! SUMMARY-  Entities Processed             Count
! SUMMARY-  ------------------             -----
! SUMMARY-  Solid/Sheet .................:     1
! SUMMARY-                                 -----
! SUMMARY-  Total                              1
! STATUS-   Creating the UG part (Phase 3 of 3): 21-DEC-2025  7:15:32 PM
! INFO-     Filing Part ..: C:\Users\Trololololol\Documents\Projects\0_BRZ_PARENT\0_BRZ_CAD\4_ECU_ENCLOSURES\6_STEERING_WHEEL_ECU\V2\Open CASCADE STEP translator 7.5 146
! SUMMARY-   
! SUMMARY-  Summary of Unigraphics Part Entities
! SUMMARY-   
! SUMMARY-  Entities Processed             Count
! SUMMARY-  ------------------             -----
! SUMMARY-  Solid/Sheet .................:     1
! SUMMARY-                                 -----
! SUMMARY-  Total                              1
! STATUS-   Creating the UG part (Phase 3 of 3): 21-DEC-2025  7:15:32 PM
! INFO-     Filing Part ..: C:\Users\Trololololol\Documents\Projects\0_BRZ_PARENT\0_BRZ_CAD\4_ECU_ENCLOSURES\6_STEERING_WHEEL_ECU\V2\Open CASCADE STEP translator 7.5 145
! SUMMARY-   
! SUMMARY-  Summary of Unigraphics Part Entities
! SUMMARY-   
! SUMMARY-  Entities Processed             Count
! SUMMARY-  ------------------             -----
! SUMMARY-  Solid/Sheet .................:     1
! SUMMARY-                                 -----
! SUMMARY-  Total                              1
! STATUS-   Creating the UG part (Phase 3 of 3): 21-DEC-2025  7:15:32 PM
! INFO-     Filing Part ..: C:\Users\Trololololol\Documents\Projects\0_BRZ_PARENT\0_BRZ_CAD\4_ECU_ENCLOSURES\6_STEERING_WHEEL_ECU\V2\Open CASCADE STEP translator 7.5 144
! SUMMARY-   
! SUMMARY-  Summary of Unigraphics Part Entities
! SUMMARY-   
! SUMMARY-  Entities Processed             Count
! SUMMARY-  ------------------             -----
! SUMMARY-  Solid/Sheet .................:     1
! SUMMARY-                                 -----
! SUMMARY-  Total                              1
! STATUS-   Creating the UG part (Phase 3 of 3): 21-DEC-2025  7:15:32 PM
! INFO-     Filing Part ..: C:\Users\Trololololol\Documents\Projects\0_BRZ_PARENT\0_BRZ_CAD\4_ECU_ENCLOSURES\6_STEERING_WHEEL_ECU\V2\Open CASCADE STEP translator 7.5 143
! SUMMARY-   
! SUMMARY-  Summary of Unigraphics Part Entities
! SUMMARY-   
! SUMMARY-  Entities Processed             Count
! SUMMARY-  ------------------             -----
! SUMMARY-  Solid/Sheet .................:     1
! SUMMARY-                                 -----
! SUMMARY-  Total                              1
! STATUS-   Creating the UG part (Phase 3 of 3): 21-DEC-2025  7:15:32 PM
! INFO-     Filing Part ..: C:\Users\Trololololol\Documents\Projects\0_BRZ_PARENT\0_BRZ_CAD\4_ECU_ENCLOSURES\6_STEERING_WHEEL_ECU\V2\Open CASCADE STEP translator 7.5 142
! SUMMARY-   
! SUMMARY-  Summary of Unigraphics Part Entities
! SUMMARY-   
! SUMMARY-  Entities Processed             Count
! SUMMARY-  ------------------             -----
! SUMMARY-  Solid/Sheet .................:     1
! SUMMARY-                                 -----
! SUMMARY-  Total                              1
! STATUS-   Creating the UG part (Phase 3 of 3): 21-DEC-2025  7:15:32 PM
! INFO-     Filing Part ..: C:\Users\Trololololol\Documents\Projects\0_BRZ_PARENT\0_BRZ_CAD\4_ECU_ENCLOSURES\6_STEERING_WHEEL_ECU\V2\Open CASCADE STEP translator 7.5 141
! SUMMARY-   
! SUMMARY-  Summary of Unigraphics Part Entities
! SUMMARY-   
! SUMMARY-  Entities Processed             Count
! SUMMARY-  ------------------             -----
! SUMMARY-  Solid/Sheet .................:     1
! SUMMARY-                                 -----
! SUMMARY-  Total                              1
! STATUS-   Creating the UG part (Phase 3 of 3): 21-DEC-2025  7:15:32 PM
! INFO-     Filing Part ..: C:\Users\Trololololol\Documents\Projects\0_BRZ_PARENT\0_BRZ_CAD\4_ECU_ENCLOSURES\6_STEERING_WHEEL_ECU\V2\Open CASCADE STEP translator 7.5 140
! SUMMARY-   
! SUMMARY-  Summary of Unigraphics Part Entities
! SUMMARY-   
! SUMMARY-  Entities Processed             Count
! SUMMARY-  ------------------             -----
! SUMMARY-  Solid/Sheet .................:     1
! SUMMARY-                                 -----
! SUMMARY-  Total                              1
! STATUS-   Creating the UG part (Phase 3 of 3): 21-DEC-2025  7:15:32 PM
! INFO-     Filing Part ..: C:\Users\Trololololol\Documents\Projects\0_BRZ_PARENT\0_BRZ_CAD\4_ECU_ENCLOSURES\6_STEERING_WHEEL_ECU\V2\Open CASCADE STEP translator 7.5 139
! SUMMARY-   
! SUMMARY-  Summary of Unigraphics Part Entities
! SUMMARY-   
! SUMMARY-  Entities Processed             Count
! SUMMARY-  ------------------             -----
! SUMMARY-  Solid/Sheet .................:     1
! SUMMARY-                                 -----
! SUMMARY-  Total                              1
! STATUS-   Creating the UG part (Phase 3 of 3): 21-DEC-2025  7:15:32 PM
! INFO-     Filing Part ..: C:\Users\Trololololol\Documents\Projects\0_BRZ_PARENT\0_BRZ_CAD\4_ECU_ENCLOSURES\6_STEERING_WHEEL_ECU\V2\Open CASCADE STEP translator 7.5 138
! SUMMARY-   
! SUMMARY-  Summary of Unigraphics Part Entities
! SUMMARY-   
! SUMMARY-  Entities Processed             Count
! SUMMARY-  ------------------             -----
! SUMMARY-  Solid/Sheet .................:     1
! SUMMARY-                                 -----
! SUMMARY-  Total                              1
! STATUS-   Creating the UG part (Phase 3 of 3): 21-DEC-2025  7:15:33 PM
! INFO-     Filing Part ..: C:\Users\Trololololol\Documents\Projects\0_BRZ_PARENT\0_BRZ_CAD\4_ECU_ENCLOSURES\6_STEERING_WHEEL_ECU\V2\Open CASCADE STEP translator 7.5 137
! SUMMARY-   
! SUMMARY-  Summary of Unigraphics Part Entities
! SUMMARY-   
! SUMMARY-  Entities Processed             Count
! SUMMARY-  ------------------             -----
! SUMMARY-  Solid/Sheet .................:     1
! SUMMARY-                                 -----
! SUMMARY-  Total                              1
! STATUS-   Creating the UG part (Phase 3 of 3): 21-DEC-2025  7:15:33 PM
! INFO-     Filing Part ..: C:\Users\Trololololol\Documents\Projects\0_BRZ_PARENT\0_BRZ_CAD\4_ECU_ENCLOSURES\6_STEERING_WHEEL_ECU\V2\Open CASCADE STEP translator 7.5 136
! SUMMARY-   
! SUMMARY-  Summary of Unigraphics Part Entities
! SUMMARY-   
! SUMMARY-  Entities Processed             Count
! SUMMARY-  ------------------             -----
! SUMMARY-  Solid/Sheet .................:     1
! SUMMARY-                                 -----
! SUMMARY-  Total                              1
! STATUS-   Creating the UG part (Phase 3 of 3): 21-DEC-2025  7:15:33 PM
! INFO-     Filing Part ..: C:\Users\Trololololol\Documents\Projects\0_BRZ_PARENT\0_BRZ_CAD\4_ECU_ENCLOSURES\6_STEERING_WHEEL_ECU\V2\Open CASCADE STEP translator 7.5 135
! SUMMARY-   
! SUMMARY-  Summary of Unigraphics Part Entities
! SUMMARY-   
! SUMMARY-  Entities Processed             Count
! SUMMARY-  ------------------             -----
! SUMMARY-  Solid/Sheet .................:     1
! SUMMARY-                                 -----
! SUMMARY-  Total                              1
! STATUS-   Creating the UG part (Phase 3 of 3): 21-DEC-2025  7:15:33 PM
! INFO-     Filing Part ..: C:\Users\Trololololol\Documents\Projects\0_BRZ_PARENT\0_BRZ_CAD\4_ECU_ENCLOSURES\6_STEERING_WHEEL_ECU\V2\Open CASCADE STEP translator 7.5 134
! SUMMARY-   
! SUMMARY-  Summary of Unigraphics Part Entities
! SUMMARY-   
! SUMMARY-  Entities Processed             Count
! SUMMARY-  ------------------             -----
! SUMMARY-  Solid/Sheet .................:     1
! SUMMARY-                                 -----
! SUMMARY-  Total                              1
! STATUS-   Creating the UG part (Phase 3 of 3): 21-DEC-2025  7:15:33 PM
! INFO-     Filing Part ..: C:\Users\Trololololol\Documents\Projects\0_BRZ_PARENT\0_BRZ_CAD\4_ECU_ENCLOSURES\6_STEERING_WHEEL_ECU\V2\Open CASCADE STEP translator 7.5 133
! SUMMARY-   
! SUMMARY-  Summary of Unigraphics Part Entities
! SUMMARY-   
! SUMMARY-  Entities Processed             Count
! SUMMARY-  ------------------             -----
! SUMMARY-  Solid/Sheet .................:     1
! SUMMARY-                                 -----
! SUMMARY-  Total                              1
! STATUS-   Creating the UG part (Phase 3 of 3): 21-DEC-2025  7:15:33 PM
! INFO-     Filing Part ..: C:\Users\Trololololol\Documents\Projects\0_BRZ_PARENT\0_BRZ_CAD\4_ECU_ENCLOSURES\6_STEERING_WHEEL_ECU\V2\Open CASCADE STEP translator 7.5 132
! SUMMARY-   
! SUMMARY-  Summary of Unigraphics Part Entities
! SUMMARY-   
! SUMMARY-  Entities Processed             Count
! SUMMARY-  ------------------             -----
! SUMMARY-  Solid/Sheet .................:     1
! SUMMARY-                                 -----
! SUMMARY-  Total                              1
! STATUS-   Creating the UG part (Phase 3 of 3): 21-DEC-2025  7:15:33 PM
! INFO-     Filing Part ..: C:\Users\Trololololol\Documents\Projects\0_BRZ_PARENT\0_BRZ_CAD\4_ECU_ENCLOSURES\6_STEERING_WHEEL_ECU\V2\Open CASCADE STEP translator 7.5 131
! SUMMARY-   
! SUMMARY-  Summary of Unigraphics Part Entities
! SUMMARY-   
! SUMMARY-  Entities Processed             Count
! SUMMARY-  ------------------             -----
! SUMMARY-  Solid/Sheet .................:     1
! SUMMARY-                                 -----
! SUMMARY-  Total                              1
! STATUS-   Creating the UG part (Phase 3 of 3): 21-DEC-2025  7:15:33 PM
! INFO-     Filing Part ..: C:\Users\Trololololol\Documents\Projects\0_BRZ_PARENT\0_BRZ_CAD\4_ECU_ENCLOSURES\6_STEERING_WHEEL_ECU\V2\Open CASCADE STEP translator 7.5 130
! SUMMARY-   
! SUMMARY-  Summary of Unigraphics Part Entities
! SUMMARY-   
! SUMMARY-  Entities Processed             Count
! SUMMARY-  ------------------             -----
! SUMMARY-  Solid/Sheet .................:     1
! SUMMARY-                                 -----
! SUMMARY-  Total                              1
! STATUS-   Creating the UG part (Phase 3 of 3): 21-DEC-2025  7:15:33 PM
! INFO-     Filing Part ..: C:\Users\Trololololol\Documents\Projects\0_BRZ_PARENT\0_BRZ_CAD\4_ECU_ENCLOSURES\6_STEERING_WHEEL_ECU\V2\Open CASCADE STEP translator 7.5 129
! SUMMARY-   
! SUMMARY-  Summary of Unigraphics Part Entities
! SUMMARY-   
! SUMMARY-  Entities Processed             Count
! SUMMARY-  ------------------             -----
! SUMMARY-  Solid/Sheet .................:     1
! SUMMARY-                                 -----
! SUMMARY-  Total                              1
! STATUS-   Creating the UG part (Phase 3 of 3): 21-DEC-2025  7:15:33 PM
! INFO-     Filing Part ..: C:\Users\Trololololol\Documents\Projects\0_BRZ_PARENT\0_BRZ_CAD\4_ECU_ENCLOSURES\6_STEERING_WHEEL_ECU\V2\Open CASCADE STEP translator 7.5 128
! SUMMARY-   
! SUMMARY-  Summary of Unigraphics Part Entities
! SUMMARY-   
! SUMMARY-  Entities Processed             Count
! SUMMARY-  ------------------             -----
! SUMMARY-  Solid/Sheet .................:     1
! SUMMARY-                                 -----
! SUMMARY-  Total                              1
! STATUS-   Creating the UG part (Phase 3 of 3): 21-DEC-2025  7:15:33 PM
! INFO-     Filing Part ..: C:\Users\Trololololol\Documents\Projects\0_BRZ_PARENT\0_BRZ_CAD\4_ECU_ENCLOSURES\6_STEERING_WHEEL_ECU\V2\Open CASCADE STEP translator 7.5 127
! SUMMARY-   
! SUMMARY-  Summary of Unigraphics Part Entities
! SUMMARY-   
! SUMMARY-  Entities Processed             Count
! SUMMARY-  ------------------             -----
! SUMMARY-  Solid/Sheet .................:     1
! SUMMARY-                                 -----
! SUMMARY-  Total                              1
! STATUS-   Creating the UG part (Phase 3 of 3): 21-DEC-2025  7:15:33 PM
! INFO-     Filing Part ..: C:\Users\Trololololol\Documents\Projects\0_BRZ_PARENT\0_BRZ_CAD\4_ECU_ENCLOSURES\6_STEERING_WHEEL_ECU\V2\Open CASCADE STEP translator 7.5 126
! SUMMARY-   
! SUMMARY-  Summary of Unigraphics Part Entities
! SUMMARY-   
! SUMMARY-  Entities Processed             Count
! SUMMARY-  ------------------             -----
! SUMMARY-  Solid/Sheet .................:     1
! SUMMARY-                                 -----
! SUMMARY-  Total                              1
! STATUS-   Creating the UG part (Phase 3 of 3): 21-DEC-2025  7:15:33 PM
! INFO-     Filing Part ..: C:\Users\Trololololol\Documents\Projects\0_BRZ_PARENT\0_BRZ_CAD\4_ECU_ENCLOSURES\6_STEERING_WHEEL_ECU\V2\Open CASCADE STEP translator 7.5 125
! SUMMARY-   
! SUMMARY-  Summary of Unigraphics Part Entities
! SUMMARY-   
! SUMMARY-  Entities Processed             Count
! SUMMARY-  ------------------             -----
! SUMMARY-  Solid/Sheet .................:     1
! SUMMARY-                                 -----
! SUMMARY-  Total                              1
! STATUS-   Creating the UG part (Phase 3 of 3): 21-DEC-2025  7:15:33 PM
! INFO-     Filing Part ..: C:\Users\Trololololol\Documents\Projects\0_BRZ_PARENT\0_BRZ_CAD\4_ECU_ENCLOSURES\6_STEERING_WHEEL_ECU\V2\Open CASCADE STEP translator 7.5 124
! SUMMARY-   
! SUMMARY-  Summary of Unigraphics Part Entities
! SUMMARY-   
! SUMMARY-  Entities Processed             Count
! SUMMARY-  ------------------             -----
! SUMMARY-  Solid/Sheet .................:     1
! SUMMARY-                                 -----
! SUMMARY-  Total                              1
! STATUS-   Creating the UG part (Phase 3 of 3): 21-DEC-2025  7:15:33 PM
! INFO-     Filing Part ..: C:\Users\Trololololol\Documents\Projects\0_BRZ_PARENT\0_BRZ_CAD\4_ECU_ENCLOSURES\6_STEERING_WHEEL_ECU\V2\Open CASCADE STEP translator 7.5 123
! SUMMARY-   
! SUMMARY-  Summary of Unigraphics Part Entities
! SUMMARY-   
! SUMMARY-  Entities Processed             Count
! SUMMARY-  ------------------             -----
! SUMMARY-  Solid/Sheet .................:     1
! SUMMARY-                                 -----
! SUMMARY-  Total                              1
! STATUS-   Creating the UG part (Phase 3 of 3): 21-DEC-2025  7:15:33 PM
! INFO-     Filing Part ..: C:\Users\Trololololol\Documents\Projects\0_BRZ_PARENT\0_BRZ_CAD\4_ECU_ENCLOSURES\6_STEERING_WHEEL_ECU\V2\Open CASCADE STEP translator 7.5 122
! SUMMARY-   
! SUMMARY-  Summary of Unigraphics Part Entities
! SUMMARY-   
! SUMMARY-  Entities Processed             Count
! SUMMARY-  ------------------             -----
! SUMMARY-  Solid/Sheet .................:     1
! SUMMARY-                                 -----
! SUMMARY-  Total                              1
! STATUS-   Creating the UG part (Phase 3 of 3): 21-DEC-2025  7:15:33 PM
! INFO-     Filing Part ..: C:\Users\Trololololol\Documents\Projects\0_BRZ_PARENT\0_BRZ_CAD\4_ECU_ENCLOSURES\6_STEERING_WHEEL_ECU\V2\Open CASCADE STEP translator 7.5 121
! SUMMARY-   
! SUMMARY-  Summary of Unigraphics Part Entities
! SUMMARY-   
! SUMMARY-  Entities Processed             Count
! SUMMARY-  ------------------             -----
! SUMMARY-  Solid/Sheet .................:     1
! SUMMARY-                                 -----
! SUMMARY-  Total                              1
! STATUS-   Creating the UG part (Phase 3 of 3): 21-DEC-2025  7:15:33 PM
! INFO-     Filing Part ..: C:\Users\Trololololol\Documents\Projects\0_BRZ_PARENT\0_BRZ_CAD\4_ECU_ENCLOSURES\6_STEERING_WHEEL_ECU\V2\Open CASCADE STEP translator 7.5 120
! SUMMARY-   
! SUMMARY-  Summary of Unigraphics Part Entities
! SUMMARY-   
! SUMMARY-  Entities Processed             Count
! SUMMARY-  ------------------             -----
! SUMMARY-  Solid/Sheet .................:     1
! SUMMARY-                                 -----
! SUMMARY-  Total                              1
! STATUS-   Creating the UG part (Phase 3 of 3): 21-DEC-2025  7:15:33 PM
! INFO-     Filing Part ..: C:\Users\Trololololol\Documents\Projects\0_BRZ_PARENT\0_BRZ_CAD\4_ECU_ENCLOSURES\6_STEERING_WHEEL_ECU\V2\Open CASCADE STEP translator 7.5 119
! SUMMARY-   
! SUMMARY-  Summary of Unigraphics Part Entities
! SUMMARY-   
! SUMMARY-  Entities Processed             Count
! SUMMARY-  ------------------             -----
! SUMMARY-  Solid/Sheet .................:     1
! SUMMARY-                                 -----
! SUMMARY-  Total                              1
! STATUS-   Creating the UG part (Phase 3 of 3): 21-DEC-2025  7:15:34 PM
! INFO-     Filing Part ..: C:\Users\Trololololol\Documents\Projects\0_BRZ_PARENT\0_BRZ_CAD\4_ECU_ENCLOSURES\6_STEERING_WHEEL_ECU\V2\Open CASCADE STEP translator 7.5 118
! SUMMARY-   
! SUMMARY-  Summary of Unigraphics Part Entities
! SUMMARY-   
! SUMMARY-  Entities Processed             Count
! SUMMARY-  ------------------             -----
! SUMMARY-  Solid/Sheet .................:     1
! SUMMARY-                                 -----
! SUMMARY-  Total                              1
! STATUS-   Creating the UG part (Phase 3 of 3): 21-DEC-2025  7:15:34 PM
! INFO-     Filing Part ..: C:\Users\Trololololol\Documents\Projects\0_BRZ_PARENT\0_BRZ_CAD\4_ECU_ENCLOSURES\6_STEERING_WHEEL_ECU\V2\Open CASCADE STEP translator 7.5 117
! SUMMARY-   
! SUMMARY-  Summary of Unigraphics Part Entities
! SUMMARY-   
! SUMMARY-  Entities Processed             Count
! SUMMARY-  ------------------             -----
! SUMMARY-  Solid/Sheet .................:     1
! SUMMARY-                                 -----
! SUMMARY-  Total                              1
! STATUS-   Creating the UG part (Phase 3 of 3): 21-DEC-2025  7:15:34 PM
! INFO-     Filing Part ..: C:\Users\Trololololol\Documents\Projects\0_BRZ_PARENT\0_BRZ_CAD\4_ECU_ENCLOSURES\6_STEERING_WHEEL_ECU\V2\Open CASCADE STEP translator 7.5 116
! SUMMARY-   
! SUMMARY-  Summary of Unigraphics Part Entities
! SUMMARY-   
! SUMMARY-  Entities Processed             Count
! SUMMARY-  ------------------             -----
! SUMMARY-  Solid/Sheet .................:     1
! SUMMARY-                                 -----
! SUMMARY-  Total                              1
! STATUS-   Creating the UG part (Phase 3 of 3): 21-DEC-2025  7:15:34 PM
! INFO-     Filing Part ..: C:\Users\Trololololol\Documents\Projects\0_BRZ_PARENT\0_BRZ_CAD\4_ECU_ENCLOSURES\6_STEERING_WHEEL_ECU\V2\Open CASCADE STEP translator 7.5 115
! SUMMARY-   
! SUMMARY-  Summary of Unigraphics Part Entities
! SUMMARY-   
! SUMMARY-  Entities Processed             Count
! SUMMARY-  ------------------             -----
! SUMMARY-  Solid/Sheet .................:     1
! SUMMARY-                                 -----
! SUMMARY-  Total                              1
! STATUS-   Creating the UG part (Phase 3 of 3): 21-DEC-2025  7:15:34 PM
! INFO-     Filing Part ..: C:\Users\Trololololol\Documents\Projects\0_BRZ_PARENT\0_BRZ_CAD\4_ECU_ENCLOSURES\6_STEERING_WHEEL_ECU\V2\Open CASCADE STEP translator 7.5 114
! SUMMARY-   
! SUMMARY-  Summary of Unigraphics Part Entities
! SUMMARY-   
! SUMMARY-  Entities Processed             Count
! SUMMARY-  ------------------             -----
! SUMMARY-  Solid/Sheet .................:     1
! SUMMARY-                                 -----
! SUMMARY-  Total                              1
! STATUS-   Creating the UG part (Phase 3 of 3): 21-DEC-2025  7:15:34 PM
! INFO-     Filing Part ..: C:\Users\Trololololol\Documents\Projects\0_BRZ_PARENT\0_BRZ_CAD\4_ECU_ENCLOSURES\6_STEERING_WHEEL_ECU\V2\Open CASCADE STEP translator 7.5 113
! SUMMARY-   
! SUMMARY-  Summary of Unigraphics Part Entities
! SUMMARY-   
! SUMMARY-  Entities Processed             Count
! SUMMARY-  ------------------             -----
! SUMMARY-  Solid/Sheet .................:     1
! SUMMARY-                                 -----
! SUMMARY-  Total                              1
! STATUS-   Creating the UG part (Phase 3 of 3): 21-DEC-2025  7:15:34 PM
! INFO-     Filing Part ..: C:\Users\Trololololol\Documents\Projects\0_BRZ_PARENT\0_BRZ_CAD\4_ECU_ENCLOSURES\6_STEERING_WHEEL_ECU\V2\Open CASCADE STEP translator 7.5 112
! SUMMARY-   
! SUMMARY-  Summary of Unigraphics Part Entities
! SUMMARY-   
! SUMMARY-  Entities Processed             Count
! SUMMARY-  ------------------             -----
! SUMMARY-  Solid/Sheet .................:     1
! SUMMARY-                                 -----
! SUMMARY-  Total                              1
! STATUS-   Creating the UG part (Phase 3 of 3): 21-DEC-2025  7:15:34 PM
! INFO-     Filing Part ..: C:\Users\Trololololol\Documents\Projects\0_BRZ_PARENT\0_BRZ_CAD\4_ECU_ENCLOSURES\6_STEERING_WHEEL_ECU\V2\Open CASCADE STEP translator 7.5 111
! SUMMARY-   
! SUMMARY-  Summary of Unigraphics Part Entities
! SUMMARY-   
! SUMMARY-  Entities Processed             Count
! SUMMARY-  ------------------             -----
! SUMMARY-  Solid/Sheet .................:    19
! SUMMARY-                                 -----
! SUMMARY-  Total                             19
! STATUS-   Creating the UG part (Phase 3 of 3): 21-DEC-2025  7:15:34 PM
! INFO-     Filing Part ..: C:\Users\Trololololol\Documents\Projects\0_BRZ_PARENT\0_BRZ_CAD\4_ECU_ENCLOSURES\6_STEERING_WHEEL_ECU\V2\Open CASCADE STEP translator 7.5 110
! SUMMARY-   
! SUMMARY-  Summary of Unigraphics Part Entities
! SUMMARY-   
! SUMMARY-  Entities Processed             Count
! SUMMARY-  ------------------             -----
! SUMMARY-  Solid/Sheet .................:     1
! SUMMARY-                                 -----
! SUMMARY-  Total                              1
! STATUS-   Creating the UG part (Phase 3 of 3): 21-DEC-2025  7:15:34 PM
! INFO-     Filing Part ..: C:\Users\Trololololol\Documents\Projects\0_BRZ_PARENT\0_BRZ_CAD\4_ECU_ENCLOSURES\6_STEERING_WHEEL_ECU\V2\Open CASCADE STEP translator 7.5 109
! SUMMARY-   
! SUMMARY-  Summary of Unigraphics Part Entities
! SUMMARY-   
! SUMMARY-  Entities Processed             Count
! SUMMARY-  ------------------             -----
! SUMMARY-  Solid/Sheet .................:     1
! SUMMARY-                                 -----
! SUMMARY-  Total                              1
! STATUS-   Creating the UG part (Phase 3 of 3): 21-DEC-2025  7:15:34 PM
! INFO-     Filing Part ..: C:\Users\Trololololol\Documents\Projects\0_BRZ_PARENT\0_BRZ_CAD\4_ECU_ENCLOSURES\6_STEERING_WHEEL_ECU\V2\Open CASCADE STEP translator 7.5 108
! SUMMARY-   
! SUMMARY-  Summary of Unigraphics Part Entities
! SUMMARY-   
! SUMMARY-  Entities Processed             Count
! SUMMARY-  ------------------             -----
! SUMMARY-  Solid/Sheet .................:     1
! SUMMARY-                                 -----
! SUMMARY-  Total                              1
! STATUS-   Creating the UG part (Phase 3 of 3): 21-DEC-2025  7:15:34 PM
! INFO-     Filing Part ..: C:\Users\Trololololol\Documents\Projects\0_BRZ_PARENT\0_BRZ_CAD\4_ECU_ENCLOSURES\6_STEERING_WHEEL_ECU\V2\Open CASCADE STEP translator 7.5 107
! SUMMARY-   
! SUMMARY-  Summary of Unigraphics Part Entities
! SUMMARY-   
! SUMMARY-  Entities Processed             Count
! SUMMARY-  ------------------             -----
! SUMMARY-  Solid/Sheet .................:     1
! SUMMARY-                                 -----
! SUMMARY-  Total                              1
! STATUS-   Creating the UG part (Phase 3 of 3): 21-DEC-2025  7:15:35 PM
! INFO-     Filing Part ..: C:\Users\Trololololol\Documents\Projects\0_BRZ_PARENT\0_BRZ_CAD\4_ECU_ENCLOSURES\6_STEERING_WHEEL_ECU\V2\Open CASCADE STEP translator 7.5 106
! SUMMARY-   
! SUMMARY-  Summary of Unigraphics Part Entities
! SUMMARY-   
! SUMMARY-  Entities Processed             Count
! SUMMARY-  ------------------             -----
! SUMMARY-  Solid/Sheet .................:     1
! SUMMARY-                                 -----
! SUMMARY-  Total                              1
! STATUS-   Creating the UG part (Phase 3 of 3): 21-DEC-2025  7:15:35 PM
! INFO-     Filing Part ..: C:\Users\Trololololol\Documents\Projects\0_BRZ_PARENT\0_BRZ_CAD\4_ECU_ENCLOSURES\6_STEERING_WHEEL_ECU\V2\Open CASCADE STEP translator 7.5 105
! SUMMARY-   
! SUMMARY-  Summary of Unigraphics Part Entities
! SUMMARY-   
! SUMMARY-  Entities Processed             Count
! SUMMARY-  ------------------             -----
! SUMMARY-  Solid/Sheet .................:     1
! SUMMARY-                                 -----
! SUMMARY-  Total                              1
! STATUS-   Creating the UG part (Phase 3 of 3): 21-DEC-2025  7:15:35 PM
! INFO-     Filing Part ..: C:\Users\Trololololol\Documents\Projects\0_BRZ_PARENT\0_BRZ_CAD\4_ECU_ENCLOSURES\6_STEERING_WHEEL_ECU\V2\Open CASCADE STEP translator 7.5 104
! SUMMARY-   
! SUMMARY-  Summary of Unigraphics Part Entities
! SUMMARY-   
! SUMMARY-  Entities Processed             Count
! SUMMARY-  ------------------             -----
! SUMMARY-  Solid/Sheet .................:     1
! SUMMARY-                                 -----
! SUMMARY-  Total                              1
! STATUS-   Creating the UG part (Phase 3 of 3): 21-DEC-2025  7:15:35 PM
! INFO-     Filing Part ..: C:\Users\Trololololol\Documents\Projects\0_BRZ_PARENT\0_BRZ_CAD\4_ECU_ENCLOSURES\6_STEERING_WHEEL_ECU\V2\Open CASCADE STEP translator 7.5 103
! SUMMARY-   
! SUMMARY-  Summary of Unigraphics Part Entities
! SUMMARY-   
! SUMMARY-  Entities Processed             Count
! SUMMARY-  ------------------             -----
! SUMMARY-  Solid/Sheet .................:     1
! SUMMARY-                                 -----
! SUMMARY-  Total                              1
! STATUS-   Creating the UG part (Phase 3 of 3): 21-DEC-2025  7:15:35 PM
! INFO-     Filing Part ..: C:\Users\Trololololol\Documents\Projects\0_BRZ_PARENT\0_BRZ_CAD\4_ECU_ENCLOSURES\6_STEERING_WHEEL_ECU\V2\Open CASCADE STEP translator 7.5 102
! SUMMARY-   
! SUMMARY-  Summary of Unigraphics Part Entities
! SUMMARY-   
! SUMMARY-  Entities Processed             Count
! SUMMARY-  ------------------             -----
! SUMMARY-  Solid/Sheet .................:     1
! SUMMARY-                                 -----
! SUMMARY-  Total                              1
! STATUS-   Creating the UG part (Phase 3 of 3): 21-DEC-2025  7:15:35 PM
! INFO-     Filing Part ..: C:\Users\Trololololol\Documents\Projects\0_BRZ_PARENT\0_BRZ_CAD\4_ECU_ENCLOSURES\6_STEERING_WHEEL_ECU\V2\Open CASCADE STEP translator 7.5 101
! SUMMARY-   
! SUMMARY-  Summary of Unigraphics Part Entities
! SUMMARY-   
! SUMMARY-  Entities Processed             Count
! SUMMARY-  ------------------             -----
! SUMMARY-  Solid/Sheet .................:    19
! SUMMARY-                                 -----
! SUMMARY-  Total                             19
! STATUS-   Creating the UG part (Phase 3 of 3): 21-DEC-2025  7:15:35 PM
! INFO-     Filing Part ..: C:\Users\Trololololol\Documents\Projects\0_BRZ_PARENT\0_BRZ_CAD\4_ECU_ENCLOSURES\6_STEERING_WHEEL_ECU\V2\Open CASCADE STEP translator 7.5 100
! SUMMARY-   
! SUMMARY-  Summary of Unigraphics Part Entities
! SUMMARY-   
! SUMMARY-  Entities Processed             Count
! SUMMARY-  ------------------             -----
! SUMMARY-  Solid/Sheet .................:     1
! SUMMARY-                                 -----
! SUMMARY-  Total                              1
! STATUS-   Creating the UG part (Phase 3 of 3): 21-DEC-2025  7:15:35 PM
! INFO-     Filing Part ..: C:\Users\Trololololol\Documents\Projects\0_BRZ_PARENT\0_BRZ_CAD\4_ECU_ENCLOSURES\6_STEERING_WHEEL_ECU\V2\Open CASCADE STEP translator 7.5 99
! SUMMARY-   
! SUMMARY-  Summary of Unigraphics Part Entities
! SUMMARY-   
! SUMMARY-  Entities Processed             Count
! SUMMARY-  ------------------             -----
! SUMMARY-  Solid/Sheet .................:     1
! SUMMARY-                                 -----
! SUMMARY-  Total                              1
! STATUS-   Creating the UG part (Phase 3 of 3): 21-DEC-2025  7:15:35 PM
! INFO-     Filing Part ..: C:\Users\Trololololol\Documents\Projects\0_BRZ_PARENT\0_BRZ_CAD\4_ECU_ENCLOSURES\6_STEERING_WHEEL_ECU\V2\Open CASCADE STEP translator 7.5 98
! SUMMARY-   
! SUMMARY-  Summary of Unigraphics Part Entities
! SUMMARY-   
! SUMMARY-  Entities Processed             Count
! SUMMARY-  ------------------             -----
! SUMMARY-  Solid/Sheet .................:     1
! SUMMARY-                                 -----
! SUMMARY-  Total                              1
! STATUS-   Creating the UG part (Phase 3 of 3): 21-DEC-2025  7:15:35 PM
! INFO-     Filing Part ..: C:\Users\Trololololol\Documents\Projects\0_BRZ_PARENT\0_BRZ_CAD\4_ECU_ENCLOSURES\6_STEERING_WHEEL_ECU\V2\Open CASCADE STEP translator 7.5 97
! SUMMARY-   
! SUMMARY-  Summary of Unigraphics Part Entities
! SUMMARY-   
! SUMMARY-  Entities Processed             Count
! SUMMARY-  ------------------             -----
! SUMMARY-  Solid/Sheet .................:     1
! SUMMARY-                                 -----
! SUMMARY-  Total                              1
! STATUS-   Creating the UG part (Phase 3 of 3): 21-DEC-2025  7:15:36 PM
! INFO-     Filing Part ..: C:\Users\Trololololol\Documents\Projects\0_BRZ_PARENT\0_BRZ_CAD\4_ECU_ENCLOSURES\6_STEERING_WHEEL_ECU\V2\Open CASCADE STEP translator 7.5 96
! SUMMARY-   
! SUMMARY-  Summary of Unigraphics Part Entities
! SUMMARY-   
! SUMMARY-  Entities Processed             Count
! SUMMARY-  ------------------             -----
! SUMMARY-  Solid/Sheet .................:     1
! SUMMARY-                                 -----
! SUMMARY-  Total                              1
! STATUS-   Creating the UG part (Phase 3 of 3): 21-DEC-2025  7:15:36 PM
! INFO-     Filing Part ..: C:\Users\Trololololol\Documents\Projects\0_BRZ_PARENT\0_BRZ_CAD\4_ECU_ENCLOSURES\6_STEERING_WHEEL_ECU\V2\Open CASCADE STEP translator 7.5 95
! SUMMARY-   
! SUMMARY-  Summary of Unigraphics Part Entities
! SUMMARY-   
! SUMMARY-  Entities Processed             Count
! SUMMARY-  ------------------             -----
! SUMMARY-  Solid/Sheet .................:     2
! SUMMARY-                                 -----
! SUMMARY-  Total                              2
! STATUS-   Creating the UG part (Phase 3 of 3): 21-DEC-2025  7:15:36 PM
! INFO-     Filing Part ..: C:\Users\Trololololol\Documents\Projects\0_BRZ_PARENT\0_BRZ_CAD\4_ECU_ENCLOSURES\6_STEERING_WHEEL_ECU\V2\Open CASCADE STEP translator 7.5 94
! SUMMARY-   
! SUMMARY-  Summary of Unigraphics Part Entities
! SUMMARY-   
! SUMMARY-  Entities Processed             Count
! SUMMARY-  ------------------             -----
! SUMMARY-  Solid/Sheet .................:     2
! SUMMARY-                                 -----
! SUMMARY-  Total                              2
! STATUS-   Creating the UG part (Phase 3 of 3): 21-DEC-2025  7:15:36 PM
! INFO-     Filing Part ..: C:\Users\Trololololol\Documents\Projects\0_BRZ_PARENT\0_BRZ_CAD\4_ECU_ENCLOSURES\6_STEERING_WHEEL_ECU\V2\Open CASCADE STEP translator 7.5 93
! SUMMARY-   
! SUMMARY-  Summary of Unigraphics Part Entities
! SUMMARY-   
! SUMMARY-  Entities Processed             Count
! SUMMARY-  ------------------             -----
! SUMMARY-  Solid/Sheet .................:     1
! SUMMARY-                                 -----
! SUMMARY-  Total                              1
! STATUS-   Creating the UG part (Phase 3 of 3): 21-DEC-2025  7:15:36 PM
! INFO-     Filing Part ..: C:\Users\Trololololol\Documents\Projects\0_BRZ_PARENT\0_BRZ_CAD\4_ECU_ENCLOSURES\6_STEERING_WHEEL_ECU\V2\Open CASCADE STEP translator 7.5 92
! SUMMARY-   
! SUMMARY-  Summary of Unigraphics Part Entities
! SUMMARY-   
! SUMMARY-  Entities Processed             Count
! SUMMARY-  ------------------             -----
! SUMMARY-  Solid/Sheet .................:     2
! SUMMARY-                                 -----
! SUMMARY-  Total                              2
! STATUS-   Creating the UG part (Phase 3 of 3): 21-DEC-2025  7:15:36 PM
! INFO-     Filing Part ..: C:\Users\Trololololol\Documents\Projects\0_BRZ_PARENT\0_BRZ_CAD\4_ECU_ENCLOSURES\6_STEERING_WHEEL_ECU\V2\Open CASCADE STEP translator 7.5 91
! SUMMARY-   
! SUMMARY-  Summary of Unigraphics Part Entities
! SUMMARY-   
! SUMMARY-  Entities Processed             Count
! SUMMARY-  ------------------             -----
! SUMMARY-  Solid/Sheet .................:     2
! SUMMARY-                                 -----
! SUMMARY-  Total                              2
! STATUS-   Creating the UG part (Phase 3 of 3): 21-DEC-2025  7:15:36 PM
! INFO-     Filing Part ..: C:\Users\Trololololol\Documents\Projects\0_BRZ_PARENT\0_BRZ_CAD\4_ECU_ENCLOSURES\6_STEERING_WHEEL_ECU\V2\Open CASCADE STEP translator 7.5 90
! SUMMARY-   
! SUMMARY-  Summary of Unigraphics Part Entities
! SUMMARY-   
! SUMMARY-  Entities Processed             Count
! SUMMARY-  ------------------             -----
! SUMMARY-  Solid/Sheet .................:     2
! SUMMARY-                                 -----
! SUMMARY-  Total                              2
! STATUS-   Creating the UG part (Phase 3 of 3): 21-DEC-2025  7:15:36 PM
! INFO-     Filing Part ..: C:\Users\Trololololol\Documents\Projects\0_BRZ_PARENT\0_BRZ_CAD\4_ECU_ENCLOSURES\6_STEERING_WHEEL_ECU\V2\Open CASCADE STEP translator 7.5 89
! SUMMARY-   
! SUMMARY-  Summary of Unigraphics Part Entities
! SUMMARY-   
! SUMMARY-  Entities Processed             Count
! SUMMARY-  ------------------             -----
! SUMMARY-  Solid/Sheet .................:     1
! SUMMARY-                                 -----
! SUMMARY-  Total                              1
! STATUS-   Creating the UG part (Phase 3 of 3): 21-DEC-2025  7:15:36 PM
! INFO-     Filing Part ..: C:\Users\Trololololol\Documents\Projects\0_BRZ_PARENT\0_BRZ_CAD\4_ECU_ENCLOSURES\6_STEERING_WHEEL_ECU\V2\Open CASCADE STEP translator 7.5 88
! SUMMARY-   
! SUMMARY-  Summary of Unigraphics Part Entities
! SUMMARY-   
! SUMMARY-  Entities Processed             Count
! SUMMARY-  ------------------             -----
! SUMMARY-  Solid/Sheet .................:     2
! SUMMARY-                                 -----
! SUMMARY-  Total                              2
! STATUS-   Creating the UG part (Phase 3 of 3): 21-DEC-2025  7:15:36 PM
! INFO-     Filing Part ..: C:\Users\Trololololol\Documents\Projects\0_BRZ_PARENT\0_BRZ_CAD\4_ECU_ENCLOSURES\6_STEERING_WHEEL_ECU\V2\Open CASCADE STEP translator 7.5 87
! SUMMARY-   
! SUMMARY-  Summary of Unigraphics Part Entities
! SUMMARY-   
! SUMMARY-  Entities Processed             Count
! SUMMARY-  ------------------             -----
! SUMMARY-  Solid/Sheet .................:     2
! SUMMARY-                                 -----
! SUMMARY-  Total                              2
! STATUS-   Creating the UG part (Phase 3 of 3): 21-DEC-2025  7:15:36 PM
! INFO-     Filing Part ..: C:\Users\Trololololol\Documents\Projects\0_BRZ_PARENT\0_BRZ_CAD\4_ECU_ENCLOSURES\6_STEERING_WHEEL_ECU\V2\Open CASCADE STEP translator 7.5 86
! SUMMARY-   
! SUMMARY-  Summary of Unigraphics Part Entities
! SUMMARY-   
! SUMMARY-  Entities Processed             Count
! SUMMARY-  ------------------             -----
! SUMMARY-  Solid/Sheet .................:     2
! SUMMARY-                                 -----
! SUMMARY-  Total                              2
! STATUS-   Creating the UG part (Phase 3 of 3): 21-DEC-2025  7:15:36 PM
! INFO-     Filing Part ..: C:\Users\Trololololol\Documents\Projects\0_BRZ_PARENT\0_BRZ_CAD\4_ECU_ENCLOSURES\6_STEERING_WHEEL_ECU\V2\Open CASCADE STEP translator 7.5 85
! SUMMARY-   
! SUMMARY-  Summary of Unigraphics Part Entities
! SUMMARY-   
! SUMMARY-  Entities Processed             Count
! SUMMARY-  ------------------             -----
! SUMMARY-  Solid/Sheet .................:     1
! SUMMARY-                                 -----
! SUMMARY-  Total                              1
! STATUS-   Creating the UG part (Phase 3 of 3): 21-DEC-2025  7:15:37 PM
! INFO-     Filing Part ..: C:\Users\Trololololol\Documents\Projects\0_BRZ_PARENT\0_BRZ_CAD\4_ECU_ENCLOSURES\6_STEERING_WHEEL_ECU\V2\Open CASCADE STEP translator 7.5 84
! SUMMARY-   
! SUMMARY-  Summary of Unigraphics Part Entities
! SUMMARY-   
! SUMMARY-  Entities Processed             Count
! SUMMARY-  ------------------             -----
! SUMMARY-  Solid/Sheet .................:     2
! SUMMARY-                                 -----
! SUMMARY-  Total                              2
! STATUS-   Creating the UG part (Phase 3 of 3): 21-DEC-2025  7:15:37 PM
! INFO-     Filing Part ..: C:\Users\Trololololol\Documents\Projects\0_BRZ_PARENT\0_BRZ_CAD\4_ECU_ENCLOSURES\6_STEERING_WHEEL_ECU\V2\Open CASCADE STEP translator 7.5 83
! SUMMARY-   
! SUMMARY-  Summary of Unigraphics Part Entities
! SUMMARY-   
! SUMMARY-  Entities Processed             Count
! SUMMARY-  ------------------             -----
! SUMMARY-  Solid/Sheet .................:    24
! SUMMARY-                                 -----
! SUMMARY-  Total                             24
! STATUS-   Creating the UG part (Phase 3 of 3): 21-DEC-2025  7:15:37 PM
! INFO-     Filing Part ..: C:\Users\Trololololol\Documents\Projects\0_BRZ_PARENT\0_BRZ_CAD\4_ECU_ENCLOSURES\6_STEERING_WHEEL_ECU\V2\Open CASCADE STEP translator 7.5 82
! SUMMARY-   
! SUMMARY-  Summary of Unigraphics Part Entities
! SUMMARY-   
! SUMMARY-  Entities Processed             Count
! SUMMARY-  ------------------             -----
! SUMMARY-  Solid/Sheet .................:    50
! SUMMARY-                                 -----
! SUMMARY-  Total                             50
! STATUS-   Creating the UG part (Phase 3 of 3): 21-DEC-2025  7:15:37 PM
! INFO-     Filing Part ..: C:\Users\Trololololol\Documents\Projects\0_BRZ_PARENT\0_BRZ_CAD\4_ECU_ENCLOSURES\6_STEERING_WHEEL_ECU\V2\Open CASCADE STEP translator 7.5 81
! SUMMARY-   
! SUMMARY-  Summary of Unigraphics Part Entities
! SUMMARY-   
! SUMMARY-  Entities Processed             Count
! SUMMARY-  ------------------             -----
! SUMMARY-  Solid/Sheet .................:    50
! SUMMARY-                                 -----
! SUMMARY-  Total                             50
! STATUS-   Creating the UG part (Phase 3 of 3): 21-DEC-2025  7:15:38 PM
! INFO-     Filing Part ..: C:\Users\Trololololol\Documents\Projects\0_BRZ_PARENT\0_BRZ_CAD\4_ECU_ENCLOSURES\6_STEERING_WHEEL_ECU\V2\Open CASCADE STEP translator 7.5 80
! SUMMARY-   
! SUMMARY-  Summary of Unigraphics Part Entities
! SUMMARY-   
! SUMMARY-  Entities Processed             Count
! SUMMARY-  ------------------             -----
! SUMMARY-  Solid/Sheet .................:     1
! SUMMARY-                                 -----
! SUMMARY-  Total                              1
! STATUS-   Creating the UG part (Phase 3 of 3): 21-DEC-2025  7:15:38 PM
! INFO-     Filing Part ..: C:\Users\Trololololol\Documents\Projects\0_BRZ_PARENT\0_BRZ_CAD\4_ECU_ENCLOSURES\6_STEERING_WHEEL_ECU\V2\Open CASCADE STEP translator 7.5 79
! SUMMARY-   
! SUMMARY-  Summary of Unigraphics Part Entities
! SUMMARY-   
! SUMMARY-  Entities Processed             Count
! SUMMARY-  ------------------             -----
! SUMMARY-  Solid/Sheet .................:     1
! SUMMARY-                                 -----
! SUMMARY-  Total                              1
! STATUS-   Creating the UG part (Phase 3 of 3): 21-DEC-2025  7:15:38 PM
! INFO-     Filing Part ..: C:\Users\Trololololol\Documents\Projects\0_BRZ_PARENT\0_BRZ_CAD\4_ECU_ENCLOSURES\6_STEERING_WHEEL_ECU\V2\Open CASCADE STEP translator 7.5 78
! SUMMARY-   
! SUMMARY-  Summary of Unigraphics Part Entities
! SUMMARY-   
! SUMMARY-  Entities Processed             Count
! SUMMARY-  ------------------             -----
! SUMMARY-  Solid/Sheet .................:     1
! SUMMARY-                                 -----
! SUMMARY-  Total                              1
! STATUS-   Creating the UG part (Phase 3 of 3): 21-DEC-2025  7:15:38 PM
! INFO-     Filing Part ..: C:\Users\Trololololol\Documents\Projects\0_BRZ_PARENT\0_BRZ_CAD\4_ECU_ENCLOSURES\6_STEERING_WHEEL_ECU\V2\Open CASCADE STEP translator 7.5 77
! SUMMARY-   
! SUMMARY-  Summary of Unigraphics Part Entities
! SUMMARY-   
! SUMMARY-  Entities Processed             Count
! SUMMARY-  ------------------             -----
! SUMMARY-  Solid/Sheet .................:    11
! SUMMARY-                                 -----
! SUMMARY-  Total                             11
! STATUS-   Creating the UG part (Phase 3 of 3): 21-DEC-2025  7:15:38 PM
! INFO-     Filing Part ..: C:\Users\Trololololol\Documents\Projects\0_BRZ_PARENT\0_BRZ_CAD\4_ECU_ENCLOSURES\6_STEERING_WHEEL_ECU\V2\Open CASCADE STEP translator 7.5 76
! SUMMARY-   
! SUMMARY-  Summary of Unigraphics Part Entities
! SUMMARY-   
! SUMMARY-  Entities Processed             Count
! SUMMARY-  ------------------             -----
! SUMMARY-  Solid/Sheet .................:     1
! SUMMARY-                                 -----
! SUMMARY-  Total                              1
! STATUS-   Creating the UG part (Phase 3 of 3): 21-DEC-2025  7:15:39 PM
! INFO-     Filing Part ..: C:\Users\Trololololol\Documents\Projects\0_BRZ_PARENT\0_BRZ_CAD\4_ECU_ENCLOSURES\6_STEERING_WHEEL_ECU\V2\Open CASCADE STEP translator 7.5 75
! SUMMARY-   
! SUMMARY-  Summary of Unigraphics Part Entities
! SUMMARY-   
! SUMMARY-  Entities Processed             Count
! SUMMARY-  ------------------             -----
! SUMMARY-  Solid/Sheet .................:     1
! SUMMARY-                                 -----
! SUMMARY-  Total                              1
! STATUS-   Creating the UG part (Phase 3 of 3): 21-DEC-2025  7:15:39 PM
! INFO-     Filing Part ..: C:\Users\Trololololol\Documents\Projects\0_BRZ_PARENT\0_BRZ_CAD\4_ECU_ENCLOSURES\6_STEERING_WHEEL_ECU\V2\Open CASCADE STEP translator 7.5 74
! SUMMARY-   
! SUMMARY-  Summary of Unigraphics Part Entities
! SUMMARY-   
! SUMMARY-  Entities Processed             Count
! SUMMARY-  ------------------             -----
! SUMMARY-  Solid/Sheet .................:     4
! SUMMARY-                                 -----
! SUMMARY-  Total                              4
! STATUS-   Creating the UG part (Phase 3 of 3): 21-DEC-2025  7:15:39 PM
! INFO-     Filing Part ..: C:\Users\Trololololol\Documents\Projects\0_BRZ_PARENT\0_BRZ_CAD\4_ECU_ENCLOSURES\6_STEERING_WHEEL_ECU\V2\Open CASCADE STEP translator 7.5 73
! SUMMARY-   
! SUMMARY-  Summary of Unigraphics Part Entities
! SUMMARY-   
! SUMMARY-  Entities Processed             Count
! SUMMARY-  ------------------             -----
! SUMMARY-  Solid/Sheet .................:     1
! SUMMARY-                                 -----
! SUMMARY-  Total                              1
! STATUS-   Creating the UG part (Phase 3 of 3): 21-DEC-2025  7:15:39 PM
! INFO-     Filing Part ..: C:\Users\Trololololol\Documents\Projects\0_BRZ_PARENT\0_BRZ_CAD\4_ECU_ENCLOSURES\6_STEERING_WHEEL_ECU\V2\Open CASCADE STEP translator 7.5 72
! SUMMARY-   
! SUMMARY-  Summary of Unigraphics Part Entities
! SUMMARY-   
! SUMMARY-  Entities Processed             Count
! SUMMARY-  ------------------             -----
! SUMMARY-  Solid/Sheet .................:    19
! SUMMARY-                                 -----
! SUMMARY-  Total                             19
! STATUS-   Creating the UG part (Phase 3 of 3): 21-DEC-2025  7:15:39 PM
! INFO-     Filing Part ..: C:\Users\Trololololol\Documents\Projects\0_BRZ_PARENT\0_BRZ_CAD\4_ECU_ENCLOSURES\6_STEERING_WHEEL_ECU\V2\Open CASCADE STEP translator 7.5 71
! SUMMARY-   
! SUMMARY-  Summary of Unigraphics Part Entities
! SUMMARY-   
! SUMMARY-  Entities Processed             Count
! SUMMARY-  ------------------             -----
! SUMMARY-  Solid/Sheet .................:     3
! SUMMARY-                                 -----
! SUMMARY-  Total                              3
! STATUS-   Creating the UG part (Phase 3 of 3): 21-DEC-2025  7:15:39 PM
! INFO-     Filing Part ..: C:\Users\Trololololol\Documents\Projects\0_BRZ_PARENT\0_BRZ_CAD\4_ECU_ENCLOSURES\6_STEERING_WHEEL_ECU\V2\Open CASCADE STEP translator 7.5 70
! SUMMARY-   
! SUMMARY-  Summary of Unigraphics Part Entities
! SUMMARY-   
! SUMMARY-  Entities Processed             Count
! SUMMARY-  ------------------             -----
! SUMMARY-  Solid/Sheet .................:     1
! SUMMARY-                                 -----
! SUMMARY-  Total                              1
! STATUS-   Creating the UG part (Phase 3 of 3): 21-DEC-2025  7:15:39 PM
! INFO-     Filing Part ..: C:\Users\Trololololol\Documents\Projects\0_BRZ_PARENT\0_BRZ_CAD\4_ECU_ENCLOSURES\6_STEERING_WHEEL_ECU\V2\Open CASCADE STEP translator 7.5 69
! SUMMARY-   
! SUMMARY-  Summary of Unigraphics Part Entities
! SUMMARY-   
! SUMMARY-  Entities Processed             Count
! SUMMARY-  ------------------             -----
! SUMMARY-  Solid/Sheet .................:     1
! SUMMARY-                                 -----
! SUMMARY-  Total                              1
! STATUS-   Creating the UG part (Phase 3 of 3): 21-DEC-2025  7:15:39 PM
! INFO-     Filing Part ..: C:\Users\Trololololol\Documents\Projects\0_BRZ_PARENT\0_BRZ_CAD\4_ECU_ENCLOSURES\6_STEERING_WHEEL_ECU\V2\Open CASCADE STEP translator 7.5 68
! SUMMARY-   
! SUMMARY-  Summary of Unigraphics Part Entities
! SUMMARY-   
! SUMMARY-  Entities Processed             Count
! SUMMARY-  ------------------             -----
! SUMMARY-  Solid/Sheet .................:     1
! SUMMARY-                                 -----
! SUMMARY-  Total                              1
! STATUS-   Creating the UG part (Phase 3 of 3): 21-DEC-2025  7:15:39 PM
! INFO-     Filing Part ..: C:\Users\Trololololol\Documents\Projects\0_BRZ_PARENT\0_BRZ_CAD\4_ECU_ENCLOSURES\6_STEERING_WHEEL_ECU\V2\Open CASCADE STEP translator 7.5 67
! SUMMARY-   
! SUMMARY-  Summary of Unigraphics Part Entities
! SUMMARY-   
! SUMMARY-  Entities Processed             Count
! SUMMARY-  ------------------             -----
! SUMMARY-  Solid/Sheet .................:     8
! SUMMARY-                                 -----
! SUMMARY-  Total                              8
! STATUS-   Creating the UG part (Phase 3 of 3): 21-DEC-2025  7:15:39 PM
! INFO-     Filing Part ..: C:\Users\Trololololol\Documents\Projects\0_BRZ_PARENT\0_BRZ_CAD\4_ECU_ENCLOSURES\6_STEERING_WHEEL_ECU\V2\Open CASCADE STEP translator 7.5 66
! SUMMARY-   
! SUMMARY-  Summary of Unigraphics Part Entities
! SUMMARY-   
! SUMMARY-  Entities Processed             Count
! SUMMARY-  ------------------             -----
! SUMMARY-  Solid/Sheet .................:     1
! SUMMARY-                                 -----
! SUMMARY-  Total                              1
! STATUS-   Creating the UG part (Phase 3 of 3): 21-DEC-2025  7:15:39 PM
! INFO-     Filing Part ..: C:\Users\Trololololol\Documents\Projects\0_BRZ_PARENT\0_BRZ_CAD\4_ECU_ENCLOSURES\6_STEERING_WHEEL_ECU\V2\Open CASCADE STEP translator 7.5 65
! SUMMARY-   
! SUMMARY-  Summary of Unigraphics Part Entities
! SUMMARY-   
! SUMMARY-  Entities Processed             Count
! SUMMARY-  ------------------             -----
! SUMMARY-  Solid/Sheet .................:     1
! SUMMARY-                                 -----
! SUMMARY-  Total                              1
! STATUS-   Creating the UG part (Phase 3 of 3): 21-DEC-2025  7:15:40 PM
! INFO-     Filing Part ..: C:\Users\Trololololol\Documents\Projects\0_BRZ_PARENT\0_BRZ_CAD\4_ECU_ENCLOSURES\6_STEERING_WHEEL_ECU\V2\Open CASCADE STEP translator 7.5 64
! SUMMARY-   
! SUMMARY-  Summary of Unigraphics Part Entities
! SUMMARY-   
! SUMMARY-  Entities Processed             Count
! SUMMARY-  ------------------             -----
! SUMMARY-  Solid/Sheet .................:     8
! SUMMARY-                                 -----
! SUMMARY-  Total                              8
! STATUS-   Creating the UG part (Phase 3 of 3): 21-DEC-2025  7:15:40 PM
! INFO-     Filing Part ..: C:\Users\Trololololol\Documents\Projects\0_BRZ_PARENT\0_BRZ_CAD\4_ECU_ENCLOSURES\6_STEERING_WHEEL_ECU\V2\Open CASCADE STEP translator 7.5 63
! SUMMARY-   
! SUMMARY-  Summary of Unigraphics Part Entities
! SUMMARY-   
! SUMMARY-  Entities Processed             Count
! SUMMARY-  ------------------             -----
! SUMMARY-  Solid/Sheet .................:     1
! SUMMARY-                                 -----
! SUMMARY-  Total                              1
! STATUS-   Creating the UG part (Phase 3 of 3): 21-DEC-2025  7:15:40 PM
! INFO-     Filing Part ..: C:\Users\Trololololol\Documents\Projects\0_BRZ_PARENT\0_BRZ_CAD\4_ECU_ENCLOSURES\6_STEERING_WHEEL_ECU\V2\Open CASCADE STEP translator 7.5 62
! SUMMARY-   
! SUMMARY-  Summary of Unigraphics Part Entities
! SUMMARY-   
! SUMMARY-  Entities Processed             Count
! SUMMARY-  ------------------             -----
! SUMMARY-  Solid/Sheet .................:    16
! SUMMARY-                                 -----
! SUMMARY-  Total                             16
! STATUS-   Creating the UG part (Phase 3 of 3): 21-DEC-2025  7:15:40 PM
! INFO-     Filing Part ..: C:\Users\Trololololol\Documents\Projects\0_BRZ_PARENT\0_BRZ_CAD\4_ECU_ENCLOSURES\6_STEERING_WHEEL_ECU\V2\Open CASCADE STEP translator 7.5 61
! SUMMARY-   
! SUMMARY-  Summary of Unigraphics Part Entities
! SUMMARY-   
! SUMMARY-  Entities Processed             Count
! SUMMARY-  ------------------             -----
! SUMMARY-  Solid/Sheet .................:    27
! SUMMARY-                                 -----
! SUMMARY-  Total                             27
! STATUS-   Creating the UG part (Phase 3 of 3): 21-DEC-2025  7:15:41 PM
! INFO-     Filing Part ..: C:\Users\Trololololol\Documents\Projects\0_BRZ_PARENT\0_BRZ_CAD\4_ECU_ENCLOSURES\6_STEERING_WHEEL_ECU\V2\Open CASCADE STEP translator 7.5 60
! SUMMARY-   
! SUMMARY-  Summary of Unigraphics Part Entities
! SUMMARY-   
! SUMMARY-  Entities Processed             Count
! SUMMARY-  ------------------             -----
! SUMMARY-  Solid/Sheet .................:     5
! SUMMARY-                                 -----
! SUMMARY-  Total                              5
! STATUS-   Creating the UG part (Phase 3 of 3): 21-DEC-2025  7:15:41 PM
! INFO-     Filing Part ..: C:\Users\Trololololol\Documents\Projects\0_BRZ_PARENT\0_BRZ_CAD\4_ECU_ENCLOSURES\6_STEERING_WHEEL_ECU\V2\Open CASCADE STEP translator 7.5 59
! SUMMARY-   
! SUMMARY-  Summary of Unigraphics Part Entities
! SUMMARY-   
! SUMMARY-  Entities Processed             Count
! SUMMARY-  ------------------             -----
! SUMMARY-  Solid/Sheet .................:     1
! SUMMARY-                                 -----
! SUMMARY-  Total                              1
! STATUS-   Creating the UG part (Phase 3 of 3): 21-DEC-2025  7:15:41 PM
! INFO-     Filing Part ..: C:\Users\Trololololol\Documents\Projects\0_BRZ_PARENT\0_BRZ_CAD\4_ECU_ENCLOSURES\6_STEERING_WHEEL_ECU\V2\Open CASCADE STEP translator 7.5 58
! SUMMARY-   
! SUMMARY-  Summary of Unigraphics Part Entities
! SUMMARY-   
! SUMMARY-  Entities Processed             Count
! SUMMARY-  ------------------             -----
! SUMMARY-  Solid/Sheet .................:     1
! SUMMARY-                                 -----
! SUMMARY-  Total                              1
! STATUS-   Creating the UG part (Phase 3 of 3): 21-DEC-2025  7:15:41 PM
! INFO-     Filing Part ..: C:\Users\Trololololol\Documents\Projects\0_BRZ_PARENT\0_BRZ_CAD\4_ECU_ENCLOSURES\6_STEERING_WHEEL_ECU\V2\Open CASCADE STEP translator 7.5 57
! SUMMARY-   
! SUMMARY-  Summary of Unigraphics Part Entities
! SUMMARY-   
! SUMMARY-  Entities Processed             Count
! SUMMARY-  ------------------             -----
! SUMMARY-  Solid/Sheet .................:     1
! SUMMARY-                                 -----
! SUMMARY-  Total                              1
! STATUS-   Creating the UG part (Phase 3 of 3): 21-DEC-2025  7:15:41 PM
! INFO-     Filing Part ..: C:\Users\Trololololol\Documents\Projects\0_BRZ_PARENT\0_BRZ_CAD\4_ECU_ENCLOSURES\6_STEERING_WHEEL_ECU\V2\Open CASCADE STEP translator 7.5 56
! SUMMARY-   
! SUMMARY-  Summary of Unigraphics Part Entities
! SUMMARY-   
! SUMMARY-  Entities Processed             Count
! SUMMARY-  ------------------             -----
! SUMMARY-  Solid/Sheet .................:     1
! SUMMARY-                                 -----
! SUMMARY-  Total                              1
! STATUS-   Creating the UG part (Phase 3 of 3): 21-DEC-2025  7:15:41 PM
! INFO-     Filing Part ..: C:\Users\Trololololol\Documents\Projects\0_BRZ_PARENT\0_BRZ_CAD\4_ECU_ENCLOSURES\6_STEERING_WHEEL_ECU\V2\Open CASCADE STEP translator 7.5 55
! SUMMARY-   
! SUMMARY-  Summary of Unigraphics Part Entities
! SUMMARY-   
! SUMMARY-  Entities Processed             Count
! SUMMARY-  ------------------             -----
! SUMMARY-  Solid/Sheet .................:     1
! SUMMARY-                                 -----
! SUMMARY-  Total                              1
! STATUS-   Creating the UG part (Phase 3 of 3): 21-DEC-2025  7:15:41 PM
! INFO-     Filing Part ..: C:\Users\Trololololol\Documents\Projects\0_BRZ_PARENT\0_BRZ_CAD\4_ECU_ENCLOSURES\6_STEERING_WHEEL_ECU\V2\Open CASCADE STEP translator 7.5 54
! SUMMARY-   
! SUMMARY-  Summary of Unigraphics Part Entities
! SUMMARY-   
! SUMMARY-  Entities Processed             Count
! SUMMARY-  ------------------             -----
! SUMMARY-  Solid/Sheet .................:     1
! SUMMARY-                                 -----
! SUMMARY-  Total                              1
! STATUS-   Creating the UG part (Phase 3 of 3): 21-DEC-2025  7:15:41 PM
! INFO-     Filing Part ..: C:\Users\Trololololol\Documents\Projects\0_BRZ_PARENT\0_BRZ_CAD\4_ECU_ENCLOSURES\6_STEERING_WHEEL_ECU\V2\Open CASCADE STEP translator 7.5 53
! SUMMARY-   
! SUMMARY-  Summary of Unigraphics Part Entities
! SUMMARY-   
! SUMMARY-  Entities Processed             Count
! SUMMARY-  ------------------             -----
! SUMMARY-  Solid/Sheet .................:     1
! SUMMARY-                                 -----
! SUMMARY-  Total                              1
! STATUS-   Creating the UG part (Phase 3 of 3): 21-DEC-2025  7:15:41 PM
! INFO-     Filing Part ..: C:\Users\Trololololol\Documents\Projects\0_BRZ_PARENT\0_BRZ_CAD\4_ECU_ENCLOSURES\6_STEERING_WHEEL_ECU\V2\Open CASCADE STEP translator 7.5 52
! SUMMARY-   
! SUMMARY-  Summary of Unigraphics Part Entities
! SUMMARY-   
! SUMMARY-  Entities Processed             Count
! SUMMARY-  ------------------             -----
! SUMMARY-  Solid/Sheet .................:     1
! SUMMARY-                                 -----
! SUMMARY-  Total                              1
! STATUS-   Creating the UG part (Phase 3 of 3): 21-DEC-2025  7:15:41 PM
! INFO-     Filing Part ..: C:\Users\Trololololol\Documents\Projects\0_BRZ_PARENT\0_BRZ_CAD\4_ECU_ENCLOSURES\6_STEERING_WHEEL_ECU\V2\Open CASCADE STEP translator 7.5 51
! SUMMARY-   
! SUMMARY-  Summary of Unigraphics Part Entities
! SUMMARY-   
! SUMMARY-  Entities Processed             Count
! SUMMARY-  ------------------             -----
! SUMMARY-  Solid/Sheet .................:     1
! SUMMARY-                                 -----
! SUMMARY-  Total                              1
! STATUS-   Creating the UG part (Phase 3 of 3): 21-DEC-2025  7:15:41 PM
! INFO-     Filing Part ..: C:\Users\Trololololol\Documents\Projects\0_BRZ_PARENT\0_BRZ_CAD\4_ECU_ENCLOSURES\6_STEERING_WHEEL_ECU\V2\Open CASCADE STEP translator 7.5 50
! SUMMARY-   
! SUMMARY-  Summary of Unigraphics Part Entities
! SUMMARY-   
! SUMMARY-  Entities Processed             Count
! SUMMARY-  ------------------             -----
! SUMMARY-  Solid/Sheet .................:     1
! SUMMARY-                                 -----
! SUMMARY-  Total                              1
! STATUS-   Creating the UG part (Phase 3 of 3): 21-DEC-2025  7:15:41 PM
! INFO-     Filing Part ..: C:\Users\Trololololol\Documents\Projects\0_BRZ_PARENT\0_BRZ_CAD\4_ECU_ENCLOSURES\6_STEERING_WHEEL_ECU\V2\Open CASCADE STEP translator 7.5 49
! SUMMARY-   
! SUMMARY-  Summary of Unigraphics Part Entities
! SUMMARY-   
! SUMMARY-  Entities Processed             Count
! SUMMARY-  ------------------             -----
! SUMMARY-  Solid/Sheet .................:     1
! SUMMARY-                                 -----
! SUMMARY-  Total                              1
! STATUS-   Creating the UG part (Phase 3 of 3): 21-DEC-2025  7:15:41 PM
! INFO-     Filing Part ..: C:\Users\Trololololol\Documents\Projects\0_BRZ_PARENT\0_BRZ_CAD\4_ECU_ENCLOSURES\6_STEERING_WHEEL_ECU\V2\Open CASCADE STEP translator 7.5 48
! SUMMARY-   
! SUMMARY-  Summary of Unigraphics Part Entities
! SUMMARY-   
! SUMMARY-  Entities Processed             Count
! SUMMARY-  ------------------             -----
! SUMMARY-  Solid/Sheet .................:     1
! SUMMARY-                                 -----
! SUMMARY-  Total                              1
! STATUS-   Creating the UG part (Phase 3 of 3): 21-DEC-2025  7:15:41 PM
! INFO-     Filing Part ..: C:\Users\Trololololol\Documents\Projects\0_BRZ_PARENT\0_BRZ_CAD\4_ECU_ENCLOSURES\6_STEERING_WHEEL_ECU\V2\Open CASCADE STEP translator 7.5 47
! SUMMARY-   
! SUMMARY-  Summary of Unigraphics Part Entities
! SUMMARY-   
! SUMMARY-  Entities Processed             Count
! SUMMARY-  ------------------             -----
! SUMMARY-  Solid/Sheet .................:     1
! SUMMARY-                                 -----
! SUMMARY-  Total                              1
! STATUS-   Creating the UG part (Phase 3 of 3): 21-DEC-2025  7:15:41 PM
! INFO-     Filing Part ..: C:\Users\Trololololol\Documents\Projects\0_BRZ_PARENT\0_BRZ_CAD\4_ECU_ENCLOSURES\6_STEERING_WHEEL_ECU\V2\Open CASCADE STEP translator 7.5 46
! SUMMARY-   
! SUMMARY-  Summary of Unigraphics Part Entities
! SUMMARY-   
! SUMMARY-  Entities Processed             Count
! SUMMARY-  ------------------             -----
! SUMMARY-  Solid/Sheet .................:     1
! SUMMARY-                                 -----
! SUMMARY-  Total                              1
! STATUS-   Creating the UG part (Phase 3 of 3): 21-DEC-2025  7:15:42 PM
! INFO-     Filing Part ..: C:\Users\Trololololol\Documents\Projects\0_BRZ_PARENT\0_BRZ_CAD\4_ECU_ENCLOSURES\6_STEERING_WHEEL_ECU\V2\Open CASCADE STEP translator 7.5 45
! SUMMARY-   
! SUMMARY-  Summary of Unigraphics Part Entities
! SUMMARY-   
! SUMMARY-  Entities Processed             Count
! SUMMARY-  ------------------             -----
! SUMMARY-  Solid/Sheet .................:     1
! SUMMARY-                                 -----
! SUMMARY-  Total                              1
! STATUS-   Creating the UG part (Phase 3 of 3): 21-DEC-2025  7:15:42 PM
! INFO-     Filing Part ..: C:\Users\Trololololol\Documents\Projects\0_BRZ_PARENT\0_BRZ_CAD\4_ECU_ENCLOSURES\6_STEERING_WHEEL_ECU\V2\Open CASCADE STEP translator 7.5 44
! SUMMARY-   
! SUMMARY-  Summary of Unigraphics Part Entities
! SUMMARY-   
! SUMMARY-  Entities Processed             Count
! SUMMARY-  ------------------             -----
! SUMMARY-  Solid/Sheet .................:     1
! SUMMARY-                                 -----
! SUMMARY-  Total                              1
! STATUS-   Creating the UG part (Phase 3 of 3): 21-DEC-2025  7:15:42 PM
! INFO-     Filing Part ..: C:\Users\Trololololol\Documents\Projects\0_BRZ_PARENT\0_BRZ_CAD\4_ECU_ENCLOSURES\6_STEERING_WHEEL_ECU\V2\Open CASCADE STEP translator 7.5 43
! SUMMARY-   
! SUMMARY-  Summary of Unigraphics Part Entities
! SUMMARY-   
! SUMMARY-  Entities Processed             Count
! SUMMARY-  ------------------             -----
! SUMMARY-  Solid/Sheet .................:     1
! SUMMARY-                                 -----
! SUMMARY-  Total                              1
! STATUS-   Creating the UG part (Phase 3 of 3): 21-DEC-2025  7:15:42 PM
! INFO-     Filing Part ..: C:\Users\Trololololol\Documents\Projects\0_BRZ_PARENT\0_BRZ_CAD\4_ECU_ENCLOSURES\6_STEERING_WHEEL_ECU\V2\Open CASCADE STEP translator 7.5 42
! SUMMARY-   
! SUMMARY-  Summary of Unigraphics Part Entities
! SUMMARY-   
! SUMMARY-  Entities Processed             Count
! SUMMARY-  ------------------             -----
! SUMMARY-  Solid/Sheet .................:     1
! SUMMARY-                                 -----
! SUMMARY-  Total                              1
! STATUS-   Creating the UG part (Phase 3 of 3): 21-DEC-2025  7:15:42 PM
! INFO-     Filing Part ..: C:\Users\Trololololol\Documents\Projects\0_BRZ_PARENT\0_BRZ_CAD\4_ECU_ENCLOSURES\6_STEERING_WHEEL_ECU\V2\Open CASCADE STEP translator 7.5 41
! SUMMARY-   
! SUMMARY-  Summary of Unigraphics Part Entities
! SUMMARY-   
! SUMMARY-  Entities Processed             Count
! SUMMARY-  ------------------             -----
! SUMMARY-  Solid/Sheet .................:     1
! SUMMARY-                                 -----
! SUMMARY-  Total                              1
! STATUS-   Creating the UG part (Phase 3 of 3): 21-DEC-2025  7:15:42 PM
! INFO-     Filing Part ..: C:\Users\Trololololol\Documents\Projects\0_BRZ_PARENT\0_BRZ_CAD\4_ECU_ENCLOSURES\6_STEERING_WHEEL_ECU\V2\Open CASCADE STEP translator 7.5 40
! SUMMARY-   
! SUMMARY-  Summary of Unigraphics Part Entities
! SUMMARY-   
! SUMMARY-  Entities Processed             Count
! SUMMARY-  ------------------             -----
! SUMMARY-  Solid/Sheet .................:     1
! SUMMARY-                                 -----
! SUMMARY-  Total                              1
! STATUS-   Creating the UG part (Phase 3 of 3): 21-DEC-2025  7:15:42 PM
! INFO-     Filing Part ..: C:\Users\Trololololol\Documents\Projects\0_BRZ_PARENT\0_BRZ_CAD\4_ECU_ENCLOSURES\6_STEERING_WHEEL_ECU\V2\Open CASCADE STEP translator 7.5 39
! SUMMARY-   
! SUMMARY-  Summary of Unigraphics Part Entities
! SUMMARY-   
! SUMMARY-  Entities Processed             Count
! SUMMARY-  ------------------             -----
! SUMMARY-  Solid/Sheet .................:     1
! SUMMARY-                                 -----
! SUMMARY-  Total                              1
! STATUS-   Creating the UG part (Phase 3 of 3): 21-DEC-2025  7:15:42 PM
! INFO-     Filing Part ..: C:\Users\Trololololol\Documents\Projects\0_BRZ_PARENT\0_BRZ_CAD\4_ECU_ENCLOSURES\6_STEERING_WHEEL_ECU\V2\Open CASCADE STEP translator 7.5 38
! SUMMARY-   
! SUMMARY-  Summary of Unigraphics Part Entities
! SUMMARY-   
! SUMMARY-  Entities Processed             Count
! SUMMARY-  ------------------             -----
! SUMMARY-  Solid/Sheet .................:     1
! SUMMARY-                                 -----
! SUMMARY-  Total                              1
! STATUS-   Creating the UG part (Phase 3 of 3): 21-DEC-2025  7:15:42 PM
! INFO-     Filing Part ..: C:\Users\Trololololol\Documents\Projects\0_BRZ_PARENT\0_BRZ_CAD\4_ECU_ENCLOSURES\6_STEERING_WHEEL_ECU\V2\Open CASCADE STEP translator 7.5 37
! SUMMARY-   
! SUMMARY-  Summary of Unigraphics Part Entities
! SUMMARY-   
! SUMMARY-  Entities Processed             Count
! SUMMARY-  ------------------             -----
! SUMMARY-  Solid/Sheet .................:     1
! SUMMARY-                                 -----
! SUMMARY-  Total                              1
! STATUS-   Creating the UG part (Phase 3 of 3): 21-DEC-2025  7:15:42 PM
! INFO-     Filing Part ..: C:\Users\Trololololol\Documents\Projects\0_BRZ_PARENT\0_BRZ_CAD\4_ECU_ENCLOSURES\6_STEERING_WHEEL_ECU\V2\Open CASCADE STEP translator 7.5 36
! SUMMARY-   
! SUMMARY-  Summary of Unigraphics Part Entities
! SUMMARY-   
! SUMMARY-  Entities Processed             Count
! SUMMARY-  ------------------             -----
! SUMMARY-  Solid/Sheet .................:     1
! SUMMARY-                                 -----
! SUMMARY-  Total                              1
! STATUS-   Creating the UG part (Phase 3 of 3): 21-DEC-2025  7:15:42 PM
! INFO-     Filing Part ..: C:\Users\Trololololol\Documents\Projects\0_BRZ_PARENT\0_BRZ_CAD\4_ECU_ENCLOSURES\6_STEERING_WHEEL_ECU\V2\Open CASCADE STEP translator 7.5 35
! SUMMARY-   
! SUMMARY-  Summary of Unigraphics Part Entities
! SUMMARY-   
! SUMMARY-  Entities Processed             Count
! SUMMARY-  ------------------             -----
! SUMMARY-  Solid/Sheet .................:     1
! SUMMARY-                                 -----
! SUMMARY-  Total                              1
! STATUS-   Creating the UG part (Phase 3 of 3): 21-DEC-2025  7:15:42 PM
! INFO-     Filing Part ..: C:\Users\Trololololol\Documents\Projects\0_BRZ_PARENT\0_BRZ_CAD\4_ECU_ENCLOSURES\6_STEERING_WHEEL_ECU\V2\Open CASCADE STEP translator 7.5 34
! SUMMARY-   
! SUMMARY-  Summary of Unigraphics Part Entities
! SUMMARY-   
! SUMMARY-  Entities Processed             Count
! SUMMARY-  ------------------             -----
! SUMMARY-  Solid/Sheet .................:     1
! SUMMARY-                                 -----
! SUMMARY-  Total                              1
! STATUS-   Creating the UG part (Phase 3 of 3): 21-DEC-2025  7:15:42 PM
! INFO-     Filing Part ..: C:\Users\Trololololol\Documents\Projects\0_BRZ_PARENT\0_BRZ_CAD\4_ECU_ENCLOSURES\6_STEERING_WHEEL_ECU\V2\Open CASCADE STEP translator 7.5 33
! SUMMARY-   
! SUMMARY-  Summary of Unigraphics Part Entities
! SUMMARY-   
! SUMMARY-  Entities Processed             Count
! SUMMARY-  ------------------             -----
! SUMMARY-  Solid/Sheet .................:     1
! SUMMARY-                                 -----
! SUMMARY-  Total                              1
! STATUS-   Creating the UG part (Phase 3 of 3): 21-DEC-2025  7:15:42 PM
! INFO-     Filing Part ..: C:\Users\Trololololol\Documents\Projects\0_BRZ_PARENT\0_BRZ_CAD\4_ECU_ENCLOSURES\6_STEERING_WHEEL_ECU\V2\Open CASCADE STEP translator 7.5 32
! SUMMARY-   
! SUMMARY-  Summary of Unigraphics Part Entities
! SUMMARY-   
! SUMMARY-  Entities Processed             Count
! SUMMARY-  ------------------             -----
! SUMMARY-  Solid/Sheet .................:     1
! SUMMARY-                                 -----
! SUMMARY-  Total                              1
! STATUS-   Creating the UG part (Phase 3 of 3): 21-DEC-2025  7:15:42 PM
! INFO-     Filing Part ..: C:\Users\Trololololol\Documents\Projects\0_BRZ_PARENT\0_BRZ_CAD\4_ECU_ENCLOSURES\6_STEERING_WHEEL_ECU\V2\Open CASCADE STEP translator 7.5 31
! SUMMARY-   
! SUMMARY-  Summary of Unigraphics Part Entities
! SUMMARY-   
! SUMMARY-  Entities Processed             Count
! SUMMARY-  ------------------             -----
! SUMMARY-  Solid/Sheet .................:     1
! SUMMARY-                                 -----
! SUMMARY-  Total                              1
! STATUS-   Creating the UG part (Phase 3 of 3): 21-DEC-2025  7:15:42 PM
! INFO-     Filing Part ..: C:\Users\Trololololol\Documents\Projects\0_BRZ_PARENT\0_BRZ_CAD\4_ECU_ENCLOSURES\6_STEERING_WHEEL_ECU\V2\Open CASCADE STEP translator 7.5 30
! SUMMARY-   
! SUMMARY-  Summary of Unigraphics Part Entities
! SUMMARY-   
! SUMMARY-  Entities Processed             Count
! SUMMARY-  ------------------             -----
! SUMMARY-  Solid/Sheet .................:     1
! SUMMARY-                                 -----
! SUMMARY-  Total                              1
! STATUS-   Creating the UG part (Phase 3 of 3): 21-DEC-2025  7:15:42 PM
! INFO-     Filing Part ..: C:\Users\Trololololol\Documents\Projects\0_BRZ_PARENT\0_BRZ_CAD\4_ECU_ENCLOSURES\6_STEERING_WHEEL_ECU\V2\Open CASCADE STEP translator 7.5 29
! SUMMARY-   
! SUMMARY-  Summary of Unigraphics Part Entities
! SUMMARY-   
! SUMMARY-  Entities Processed             Count
! SUMMARY-  ------------------             -----
! SUMMARY-  Solid/Sheet .................:     1
! SUMMARY-                                 -----
! SUMMARY-  Total                              1
! STATUS-   Creating the UG part (Phase 3 of 3): 21-DEC-2025  7:15:42 PM
! INFO-     Filing Part ..: C:\Users\Trololololol\Documents\Projects\0_BRZ_PARENT\0_BRZ_CAD\4_ECU_ENCLOSURES\6_STEERING_WHEEL_ECU\V2\Open CASCADE STEP translator 7.5 28
! SUMMARY-   
! SUMMARY-  Summary of Unigraphics Part Entities
! SUMMARY-   
! SUMMARY-  Entities Processed             Count
! SUMMARY-  ------------------             -----
! SUMMARY-  Solid/Sheet .................:     1
! SUMMARY-                                 -----
! SUMMARY-  Total                              1
! STATUS-   Creating the UG part (Phase 3 of 3): 21-DEC-2025  7:15:42 PM
! INFO-     Filing Part ..: C:\Users\Trololololol\Documents\Projects\0_BRZ_PARENT\0_BRZ_CAD\4_ECU_ENCLOSURES\6_STEERING_WHEEL_ECU\V2\Open CASCADE STEP translator 7.5 27
! SUMMARY-   
! SUMMARY-  Summary of Unigraphics Part Entities
! SUMMARY-   
! SUMMARY-  Entities Processed             Count
! SUMMARY-  ------------------             -----
! SUMMARY-  Solid/Sheet .................:     1
! SUMMARY-                                 -----
! SUMMARY-  Total                              1
! STATUS-   Creating the UG part (Phase 3 of 3): 21-DEC-2025  7:15:43 PM
! INFO-     Filing Part ..: C:\Users\Trololololol\Documents\Projects\0_BRZ_PARENT\0_BRZ_CAD\4_ECU_ENCLOSURES\6_STEERING_WHEEL_ECU\V2\Open CASCADE STEP translator 7.5 26
! SUMMARY-   
! SUMMARY-  Summary of Unigraphics Part Entities
! SUMMARY-   
! SUMMARY-  Entities Processed             Count
! SUMMARY-  ------------------             -----
! SUMMARY-  Solid/Sheet .................:     1
! SUMMARY-                                 -----
! SUMMARY-  Total                              1
! STATUS-   Creating the UG part (Phase 3 of 3): 21-DEC-2025  7:15:43 PM
! INFO-     Filing Part ..: C:\Users\Trololololol\Documents\Projects\0_BRZ_PARENT\0_BRZ_CAD\4_ECU_ENCLOSURES\6_STEERING_WHEEL_ECU\V2\Open CASCADE STEP translator 7.5 25
! SUMMARY-   
! SUMMARY-  Summary of Unigraphics Part Entities
! SUMMARY-   
! SUMMARY-  Entities Processed             Count
! SUMMARY-  ------------------             -----
! SUMMARY-  Solid/Sheet .................:     1
! SUMMARY-                                 -----
! SUMMARY-  Total                              1
! STATUS-   Creating the UG part (Phase 3 of 3): 21-DEC-2025  7:15:43 PM
! INFO-     Filing Part ..: C:\Users\Trololololol\Documents\Projects\0_BRZ_PARENT\0_BRZ_CAD\4_ECU_ENCLOSURES\6_STEERING_WHEEL_ECU\V2\Open CASCADE STEP translator 7.5 24
! SUMMARY-   
! SUMMARY-  Summary of Unigraphics Part Entities
! SUMMARY-   
! SUMMARY-  Entities Processed             Count
! SUMMARY-  ------------------             -----
! SUMMARY-  Solid/Sheet .................:     1
! SUMMARY-                                 -----
! SUMMARY-  Total                              1
! STATUS-   Creating the UG part (Phase 3 of 3): 21-DEC-2025  7:15:43 PM
! INFO-     Filing Part ..: C:\Users\Trololololol\Documents\Projects\0_BRZ_PARENT\0_BRZ_CAD\4_ECU_ENCLOSURES\6_STEERING_WHEEL_ECU\V2\Open CASCADE STEP translator 7.5 23
! SUMMARY-   
! SUMMARY-  Summary of Unigraphics Part Entities
! SUMMARY-   
! SUMMARY-  Entities Processed             Count
! SUMMARY-  ------------------             -----
! SUMMARY-  Solid/Sheet .................:     1
! SUMMARY-                                 -----
! SUMMARY-  Total                              1
! STATUS-   Creating the UG part (Phase 3 of 3): 21-DEC-2025  7:15:43 PM
! INFO-     Filing Part ..: C:\Users\Trololololol\Documents\Projects\0_BRZ_PARENT\0_BRZ_CAD\4_ECU_ENCLOSURES\6_STEERING_WHEEL_ECU\V2\Open CASCADE STEP translator 7.5 22
! SUMMARY-   
! SUMMARY-  Summary of Unigraphics Part Entities
! SUMMARY-   
! SUMMARY-  Entities Processed             Count
! SUMMARY-  ------------------             -----
! SUMMARY-  Solid/Sheet .................:     1
! SUMMARY-                                 -----
! SUMMARY-  Total                              1
! STATUS-   Creating the UG part (Phase 3 of 3): 21-DEC-2025  7:15:43 PM
! INFO-     Filing Part ..: C:\Users\Trololololol\Documents\Projects\0_BRZ_PARENT\0_BRZ_CAD\4_ECU_ENCLOSURES\6_STEERING_WHEEL_ECU\V2\Open CASCADE STEP translator 7.5 21
! SUMMARY-   
! SUMMARY-  Summary of Unigraphics Part Entities
! SUMMARY-   
! SUMMARY-  Entities Processed             Count
! SUMMARY-  ------------------             -----
! SUMMARY-  Solid/Sheet .................:     1
! SUMMARY-                                 -----
! SUMMARY-  Total                              1
! STATUS-   Creating the UG part (Phase 3 of 3): 21-DEC-2025  7:15:43 PM
! INFO-     Filing Part ..: C:\Users\Trololololol\Documents\Projects\0_BRZ_PARENT\0_BRZ_CAD\4_ECU_ENCLOSURES\6_STEERING_WHEEL_ECU\V2\Open CASCADE STEP translator 7.5 20
! SUMMARY-   
! SUMMARY-  Summary of Unigraphics Part Entities
! SUMMARY-   
! SUMMARY-  Entities Processed             Count
! SUMMARY-  ------------------             -----
! SUMMARY-  Solid/Sheet .................:     1
! SUMMARY-                                 -----
! SUMMARY-  Total                              1
! STATUS-   Creating the UG part (Phase 3 of 3): 21-DEC-2025  7:15:43 PM
! INFO-     Filing Part ..: C:\Users\Trololololol\Documents\Projects\0_BRZ_PARENT\0_BRZ_CAD\4_ECU_ENCLOSURES\6_STEERING_WHEEL_ECU\V2\Open CASCADE STEP translator 7.5 19
! SUMMARY-   
! SUMMARY-  Summary of Unigraphics Part Entities
! SUMMARY-   
! SUMMARY-  Entities Processed             Count
! SUMMARY-  ------------------             -----
! SUMMARY-  Solid/Sheet .................:     1
! SUMMARY-                                 -----
! SUMMARY-  Total                              1
! STATUS-   Creating the UG part (Phase 3 of 3): 21-DEC-2025  7:15:43 PM
! INFO-     Filing Part ..: C:\Users\Trololololol\Documents\Projects\0_BRZ_PARENT\0_BRZ_CAD\4_ECU_ENCLOSURES\6_STEERING_WHEEL_ECU\V2\Open CASCADE STEP translator 7.5 18
! SUMMARY-   
! SUMMARY-  Summary of Unigraphics Part Entities
! SUMMARY-   
! SUMMARY-  Entities Processed             Count
! SUMMARY-  ------------------             -----
! SUMMARY-  Solid/Sheet .................:     1
! SUMMARY-                                 -----
! SUMMARY-  Total                              1
! STATUS-   Creating the UG part (Phase 3 of 3): 21-DEC-2025  7:15:43 PM
! INFO-     Filing Part ..: C:\Users\Trololololol\Documents\Projects\0_BRZ_PARENT\0_BRZ_CAD\4_ECU_ENCLOSURES\6_STEERING_WHEEL_ECU\V2\Open CASCADE STEP translator 7.5 17
! SUMMARY-   
! SUMMARY-  Summary of Unigraphics Part Entities
! SUMMARY-   
! SUMMARY-  Entities Processed             Count
! SUMMARY-  ------------------             -----
! SUMMARY-  Solid/Sheet .................:     1
! SUMMARY-                                 -----
! SUMMARY-  Total                              1
! STATUS-   Creating the UG part (Phase 3 of 3): 21-DEC-2025  7:15:43 PM
! INFO-     Filing Part ..: C:\Users\Trololololol\Documents\Projects\0_BRZ_PARENT\0_BRZ_CAD\4_ECU_ENCLOSURES\6_STEERING_WHEEL_ECU\V2\Open CASCADE STEP translator 7.5 16
! SUMMARY-   
! SUMMARY-  Summary of Unigraphics Part Entities
! SUMMARY-   
! SUMMARY-  Entities Processed             Count
! SUMMARY-  ------------------             -----
! SUMMARY-  Solid/Sheet .................:     1
! SUMMARY-                                 -----
! SUMMARY-  Total                              1
! STATUS-   Creating the UG part (Phase 3 of 3): 21-DEC-2025  7:15:43 PM
! INFO-     Filing Part ..: C:\Users\Trololololol\Documents\Projects\0_BRZ_PARENT\0_BRZ_CAD\4_ECU_ENCLOSURES\6_STEERING_WHEEL_ECU\V2\Open CASCADE STEP translator 7.5 15
! SUMMARY-   
! SUMMARY-  Summary of Unigraphics Part Entities
! SUMMARY-   
! SUMMARY-  Entities Processed             Count
! SUMMARY-  ------------------             -----
! SUMMARY-  Solid/Sheet .................:     1
! SUMMARY-                                 -----
! SUMMARY-  Total                              1
! STATUS-   Creating the UG part (Phase 3 of 3): 21-DEC-2025  7:15:43 PM
! INFO-     Filing Part ..: C:\Users\Trololololol\Documents\Projects\0_BRZ_PARENT\0_BRZ_CAD\4_ECU_ENCLOSURES\6_STEERING_WHEEL_ECU\V2\Open CASCADE STEP translator 7.5 14
! SUMMARY-   
! SUMMARY-  Summary of Unigraphics Part Entities
! SUMMARY-   
! SUMMARY-  Entities Processed             Count
! SUMMARY-  ------------------             -----
! SUMMARY-  Solid/Sheet .................:     1
! SUMMARY-                                 -----
! SUMMARY-  Total                              1
! STATUS-   Creating the UG part (Phase 3 of 3): 21-DEC-2025  7:15:43 PM
! INFO-     Filing Part ..: C:\Users\Trololololol\Documents\Projects\0_BRZ_PARENT\0_BRZ_CAD\4_ECU_ENCLOSURES\6_STEERING_WHEEL_ECU\V2\Open CASCADE STEP translator 7.5 13
! SUMMARY-   
! SUMMARY-  Summary of Unigraphics Part Entities
! SUMMARY-   
! SUMMARY-  Entities Processed             Count
! SUMMARY-  ------------------             -----
! SUMMARY-  Solid/Sheet .................:     1
! SUMMARY-                                 -----
! SUMMARY-  Total                              1
! STATUS-   Creating the UG part (Phase 3 of 3): 21-DEC-2025  7:15:43 PM
! INFO-     Filing Part ..: C:\Users\Trololololol\Documents\Projects\0_BRZ_PARENT\0_BRZ_CAD\4_ECU_ENCLOSURES\6_STEERING_WHEEL_ECU\V2\Open CASCADE STEP translator 7.5 12
! SUMMARY-   
! SUMMARY-  Summary of Unigraphics Part Entities
! SUMMARY-   
! SUMMARY-  Entities Processed             Count
! SUMMARY-  ------------------             -----
! SUMMARY-  Solid/Sheet .................:     1
! SUMMARY-                                 -----
! SUMMARY-  Total                              1
! STATUS-   Creating the UG part (Phase 3 of 3): 21-DEC-2025  7:15:43 PM
! INFO-     Filing Part ..: C:\Users\Trololololol\Documents\Projects\0_BRZ_PARENT\0_BRZ_CAD\4_ECU_ENCLOSURES\6_STEERING_WHEEL_ECU\V2\Open CASCADE STEP translator 7.5 11
! SUMMARY-   
! SUMMARY-  Summary of Unigraphics Part Entities
! SUMMARY-   
! SUMMARY-  Entities Processed             Count
! SUMMARY-  ------------------             -----
! SUMMARY-  Solid/Sheet .................:     1
! SUMMARY-                                 -----
! SUMMARY-  Total                              1
! STATUS-   Creating the UG part (Phase 3 of 3): 21-DEC-2025  7:15:43 PM
! INFO-     Filing Part ..: C:\Users\Trololololol\Documents\Projects\0_BRZ_PARENT\0_BRZ_CAD\4_ECU_ENCLOSURES\6_STEERING_WHEEL_ECU\V2\Open CASCADE STEP translator 7.5 10
! SUMMARY-   
! SUMMARY-  Summary of Unigraphics Part Entities
! SUMMARY-   
! SUMMARY-  Entities Processed             Count
! SUMMARY-  ------------------             -----
! SUMMARY-  Solid/Sheet .................:     1
! SUMMARY-                                 -----
! SUMMARY-  Total                              1
! STATUS-   Creating the UG part (Phase 3 of 3): 21-DEC-2025  7:15:43 PM
! INFO-     Filing Part ..: C:\Users\Trololololol\Documents\Projects\0_BRZ_PARENT\0_BRZ_CAD\4_ECU_ENCLOSURES\6_STEERING_WHEEL_ECU\V2\Open CASCADE STEP translator 7.5 9
! SUMMARY-   
! SUMMARY-  Summary of Unigraphics Part Entities
! SUMMARY-   
! SUMMARY-  Entities Processed             Count
! SUMMARY-  ------------------             -----
! SUMMARY-  Solid/Sheet .................:     1
! SUMMARY-                                 -----
! SUMMARY-  Total                              1
! STATUS-   Creating the UG part (Phase 3 of 3): 21-DEC-2025  7:15:43 PM
! INFO-     Filing Part ..: C:\Users\Trololololol\Documents\Projects\0_BRZ_PARENT\0_BRZ_CAD\4_ECU_ENCLOSURES\6_STEERING_WHEEL_ECU\V2\Open CASCADE STEP translator 7.5 8
! SUMMARY-   
! SUMMARY-  Summary of Unigraphics Part Entities
! SUMMARY-   
! SUMMARY-  Entities Processed             Count
! SUMMARY-  ------------------             -----
! SUMMARY-  Solid/Sheet .................:     1
! SUMMARY-                                 -----
! SUMMARY-  Total                              1
! STATUS-   Creating the UG part (Phase 3 of 3): 21-DEC-2025  7:15:44 PM
! INFO-     Filing Part ..: C:\Users\Trololololol\Documents\Projects\0_BRZ_PARENT\0_BRZ_CAD\4_ECU_ENCLOSURES\6_STEERING_WHEEL_ECU\V2\Open CASCADE STEP translator 7.5 7
! SUMMARY-   
! SUMMARY-  Summary of Unigraphics Part Entities
! SUMMARY-   
! SUMMARY-  Entities Processed             Count
! SUMMARY-  ------------------             -----
! SUMMARY-  Solid/Sheet .................:     1
! SUMMARY-                                 -----
! SUMMARY-  Total                              1
! STATUS-   Creating the UG part (Phase 3 of 3): 21-DEC-2025  7:15:44 PM
! INFO-     Filing Part ..: C:\Users\Trololololol\Documents\Projects\0_BRZ_PARENT\0_BRZ_CAD\4_ECU_ENCLOSURES\6_STEERING_WHEEL_ECU\V2\Open CASCADE STEP translator 7.5 6
! SUMMARY-   
! SUMMARY-  Summary of Unigraphics Part Entities
! SUMMARY-   
! SUMMARY-  Entities Processed             Count
! SUMMARY-  ------------------             -----
! SUMMARY-  Solid/Sheet .................:     1
! SUMMARY-                                 -----
! SUMMARY-  Total                              1
! STATUS-   Creating the UG part (Phase 3 of 3): 21-DEC-2025  7:15:44 PM
! INFO-     Filing Part ..: C:\Users\Trololololol\Documents\Projects\0_BRZ_PARENT\0_BRZ_CAD\4_ECU_ENCLOSURES\6_STEERING_WHEEL_ECU\V2\Open CASCADE STEP translator 7.5 5
! SUMMARY-   
! SUMMARY-  Summary of Unigraphics Part Entities
! SUMMARY-   
! SUMMARY-  Entities Processed             Count
! SUMMARY-  ------------------             -----
! SUMMARY-  Solid/Sheet .................:     1
! SUMMARY-                                 -----
! SUMMARY-  Total                              1
! STATUS-   Creating the UG part (Phase 3 of 3): 21-DEC-2025  7:15:44 PM
! INFO-     Filing Part ..: C:\Users\Trololololol\Documents\Projects\0_BRZ_PARENT\0_BRZ_CAD\4_ECU_ENCLOSURES\6_STEERING_WHEEL_ECU\V2\Open CASCADE STEP translator 7.5 4
! SUMMARY-   
! SUMMARY-  Summary of Unigraphics Part Entities
! SUMMARY-   
! SUMMARY-  Entities Processed             Count
! SUMMARY-  ------------------             -----
! SUMMARY-  Solid/Sheet .................:     1
! SUMMARY-                                 -----
! SUMMARY-  Total                              1
! STATUS-   Creating the UG part (Phase 3 of 3): 21-DEC-2025  7:15:44 PM
! INFO-     Filing Part ..: C:\Users\Trololololol\Documents\Projects\0_BRZ_PARENT\0_BRZ_CAD\4_ECU_ENCLOSURES\6_STEERING_WHEEL_ECU\V2\Open CASCADE STEP translator 7.5 3
! SUMMARY-   
! SUMMARY-  Summary of Unigraphics Part Entities
! SUMMARY-   
! SUMMARY-  Entities Processed             Count
! SUMMARY-  ------------------             -----
! SUMMARY-  Solid/Sheet .................:     1
! SUMMARY-                                 -----
! SUMMARY-  Total                              1
! STATUS-   Creating the UG part (Phase 3 of 3): 21-DEC-2025  7:15:44 PM
! INFO-     Filing Part ..: C:\Users\Trololololol\Documents\Projects\0_BRZ_PARENT\0_BRZ_CAD\4_ECU_ENCLOSURES\6_STEERING_WHEEL_ECU\V2\Open CASCADE STEP translator 7.5 2
! SUMMARY-   
! SUMMARY-  Summary of Unigraphics Part Entities
! SUMMARY-   
! SUMMARY-  Entities Processed             Count
! SUMMARY-  ------------------             -----
! SUMMARY-  Solid/Sheet .................:     1
! SUMMARY-                                 -----
! SUMMARY-  Total                              1
! STATUS-   Creating the UG part (Phase 3 of 3): 21-DEC-2025  7:15:44 PM
! INFO-     Filing Part ..: C:\Users\Trololololol\Documents\Projects\0_BRZ_PARENT\0_BRZ_CAD\4_ECU_ENCLOSURES\6_STEERING_WHEEL_ECU\V2\Open CASCADE STEP translator 7.5 1
! SUMMARY-   
! SUMMARY-  Summary of Unigraphics Part Entities
! SUMMARY-   
! SUMMARY-  Entities Processed             Count
! SUMMARY-  ------------------             -----
! SUMMARY-  Solid/Sheet .................:     1
! SUMMARY-                                 -----
! SUMMARY-  Total                              1
! STATUS-   Creating the UG part (Phase 3 of 3): 21-DEC-2025  7:15:44 PM
! INFO-     Filing Part ..: C:\Users\Trololololol\Documents\Projects\0_BRZ_PARENT\0_BRZ_CAD\4_ECU_ENCLOSURES\6_STEERING_WHEEL_ECU\V2\STEERING_WHEEL_SWITCHES_V2_CONTROLLER.prt
! SUMMARY-   
! SUMMARY-  Summary of Unigraphics Part Entities
! SUMMARY-   
! SUMMARY-  Entities Processed             Count
! SUMMARY-  ------------------             -----
! SUMMARY-                                 -----
! SUMMARY-  Total                              0
! INFO-      
! INFO-     Total number of solids input for this translation       :      1074
! INFO-      
! INFO-     Number of solids created without body validation faults :      1074
! INFO-      
! INFO-     Number of solids created with body validation fault(s)  :         0
! INFO-      
! INFO-     Number of solids ending up as sheet bodies              :         0
! INFO-      
! INFO-     End of Translation: 21-DEC-2025  7:16:35 PM
! INFO-      
